Time,Wind_Speed,Pressure,Rainfall,PM25,AOD,Cyclone,Cyclone_Phase,Phase_Number,PM25_Next_Hour,Hour,Day,DayOfYear,Hour_Sin,Hour_Cos,PM25_Lag1,PM25_Lag2,PM25_Lag3,AOD_Lag1,AOD_Lag2,AOD_Lag3,Wind_Speed_Lag1,Wind_Speed_Lag2,Wind_Speed_Lag3,Pressure_Lag1,Pressure_Lag2,Pressure_Lag3,Rainfall_Lag1,Rainfall_Lag2,Rainfall_Lag3,PM25_Rolling_Mean_3H,PM25_Rolling_Std_3H,PM25_Rolling_Mean_6H
2017-12-01 06:30:00,6.9133587,1010.7321,0.000643374,34.8712769,0.321571469,Ockhi,Phase 1,1,33.9649429,6,1,335,1.0,6.123233995736766e-17,34.7387352,38.0517578,41.3612976,0.281544268,0.282068133,0.283166021,6.954289,6.9479775,6.8867383,1011.3464,1011.3904,1010.9025,0.000662611,0.000665165,0.000657883,38.050596866666666,3.311281352633465,39.69626553333333
2017-12-01 07:30:00,6.8284483,1009.679,0.000621855,33.9649429,0.31964016,Ockhi,Phase 1,1,33.3747978,7,1,335,0.9659258262890684,-0.258819045,34.8712769,34.7387352,38.0517578,0.321571469,0.281544268,0.282068133,6.9133587,6.954289,6.9479775,1010.7321,1011.3464,1011.3904,0.000643374,0.000662611,0.000665165,35.88725663333333,1.8756840887888764,38.61802101666667
2017-12-01 08:30:00,6.7405486,1008.62375,0.000606811,33.3747978,0.319381058,Ockhi,Phase 1,1,35.7075272,8,1,335,0.8660254037844387,-0.5,33.9649429,34.8712769,34.7387352,0.31964016,0.321571469,0.281544268,6.8284483,6.9133587,6.954289,1009.679,1010.7321,1011.3464,0.000621855,0.000643374,0.000662611,34.524984999999994,0.4895173039730458,37.40904871666667
2017-12-01 09:30:00,6.6447268,1007.7663,0.000565579,35.7075272,0.351565212,Ockhi,Phase 1,1,35.8021431,9,1,335,0.7071067811865476,-0.707106781,33.3747978,33.9649429,34.8712769,0.319381058,0.31964016,0.321571469,6.7405486,6.8284483,6.9133587,1008.62375,1009.679,1010.7321,0.000606811,0.000621855,0.000643374,34.0703392,0.7537862490285074,36.060468033333336
2017-12-01 10:30:00,6.2100897,1007.1417,0.000546389,35.8021431,0.349453479,Ockhi,Phase 1,1,37.6116638,10,1,335,0.4999999999999999,-0.866025404,35.7075272,33.3747978,33.9649429,0.351565212,0.319381058,0.31964016,6.6447268,6.7405486,6.8284483,1007.7663,1008.62375,1009.679,0.000565579,0.000606811,0.000621855,34.3490893,1.2128820865528576,35.11817296666667
2017-12-01 11:30:00,6.2698336,1007.3045,0.000516806,37.6116638,0.348441482,Ockhi,Phase 1,1,38.8955002,11,1,335,0.258819045,-0.965925826,35.8021431,35.7075272,33.3747978,0.349453479,0.351565212,0.319381058,6.2100897,6.6447268,6.7405486,1007.1417,1007.7663,1008.62375,0.000546389,0.000565579,0.000606811,34.96148936666666,1.3749293210676496,34.743237183333335
2017-12-01 12:30:00,6.2263308,1007.6802,0.000498287,38.8955002,0.346499413,Ockhi,Phase 1,1,40.26474,12,1,335,1.2246467991473532e-16,-1.0,37.6116638,35.8021431,35.7075272,0.348441482,0.349453479,0.351565212,6.2698336,6.2100897,6.6447268,1007.3045,1007.1417,1007.7663,0.000516806,0.000546389,0.000565579,36.37377803333334,1.0730838367155402,35.222058616666665
2017-12-01 13:30:00,6.280068,1008.26984,0.000494551,40.26474,0.345597684,Ockhi,Phase 1,1,41.7665024,13,1,335,-0.258819045,-0.965925826,38.8955002,37.6116638,35.8021431,0.346499413,0.348441482,0.349453479,6.2263308,6.2698336,6.2100897,1007.6802,1007.3045,1007.1417,0.000498287,0.000516806,0.000546389,37.4364357,1.5541052738802157,35.8927625
2017-12-01 14:30:00,6.352105,1009.0678,0.000491629,41.7665024,0.347249895,Ockhi,Phase 1,1,42.8624954,14,1,335,-0.5,-0.866025404,40.26474,38.8955002,37.6116638,0.345597684,0.346499413,0.348441482,6.280068,6.2263308,6.2698336,1008.26984,1007.6802,1007.3045,0.000494551,0.000498287,0.000516806,38.923968,1.3267671771939542,36.942728683333335
2017-12-01 15:30:00,6.4033775,1009.80875,0.000487922,42.8624954,0.351255625,Ockhi,Phase 1,1,43.3726311,15,1,335,-0.707106781,-0.707106781,41.7665024,40.26474,38.8955002,0.347249895,0.345597684,0.346499413,6.352105,6.280068,6.2263308,1009.0678,1008.26984,1007.6802,0.000491629,0.000494551,0.000498287,40.3089142,1.4360107687828718,38.34134611666666
2017-12-01 16:30:00,6.4243517,1010.3899,0.000487714,43.3726311,0.353464484,Ockhi,Phase 1,1,43.4022141,16,1,335,-0.866025404,-0.5,42.8624954,41.7665024,40.26474,0.351255625,0.347249895,0.345597684,6.4033775,6.352105,6.280068,1009.80875,1009.0678,1008.26984,0.000487922,0.000491629,0.000494551,41.63124593333333,1.3041487696534302,39.53384081666667
2017-12-01 17:30:00,6.432922,1010.45414,0.000473117,43.4022141,0.358652472,Ockhi,Phase 1,1,43.1129341,17,1,335,-0.965925826,-0.258819045,43.3726311,42.8624954,41.7665024,0.353464484,0.351255625,0.347249895,6.4243517,6.4033775,6.352105,1010.3899,1009.80875,1009.0678,0.000487714,0.000487922,0.000491629,42.667209633333336,0.8206794430456752,40.79558881666667
2017-12-01 18:30:00,6.4333463,1010.205,0.000477075,43.1129341,0.364665955,Ockhi,Phase 1,1,42.576828,18,1,335,-1.0,-1.84e-16,43.4022141,43.3726311,42.8624954,0.358652472,0.353464484,0.351255625,6.432922,6.4243517,6.4033775,1010.45414,1010.3899,1009.80875,0.000473117,0.000487714,0.000487922,43.212446866666674,0.3034276029611624,41.760680533333336
2017-12-01 19:30:00,6.4537463,1009.6641,0.000560869,42.576828,0.368233532,Ockhi,Phase 1,1,42.2358856,19,1,335,-0.965925826,0.2588190451025203,43.1129341,43.4022141,43.3726311,0.364665955,0.358652472,0.353464484,6.4333463,6.432922,6.4243517,1010.205,1010.45414,1010.3899,0.000477075,0.000473117,0.000487714,43.295926433333335,0.1591648014362086,42.46358618333333
2017-12-01 20:30:00,6.4973893,1009.1639,0.000580027,42.2358856,0.372805119,Ockhi,Phase 1,1,41.8217583,20,1,335,-0.866025404,0.5000000000000001,42.576828,43.1129341,43.4022141,0.368233532,0.364665955,0.358652472,6.4537463,6.4333463,6.432922,1009.6641,1010.205,1010.45414,0.000560869,0.000477075,0.000473117,43.030658733333325,0.4187988544496008,42.84893418333333
2017-12-01 21:30:00,6.541531,1008.7648,0.000585849,41.8217583,0.375926316,Ockhi,Phase 1,1,41.1513824,21,1,335,-0.707106781,0.7071067811865474,42.2358856,42.576828,43.1129341,0.372805119,0.368233532,0.364665955,6.4973893,6.4537463,6.4333463,1009.1639,1009.6641,1010.205,0.000580027,0.000560869,0.000477075,42.641882566666666,0.442128477,42.927164716666674
2017-12-01 22:30:00,6.552076,1008.5459,0.000591558,41.1513824,0.3785685,Ockhi,Phase 1,1,40.7308922,22,1,335,-0.5,0.8660254037844384,41.8217583,42.2358856,42.576828,0.375926316,0.372805119,0.368233532,6.541531,6.4973893,6.4537463,1008.7648,1009.1639,1009.6641,0.000585849,0.000580027,0.000560869,42.21149063333333,0.3781255066289705,42.75370853333334
2017-12-01 23:30:00,6.6717286,1008.6481,0.000576822,40.7308922,0.376888037,Ockhi,Phase 1,1,39.9089165,23,1,335,-0.258819045,0.965925826289068,41.1513824,41.8217583,42.2358856,0.3785685,0.375926316,0.372805119,6.552076,6.541531,6.4973893,1008.5459,1008.7648,1009.1639,0.000591558,0.000585849,0.000580027,41.7363421,0.5472739196410533,42.38350041666666
2017-12-02 00:30:00,6.7564425,1008.9932,0.000547855,39.9089165,0.374629438,Ockhi,Phase 1,1,39.876194,0,2,336,0.0,1.0,40.7308922,41.1513824,41.8217583,0.376888037,0.3785685,0.375926316,6.6717286,6.552076,6.541531,1008.6481,1008.5459,1008.7648,0.000576822,0.000591558,0.000585849,41.23467763333333,0.5501825005888819,41.93828010000001
2017-12-02 01:30:00,6.8144836,1009.635,0.000533454,39.876194,0.376805514,Ockhi,Phase 1,1,39.2735558,1,2,336,0.2588190451025207,0.9659258262890684,39.9089165,40.7308922,41.1513824,0.374629438,0.376888037,0.3785685,6.7564425,6.6717286,6.552076,1008.9932,1008.6481,1008.5459,0.000547855,0.000576822,0.000591558,40.5970637,0.6319516822707144,41.40427716666667
2017-12-02 02:30:00,6.9283466,1010.4163,0.000502368,39.2735558,0.373843759,Ockhi,Phase 1,1,39.1485672,2,2,336,0.4999999999999999,0.8660254037844387,39.876194,39.9089165,40.7308922,0.376805514,0.374629438,0.376888037,6.8144836,6.7564425,6.6717286,1009.635,1008.9932,1008.6481,0.000533454,0.000547855,0.000576822,40.1720009,0.4842905165427312,40.9541715
2017-12-02 03:30:00,7.043031,1011.3811,0.000480963,39.1485672,0.367495954,Ockhi,Phase 1,1,36.2633171,3,2,336,0.7071067811865475,0.7071067811865476,39.2735558,39.876194,39.9089165,0.373843759,0.376805514,0.374629438,6.9283466,6.8144836,6.7564425,1010.4163,1009.635,1008.9932,0.000502368,0.000533454,0.000547855,39.6862221,0.3577538215983563,40.46044986666666
2017-12-02 04:30:00,7.1333966,1012.0642,0.000454421,36.2633171,0.364269584,Ockhi,Phase 1,1,34.5564003,4,2,336,0.8660254037844386,0.5000000000000001,39.1485672,39.2735558,39.876194,0.367495954,0.373843759,0.376805514,7.043031,6.9283466,6.8144836,1011.3811,1010.4163,1009.635,0.000480963,0.000502368,0.000533454,39.43277233333333,0.389066342,40.01491801666666
2017-12-02 05:30:00,7.154324,1012.0568,0.000441173,34.5564003,0.359193712,Ockhi,Phase 1,1,34.8996086,5,2,336,0.9659258262890684,0.2588190451025207,36.2633171,39.1485672,39.2735558,0.364269584,0.367495954,0.373843759,7.1333966,7.043031,6.9283466,1012.0642,1011.3811,1010.4163,0.000454421,0.000480963,0.000502368,38.22848003333333,1.7030280542148657,39.20024046666666
2017-12-02 06:30:00,7.099192,1011.5729,0.000419608,34.8996086,0.353862703,Ockhi,Phase 2,2,34.5169373,6,2,336,1.0,6.123233995736766e-17,34.5564003,36.2633171,39.1485672,0.359193712,0.364269584,0.367495954,7.154324,7.1333966,7.043031,1012.0568,1012.0642,1011.3811,0.000441173,0.000454421,0.000480963,36.65609486666667,2.321143035199386,38.17115848333333
2017-12-02 07:30:00,7.0232286,1010.7116,0.00045184,34.5169373,0.349236459,Ockhi,Phase 2,2,34.2794342,7,2,336,0.9659258262890684,-0.258819045,34.8996086,34.5564003,36.2633171,0.353862703,0.359193712,0.364269584,7.099192,7.154324,7.1333966,1011.5729,1012.0568,1012.0642,0.000419608,0.000441173,0.000454421,35.239775333333334,0.9028711399643772,37.33627383333334
2017-12-02 08:30:00,6.9423685,1009.6714,0.000448952,34.2794342,0.345629215,Ockhi,Phase 2,2,35.9043732,8,2,336,0.8660254037844387,-0.5,34.5169373,34.8996086,34.5564003,0.349236459,0.353862703,0.359193712,7.0232286,7.099192,7.154324,1010.7116,1011.5729,1012.0568,0.00045184,0.000419608,0.000441173,34.65764873333333,0.2104703420919134,36.443064383333336
2017-12-02 09:30:00,6.8937926,1008.757,0.000442753,35.9043732,0.372502416,Ockhi,Phase 2,2,35.7012253,9,2,336,0.7071067811865476,-0.707106781,34.2794342,34.5169373,34.8996086,0.345629215,0.349236459,0.353862703,6.9423685,7.0232286,7.099192,1009.6714,1010.7116,1011.5729,0.000448952,0.00045184,0.000419608,34.56532669999999,0.312906091548469,35.61071078333334
2017-12-02 10:30:00,6.932596,1008.1416,0.000424329,35.7012253,0.368864477,Ockhi,Phase 2,2,36.9070244,10,2,336,0.4999999999999999,-0.866025404,35.9043732,34.2794342,34.5169373,0.372502416,0.345629215,0.349236459,6.8937926,6.9423685,7.0232286,1008.757,1009.6714,1010.7116,0.000442753,0.000448952,0.00045184,34.900248233333336,0.8776685833160015,35.070011783333335
2017-12-02 11:30:00,6.8786206,1008.19664,0.000388088,36.9070244,0.367326587,Ockhi,Phase 2,2,37.7542763,11,2,336,0.258819045,-0.965925826,35.7012253,35.9043732,34.2794342,0.368864477,0.372502416,0.345629215,6.932596,6.8937926,6.9423685,1008.1416,1008.757,1009.6714,0.000424329,0.000442753,0.000448952,35.2950109,0.8853611085346837,34.97632981666667
2017-12-02 12:30:00,6.7735863,1008.5562,0.000376851,37.7542763,0.365258843,Ockhi,Phase 2,2,39.2361755,12,2,336,1.2246467991473532e-16,-1.0,36.9070244,35.7012253,35.9043732,0.367326587,0.368864477,0.372502416,6.8786206,6.932596,6.8937926,1008.19664,1008.1416,1008.757,0.000388088,0.000424329,0.000442753,36.1708743,0.6455656392777264,35.368100500000004
2017-12-02 13:30:00,6.7817583,1009.19375,0.000349705,39.2361755,0.362857163,Ockhi,Phase 2,2,40.5256615,13,2,336,-0.258819045,-0.965925826,37.7542763,36.9070244,35.7012253,0.365258843,0.367326587,0.368864477,6.7735863,6.8786206,6.932596,1008.5562,1008.19664,1008.1416,0.000376851,0.000388088,0.000424329,36.78750866666667,1.0317303960026702,35.84387845
2017-12-02 14:30:00,6.824607,1010.0714,0.000331875,40.5256615,0.360664964,Ockhi,Phase 2,2,40.8782959,14,2,336,-0.5,-0.866025404,39.2361755,37.7542763,36.9070244,0.362857163,0.365258843,0.367326587,6.7817583,6.7735863,6.8786206,1009.19375,1008.5562,1008.19664,0.000349705,0.000376851,0.000388088,37.9658254,1.1788982050799668,36.63041815
2017-12-02 15:30:00,6.841435,1010.88266,0.000306788,40.8782959,0.359666348,Ockhi,Phase 2,2,41.0566902,15,2,336,-0.707106781,-0.707106781,40.5256615,39.2361755,37.7542763,0.360664964,0.362857163,0.365258843,6.824607,6.7817583,6.7735863,1010.0714,1009.19375,1008.5562,0.000331875,0.000349705,0.000376851,39.17203776666667,1.3868054,37.671456033333335
2017-12-02 16:30:00,6.8136296,1011.4513,0.000292497,41.0566902,0.358176768,Ockhi,Phase 2,2,40.9702606,16,2,336,-0.866025404,-0.5,40.8782959,40.5256615,39.2361755,0.359666348,0.360664964,0.362857163,6.841435,6.824607,6.7817583,1010.88266,1010.0714,1009.19375,0.000306788,0.000331875,0.000349705,40.21337763333333,0.864454025,38.50044315
2017-12-02 17:30:00,6.755671,1011.6687,0.00027946,40.9702606,0.355534166,Ockhi,Phase 2,2,40.7471924,17,2,336,-0.965925826,-0.258819045,41.0566902,40.8782959,40.5256615,0.358176768,0.359666348,0.360664964,6.8136296,6.841435,6.824607,1011.4513,1010.88266,1010.0714,0.000292497,0.000306788,0.000331875,40.820215866666665,0.2702366328971087,39.39302063333333
2017-12-02 18:30:00,6.6773047,1011.466,0.000281794,40.7471924,0.35320121,Ockhi,Phase 2,2,40.3845673,18,2,336,-1.0,-1.84e-16,40.9702606,41.0566902,40.8782959,0.355534166,0.358176768,0.359666348,6.755671,6.8136296,6.841435,1011.6687,1011.4513,1010.88266,0.00027946,0.000292497,0.000306788,40.96841556666667,0.08921146,40.07022666666666
2017-12-02 19:30:00,6.624319,1010.8864,0.000348256,40.3845673,0.35153693,Ockhi,Phase 2,2,40.0999184,19,2,336,-0.965925826,0.2588190451025203,40.7471924,40.9702606,41.0566902,0.35320121,0.355534166,0.358176768,6.6773047,6.755671,6.8136296,1011.466,1011.6687,1011.4513,0.000281794,0.00027946,0.000292497,40.924714400000006,0.1596967886392014,40.56904601666667
2017-12-02 20:30:00,6.584424,1010.30625,0.000343227,40.0999184,0.349724859,Ockhi,Phase 2,2,39.3615303,20,2,336,-0.866025404,0.5000000000000001,40.3845673,40.7471924,40.9702606,0.35153693,0.35320121,0.355534166,6.624319,6.6773047,6.755671,1010.8864,1011.466,1011.6687,0.000348256,0.000281794,0.00027946,40.700673433333336,0.2956047548851022,40.76044465
2017-12-02 21:30:00,6.5864067,1009.7878,0.000345188,39.3615303,0.347579002,Ockhi,Phase 2,2,38.5141716,21,2,336,-0.707106781,0.7071067811865474,40.0999184,40.3845673,40.7471924,0.349724859,0.35153693,0.35320121,6.584424,6.624319,6.6773047,1010.30625,1010.8864,1011.466,0.000343227,0.000348256,0.000281794,40.41055936666667,0.3244188626080387,40.68948746666667
2017-12-02 22:30:00,6.245089,1009.483,0.000342987,38.5141716,0.34226498,Ockhi,Phase 2,2,37.8050766,22,2,336,-0.5,0.8660254037844384,39.3615303,40.0999184,40.3845673,0.347579002,0.349724859,0.35153693,6.5864067,6.584424,6.624319,1009.7878,1010.30625,1010.8864,0.000345188,0.000343227,0.000348256,39.948672,0.5280225193840795,40.4366932
2017-12-02 23:30:00,6.434044,1009.3647,0.000341795,37.8050766,0.337018549,Ockhi,Phase 2,2,36.8790703,23,2,336,-0.258819045,0.965925826289068,38.5141716,39.3615303,40.0999184,0.34226498,0.347579002,0.349724859,6.245089,6.5864067,6.584424,1009.483,1009.7878,1010.30625,0.000342987,0.000345188,0.000343227,39.32520676666667,0.7934971819311887,40.0129401
2017-12-03 00:30:00,6.5761127,1009.6944,0.000334173,36.8790703,0.333114445,Ockhi,Phase 2,2,36.7323151,0,3,337,0.0,1.0,37.8050766,38.5141716,39.3615303,0.337018549,0.34226498,0.347579002,6.434044,6.245089,6.5864067,1009.3647,1009.483,1009.7878,0.000341795,0.000342987,0.000345188,38.5602595,0.7792497038534109,39.48540943333333
2017-12-03 01:30:00,6.6653996,1010.1641,0.000337139,36.7323151,0.330007762,Ockhi,Phase 2,2,36.4872627,1,3,337,0.2588190451025207,0.9659258262890684,36.8790703,37.8050766,38.5141716,0.333114445,0.337018549,0.34226498,6.5761127,6.434044,6.245089,1009.6944,1009.3647,1009.483,0.000334173,0.000341795,0.000342987,37.732772833333335,0.8199450843325155,38.840722416666665
2017-12-03 02:30:00,6.78209,1010.7468,0.000339466,36.4872627,0.32494393,Ockhi,Phase 2,2,36.1786499,2,3,337,0.4999999999999999,0.8660254037844387,36.7323151,36.8790703,37.8050766,0.330007762,0.333114445,0.337018549,6.6653996,6.5761127,6.434044,1010.1641,1009.6944,1009.3647,0.000337139,0.000334173,0.000341795,37.13882066666667,0.5816416411401658,38.23201371666666
2017-12-03 03:30:00,6.884411,1011.47664,0.000338494,36.1786499,0.318093866,Ockhi,Phase 2,2,33.8965683,3,3,337,0.7071067811865475,0.7071067811865476,36.4872627,36.7323151,36.8790703,0.32494393,0.330007762,0.333114445,6.78209,6.6653996,6.5761127,1010.7468,1010.1641,1009.6944,0.000339466,0.000337139,0.000334173,36.699549366666666,0.1979482099317936,37.62990443333333
2017-12-03 04:30:00,6.984443,1011.96555,0.000305781,33.8965683,0.311034411,Ockhi,Phase 2,2,32.1644783,4,3,337,0.8660254037844386,0.5000000000000001,36.1786499,36.4872627,36.7323151,0.318093866,0.32494393,0.330007762,6.884411,6.78209,6.6653996,1011.47664,1010.7468,1010.1641,0.000338494,0.000339466,0.000337139,36.4660759,0.2774399913378955,37.09942436666667
2017-12-03 05:30:00,7.007994,1011.9245,0.000285743,32.1644783,0.305003196,Ockhi,Phase 2,2,35.6988068,5,3,337,0.9659258262890684,0.2588190451025207,33.8965683,36.1786499,36.4872627,0.311034411,0.318093866,0.32494393,6.984443,6.884411,6.78209,1011.96555,1011.47664,1010.7468,0.000305781,0.000338494,0.000339466,35.52082696666667,1.4150874980942052,36.32982381666667
2017-12-03 06:30:00,6.9760833,1011.426,0.000278465,35.6988068,0.343990058,Ockhi,Phase 2,2,35.1317749,6,3,337,1.0,6.123233995736766e-17,32.1644783,33.8965683,36.1786499,0.305003196,0.311034411,0.318093866,7.007994,6.984443,6.884411,1011.9245,1011.96555,1011.47664,0.000285743,0.000305781,0.000338494,34.07989883333334,2.013355649631032,35.3897241
2017-12-03 07:30:00,6.923561,1010.61195,0.000324418,35.1317749,0.339678556,Ockhi,Phase 2,2,34.8154259,7,3,337,0.9659258262890684,-0.258819045,35.6988068,32.1644783,33.8965683,0.343990058,0.305003196,0.311034411,6.9760833,7.007994,6.984443,1011.426,1011.9245,1011.96555,0.000278465,0.000285743,0.000305781,33.919951133333335,1.7672802704012238,35.19301351666667
2017-12-03 08:30:00,6.891162,1009.7389,0.000320351,34.8154259,0.338717639,Ockhi,Phase 2,2,36.817543,8,3,337,0.8660254037844387,-0.5,35.1317749,35.6988068,32.1644783,0.339678556,0.343990058,0.305003196,6.923561,6.9760833,7.007994,1010.61195,1011.426,1011.9245,0.000324418,0.000278465,0.000285743,34.33168666666667,1.8981505136098156,34.926256816666665
2017-12-03 09:30:00,6.8773417,1008.9474,0.000333248,36.817543,0.378824264,Ockhi,Phase 2,2,36.6820107,9,3,337,0.7071067811865476,-0.707106781,34.8154259,35.1317749,35.6988068,0.338717639,0.339678556,0.343990058,6.891162,6.923561,6.9760833,1009.7389,1010.61195,1011.426,0.000320351,0.000324418,0.000278465,35.21533586666667,0.4475793560745613,34.64761735
2017-12-03 10:30:00,6.842958,1008.4246,0.000345751,36.6820107,0.376863569,Ockhi,Phase 2,2,37.5284233,10,3,337,0.4999999999999999,-0.866025404,36.817543,34.8154259,35.1317749,0.378824264,0.338717639,0.339678556,6.8773417,6.891162,6.923561,1008.9474,1009.7389,1010.61195,0.000333248,0.000320351,0.000324418,35.58824793333334,1.0762871099983862,34.75409953333333
2017-12-03 11:30:00,6.849507,1008.38875,0.000351625,37.5284233,0.375950605,Ockhi,Phase 2,2,37.0609093,11,3,337,0.258819045,-0.965925826,36.6820107,36.817543,34.8154259,0.376863569,0.378824264,0.338717639,6.842958,6.8773417,6.891162,1008.4246,1008.9474,1009.7389,0.000345751,0.000333248,0.000320351,36.1049932,1.1188521426032616,35.21833993333333
2017-12-03 12:30:00,6.7503915,1008.7265,0.000346404,37.0609093,0.374364436,Ockhi,Phase 2,2,37.9444237,12,3,337,1.2246467991473532e-16,-1.0,37.5284233,36.6820107,36.817543,0.375950605,0.376863569,0.378824264,6.849507,6.842958,6.8773417,1008.38875,1008.4246,1008.9474,0.000351625,0.000345751,0.000333248,37.00932566666667,0.4546306366546779,36.112330766666666
2017-12-03 13:30:00,6.7590537,1009.3774,0.000337582,37.9444237,0.37417388,Ockhi,Phase 2,2,39.15168,13,3,337,-0.258819045,-0.965925826,37.0609093,37.5284233,36.6820107,0.374364436,0.375950605,0.376863569,6.7503915,6.849507,6.842958,1008.7265,1008.38875,1008.4246,0.000346404,0.000351625,0.000345751,37.09044776666666,0.4239787295601738,36.33934785
2017-12-03 14:30:00,6.7779646,1010.2696,0.000350821,39.15168,0.373361796,Ockhi,Phase 2,2,40.2107697,14,3,337,-0.5,-0.866025404,37.9444237,37.0609093,37.5284233,0.37417388,0.374364436,0.375950605,6.7590537,6.7503915,6.849507,1009.3774,1008.7265,1008.38875,0.000337582,0.000346404,0.000351625,37.5112521,0.4420074222610834,36.80812265
2017-12-03 15:30:00,6.749918,1011.1776,0.000362165,40.2107697,0.373358071,Ockhi,Phase 2,2,40.995491,15,3,337,-0.707106781,-0.707106781,39.15168,37.9444237,37.0609093,0.373361796,0.37417388,0.374364436,6.7779646,6.7590537,6.7503915,1010.2696,1009.3774,1008.7265,0.000350821,0.000337582,0.000346404,38.052337666666666,1.049554476025824,37.53083166666666
2017-12-03 16:30:00,6.709427,1011.7181,0.000381507,40.995491,0.372506857,Ockhi,Phase 2,2,41.3958778,16,3,337,-0.866025404,-0.5,40.2107697,39.15168,37.9444237,0.373358071,0.373361796,0.37417388,6.749918,6.7779646,6.7590537,1011.1776,1010.2696,1009.3774,0.000362165,0.000350821,0.000337582,39.10229113333333,1.1339799350260975,38.096369450000005
2017-12-03 17:30:00,6.6564794,1011.7148,0.000376109,41.3958778,0.370070219,Ockhi,Phase 2,2,41.2130432,17,3,337,-0.965925826,-0.258819045,40.995491,40.2107697,39.15168,0.372506857,0.373358071,0.373361796,6.709427,6.749918,6.7779646,1011.7181,1011.1776,1010.2696,0.000381507,0.000362165,0.000350821,40.11931356666667,0.9253015287857368,38.815282833333335
2017-12-03 18:30:00,6.613632,1011.42305,0.000359732,41.2130432,0.368999511,Ockhi,Phase 2,2,40.8228798,18,3,337,-1.0,-1.84e-16,41.3958778,40.995491,40.2107697,0.370070219,0.372506857,0.373358071,6.6564794,6.709427,6.749918,1011.7148,1011.7181,1011.1776,0.000376109,0.000381507,0.000362165,40.8673795,0.6028513245364009,39.45985858333333
2017-12-03 19:30:00,6.591701,1010.9767,0.0004166,40.8228798,0.367242217,Ockhi,Phase 2,2,40.6610527,19,3,337,-0.965925826,0.2588190451025203,41.2130432,41.3958778,40.995491,0.368999511,0.370070219,0.372506857,6.613632,6.6564794,6.709427,1011.42305,1011.7148,1011.7181,0.000359732,0.000376109,0.000381507,41.20147066666667,0.2004441070449553,40.1518809
2017-12-03 20:30:00,6.567096,1010.4378,0.000418375,40.6610527,0.364912808,Ockhi,Phase 2,2,40.2204971,20,3,337,-0.866025404,0.5000000000000001,40.8228798,41.2130432,41.3958778,0.367242217,0.368999511,0.370070219,6.591701,6.613632,6.6564794,1010.9767,1011.42305,1011.7148,0.0004166,0.000359732,0.000376109,41.1439336,0.2926837535802075,40.63162358333334
2017-12-03 21:30:00,6.554271,1009.7681,0.000443501,40.2204971,0.362427592,Ockhi,Phase 2,2,39.4520645,21,3,337,-0.707106781,0.7071067811865474,40.6610527,40.8228798,41.2130432,0.364912808,0.367242217,0.368999511,6.567096,6.591701,6.613632,1010.4378,1010.9767,1011.42305,0.000418375,0.0004166,0.000359732,40.8989919,0.2837572322374697,40.883185700000006
2017-12-03 22:30:00,6.415125,1009.3397,0.000452149,39.4520645,0.359474748,Ockhi,Phase 2,2,38.5126495,22,3,337,-0.5,0.8660254037844384,40.2204971,40.6610527,40.8228798,0.362427592,0.364912808,0.367242217,6.554271,6.567096,6.591701,1009.7681,1010.4378,1010.9767,0.000443501,0.000418375,0.0004166,40.5681432,0.3117536859561325,40.88480693333333
2017-12-03 23:30:00,6.479772,1009.1978,0.000441279,38.5126495,0.357141137,Ockhi,Phase 2,2,37.6095924,23,3,337,-0.258819045,0.965925826289068,39.4520645,40.2204971,40.6610527,0.359474748,0.362427592,0.364912808,6.415125,6.554271,6.567096,1009.3397,1009.7681,1010.4378,0.000452149,0.000443501,0.000418375,40.11120476666667,0.6118592383290933,40.627569183333335
2017-12-04 00:30:00,6.5027304,1009.326,0.000432295,37.6095924,0.355004489,Ockhi,Phase 2,2,37.7199516,0,4,338,0.0,1.0,38.5126495,39.4520645,40.2204971,0.357141137,0.359474748,0.362427592,6.479772,6.415125,6.554271,1009.1978,1009.3397,1009.7681,0.000441279,0.000452149,0.000443501,39.395070366666666,0.855349113,40.147031133333336
2017-12-04 01:30:00,6.534219,1009.7379,0.000395114,37.7199516,0.352267176,Ockhi,Phase 2,2,37.9937363,1,4,338,0.2588190451025207,0.9659258262890684,37.6095924,38.5126495,39.4520645,0.355004489,0.357141137,0.359474748,6.5027304,6.479772,6.415125,1009.326,1009.1978,1009.3397,0.000432295,0.000441279,0.000452149,38.5247688,0.9212958362512326,39.546456
2017-12-04 02:30:00,6.6374373,1010.3376,0.000367075,37.9937363,0.346611857,Ockhi,Phase 2,2,37.8158531,2,4,338,0.4999999999999999,0.8660254037844387,37.7199516,37.6095924,38.5126495,0.352267176,0.355004489,0.357141137,6.534219,6.5027304,6.479772,1009.7379,1009.326,1009.1978,0.000395114,0.000432295,0.000441279,37.94739783333333,0.4926224449395062,39.0293013
2017-12-04 03:30:00,6.746845,1010.9104,0.000349728,37.8158531,0.340014309,Ockhi,Phase 2,2,34.5377846,3,4,338,0.7071067811865475,0.7071067811865476,37.9937363,37.7199516,37.6095924,0.346611857,0.352267176,0.355004489,6.6374373,6.534219,6.5027304,1010.3376,1009.7379,1009.326,0.000367075,0.000395114,0.000432295,37.77442676666666,0.1977809187314869,38.58474856666667
2017-12-04 04:30:00,6.8493047,1011.39016,0.000340306,34.5377846,0.334600419,Ockhi,Phase 2,2,32.7628632,4,4,338,0.8660254037844386,0.5000000000000001,37.8158531,37.9937363,37.7199516,0.340014309,0.346611857,0.352267176,6.746845,6.6374373,6.534219,1010.9104,1010.3376,1009.7379,0.000349728,0.000367075,0.000395114,37.84318033333333,0.138922996,38.18397456666667
2017-12-04 05:30:00,6.831027,1011.3241,0.000322081,32.7628632,0.331370056,Ockhi,Phase 2,2,35.0091972,5,4,338,0.9659258262890684,0.2588190451025207,34.5377846,37.8158531,37.9937363,0.334600419,0.340014309,0.346611857,6.8493047,6.746845,6.6374373,1011.39016,1010.9104,1010.3376,0.000340306,0.000349728,0.000367075,36.782458,1.945977803756058,37.364927916666666
2017-12-04 06:30:00,6.801171,1010.8169,0.000313544,35.0091972,0.352104634,Ockhi,Phase 2,2,34.0734138,6,4,338,1.0,6.123233995736766e-17,32.7628632,34.5377846,37.8158531,0.331370056,0.334600419,0.340014309,6.831027,6.8493047,6.746845,1011.3241,1011.39016,1010.9104,0.000322081,0.000340306,0.000349728,35.03883363333333,2.5634867529848613,36.4066302
2017-12-04 07:30:00,6.718142,1010.0243,0.000299677,34.0734138,0.350068927,Ockhi,Phase 2,2,33.1486511,7,4,338,0.9659258262890684,-0.258819045,35.0091972,32.7628632,34.5377846,0.352104634,0.331370056,0.334600419,6.801171,6.831027,6.8493047,1010.8169,1011.3241,1011.39016,0.000313544,0.000322081,0.000340306,34.10328166666667,1.184524676482389,35.973231
2017-12-04 08:30:00,6.7013164,1009.01305,0.000296212,33.1486511,0.349748015,Ockhi,Phase 2,2,35.4636841,8,4,338,0.8660254037844387,-0.5,34.0734138,35.0091972,32.7628632,0.350068927,0.352104634,0.331370056,6.718142,6.801171,6.831027,1010.0243,1010.8169,1011.3241,0.000299677,0.000313544,0.000322081,33.948491399999995,1.1283653284311717,35.3654747
2017-12-04 09:30:00,6.6862035,1008.0612,0.000299784,35.4636841,0.370382249,Ockhi,Phase 2,2,34.924778,9,4,338,0.7071067811865476,-0.707106781,33.1486511,34.0734138,35.0091972,0.349748015,0.350068927,0.352104634,6.7013164,6.718142,6.801171,1009.01305,1010.0243,1010.8169,0.000296212,0.000299677,0.000313544,34.07708736666667,0.9302784899564196,34.5579605
2017-12-04 10:30:00,6.5331707,1007.482,0.000275699,34.924778,0.371768087,Ockhi,Phase 2,2,34.6980629,10,4,338,0.4999999999999999,-0.866025404,35.4636841,33.1486511,34.0734138,0.370382249,0.349748015,0.350068927,6.6862035,6.7013164,6.718142,1008.0612,1009.01305,1010.0243,0.000299784,0.000296212,0.000299677,34.22858299999999,1.1652907612454353,34.16593233333334
2017-12-04 11:30:00,6.5387616,1007.4762,0.000265723,34.6980629,0.371082664,Ockhi,Phase 2,2,34.5494347,11,4,338,0.258819045,-0.965925826,34.924778,35.4636841,33.1486511,0.371768087,0.370382249,0.349748015,6.5331707,6.6862035,6.7013164,1007.482,1008.0612,1009.01305,0.000275699,0.000299784,0.000296212,34.51237106666667,1.2113645433016895,34.230431233333334
2017-12-04 12:30:00,6.4206734,1007.77875,0.000265883,34.5494347,0.371550083,Ockhi,Phase 2,2,35.9776421,12,4,338,1.2246467991473532e-16,-1.0,34.6980629,34.924778,35.4636841,0.371082664,0.371768087,0.370382249,6.5387616,6.5331707,6.6862035,1007.4762,1007.482,1008.0612,0.000265723,0.000275699,0.000299784,35.028841666666665,0.3932758453205575,34.55296451666667
2017-12-04 13:30:00,6.400582,1008.48445,0.000268579,35.9776421,0.373376101,Ockhi,Phase 2,2,37.0485916,13,4,338,-0.258819045,-0.965925826,34.5494347,34.6980629,34.924778,0.371550083,0.371082664,0.371768087,6.4206734,6.5387616,6.5331707,1007.77875,1007.4762,1007.482,0.000265883,0.000265723,0.000275699,34.72409186666667,0.1890205770364919,34.476337433333335
2017-12-04 14:30:00,6.362398,1009.4534,0.000288967,37.0485916,0.373350471,Ockhi,Phase 2,2,37.6596527,14,4,338,-0.5,-0.866025404,35.9776421,34.5494347,34.6980629,0.373376101,0.371550083,0.371082664,6.400582,6.4206734,6.5387616,1008.48445,1007.77875,1007.4762,0.000268579,0.000265883,0.000265723,35.075046566666664,0.7851952674678611,34.79370881666667
2017-12-04 15:30:00,6.3389134,1010.082,0.000302802,37.6596527,0.372361779,Ockhi,Phase 2,2,37.8352928,15,4,338,-0.707106781,-0.707106781,37.0485916,35.9776421,34.5494347,0.373350471,0.373376101,0.371550083,6.362398,6.400582,6.4206734,1009.4534,1008.48445,1007.77875,0.000288967,0.000268579,0.000265883,35.85855613333334,1.2538271026330488,35.4436989
2017-12-04 16:30:00,6.295699,1010.6085,0.000317116,37.8352928,0.37149623,Ockhi,Phase 2,2,37.8656006,16,4,338,-0.866025404,-0.5,37.6596527,37.0485916,35.9776421,0.372361779,0.373350471,0.373376101,6.3389134,6.362398,6.400582,1010.082,1009.4534,1008.48445,0.000302802,0.000288967,0.000268579,36.89529546666667,0.8514192228269755,35.80969366666667
2017-12-04 17:30:00,6.2537007,1010.74695,0.000338672,37.8656006,0.370259494,Ockhi,Phase 2,2,37.3794403,17,4,338,-0.965925826,-0.258819045,37.8352928,37.6596527,37.0485916,0.37149623,0.372361779,0.373350471,6.295699,6.3389134,6.362398,1010.6085,1010.082,1009.4534,0.000317116,0.000302802,0.000288967,37.51451236666667,0.412945494938948,36.29477946666666
2017-12-04 18:30:00,6.2115555,1010.4956,0.000350413,37.3794403,0.368905008,Ockhi,Phase 3,3,36.9267845,18,4,338,-1.0,-1.84e-16,37.8656006,37.8352928,37.6596527,0.370259494,0.37149623,0.372361779,6.2537007,6.295699,6.3389134,1010.74695,1010.6085,1010.082,0.000338672,0.000317116,0.000302802,37.7868487,0.1111924345318416,36.822702416666665
2017-12-04 19:30:00,6.216063,1010.1409,0.000345993,36.9267845,0.364983588,Ockhi,Phase 3,3,36.6429253,19,4,338,-0.965925826,0.2588190451025203,37.3794403,37.8656006,37.8352928,0.368905008,0.370259494,0.37149623,6.2115555,6.2537007,6.295699,1010.4956,1010.74695,1010.6085,0.000350413,0.000338672,0.000317116,37.69344456666666,0.2723575780087257,37.29437001666667
2017-12-04 20:30:00,6.193941,1009.6539,0.000335401,36.6429253,0.359243423,Ockhi,Phase 3,3,36.1106644,20,4,338,-0.866025404,0.5000000000000001,36.9267845,37.3794403,37.8656006,0.364983588,0.368905008,0.370259494,6.216063,6.2115555,6.2537007,1010.1409,1010.4956,1010.74695,0.000345993,0.000350413,0.000338672,37.39060846666666,0.4695076819017603,37.45256041666667
2017-12-04 21:30:00,6.1574855,1009.0769,0.000321131,36.1106644,0.353590995,Ockhi,Phase 3,3,35.5066872,21,4,338,-0.707106781,0.7071067811865474,36.6429253,36.9267845,37.3794403,0.359243423,0.364983588,0.368905008,6.193941,6.216063,6.2115555,1009.6539,1010.1409,1010.4956,0.000335401,0.000345993,0.000350413,36.983050033333335,0.3714672852179399,37.38494936666667
2017-12-04 22:30:00,5.915093,1008.79945,0.000299141,35.5066872,0.347113699,Ockhi,Phase 3,3,34.9779167,22,4,338,-0.5,0.8660254037844384,36.1106644,36.6429253,36.9267845,0.353590995,0.359243423,0.364983588,6.1574855,6.193941,6.216063,1009.0769,1009.6539,1010.1409,0.000321131,0.000335401,0.000345993,36.56012473333333,0.4143126292864532,37.12678465
2017-12-04 23:30:00,5.9667788,1008.8132,0.000254531,34.9779167,0.341320544,Ockhi,Phase 3,3,34.4095612,23,4,338,-0.258819045,0.965925826289068,35.5066872,36.1106644,36.6429253,0.347113699,0.353590995,0.359243423,5.915093,6.1574855,6.193941,1008.79945,1009.0769,1009.6539,0.000299141,0.000321131,0.000335401,36.08675896666667,0.5684961365568736,36.73868371666666
2017-12-05 00:30:00,5.9479628,1009.1471,0.000197946,34.4095612,0.33976084,Ockhi,Phase 3,3,34.4102821,0,5,339,0.0,1.0,34.9779167,35.5066872,36.1106644,0.341320544,0.347113699,0.353590995,5.9667788,5.915093,6.1574855,1008.8132,1008.79945,1009.0769,0.000254531,0.000299141,0.000321131,35.5317561,0.5667897981388852,36.25740306666667
2017-12-05 01:30:00,5.943525,1009.533,0.000166508,34.4102821,0.338156462,Ockhi,Phase 3,3,34.3483124,1,5,339,0.2588190451025207,0.9659258262890684,34.4095612,34.9779167,35.5066872,0.33976084,0.341320544,0.347113699,5.9479628,5.9667788,5.915093,1009.1471,1008.8132,1008.79945,0.000197946,0.000254531,0.000299141,34.9647217,0.5486820080774342,35.76242321666666
2017-12-05 02:30:00,5.965429,1010.23086,0.000161132,34.3483124,0.332884908,Ockhi,Phase 3,3,32.3934975,2,5,339,0.4999999999999999,0.8660254037844387,34.4102821,34.4095612,34.9779167,0.338156462,0.33976084,0.341320544,5.943525,5.9479628,5.9667788,1009.533,1009.1471,1008.8132,0.000166508,0.000197946,0.000254531,34.59925333333333,0.3279322931122606,35.34300615
2017-12-05 03:30:00,5.987485,1011.058,0.000156898,32.3934975,0.324435174,Ockhi,Phase 3,3,30.1170616,3,5,339,0.7071067811865475,0.7071067811865476,34.3483124,34.4102821,34.4095612,0.332884908,0.338156462,0.33976084,5.965429,5.943525,5.9479628,1010.23086,1009.533,1009.1471,0.000161132,0.000166508,0.000197946,34.389385233333336,0.035571943,34.96057066666666
2017-12-05 04:30:00,5.9902935,1011.5745,0.000152738,30.1170616,0.313338518,Ockhi,Phase 3,3,28.4875412,4,5,339,0.8660254037844386,0.5000000000000001,32.3934975,34.3483124,34.4102821,0.324435174,0.332884908,0.338156462,5.987485,5.965429,5.943525,1011.058,1010.23086,1009.533,0.000156898,0.000161132,0.000166508,33.717364,1.146920635134111,34.34104285
2017-12-05 05:30:00,5.9773192,1011.5028,0.000149188,28.4875412,0.304059178,Ockhi,Phase 3,3,30.7701797,5,5,339,0.9659258262890684,0.2588190451025207,30.1170616,32.3934975,34.3483124,0.313338518,0.324435174,0.332884908,5.9902935,5.987485,5.965429,1011.5745,1011.058,1010.23086,0.000152738,0.000156898,0.000161132,32.2862905,2.117661644069289,33.442771916666665
2017-12-05 06:30:00,5.9440956,1011.025,0.000154993,30.7701797,0.332892388,Ockhi,Phase 3,3,30.0494003,6,5,339,1.0,6.123233995736766e-17,28.4875412,30.1170616,32.3934975,0.304059178,0.313338518,0.324435174,5.9773192,5.9902935,5.987485,1011.5028,1011.5745,1011.058,0.000149188,0.000152738,0.000156898,30.3327001,1.9618864968161696,32.36104266666667
2017-12-05 07:30:00,5.9379387,1010.0722,9.25e-05,30.0494003,0.323651403,Ockhi,Phase 3,3,29.5981941,7,5,339,0.9659258262890684,-0.258819045,30.7701797,28.4875412,30.1170616,0.332892388,0.304059178,0.313338518,5.9440956,5.9773192,5.9902935,1011.025,1011.5028,1011.5745,0.000154993,0.000149188,0.000152738,29.791594166666663,1.175608956261203,31.754479083333333
2017-12-05 08:30:00,5.879192,1008.9993,9.68e-05,29.5981941,0.317466021,Ockhi,Phase 3,3,32.2351074,8,5,339,0.8660254037844387,-0.5,30.0494003,30.7701797,28.4875412,0.323651403,0.332892388,0.304059178,5.9379387,5.9440956,5.9773192,1010.0722,1011.025,1011.5028,9.25e-05,0.000154993,0.000149188,29.7690404,1.1668594112261872,31.02766545
2017-12-05 09:30:00,5.8482146,1007.98586,0.00010563,32.2351074,0.340227902,Ockhi,Phase 3,3,32.1401367,9,5,339,0.7071067811865476,-0.707106781,29.5981941,30.0494003,30.7701797,0.317466021,0.323651403,0.332892388,5.879192,5.9379387,5.9440956,1008.9993,1010.0722,1011.025,9.68e-05,9.25e-05,0.000154993,30.13925803333333,0.5911373536093079,30.23597906666667
2017-12-05 10:30:00,5.370485,1007.4193,0.000107316,32.1401367,0.335041881,Ockhi,Phase 3,3,32.3839989,10,5,339,0.4999999999999999,-0.866025404,32.2351074,29.5981941,30.0494003,0.340227902,0.317466021,0.323651403,5.8482146,5.879192,5.9379387,1007.98586,1008.9993,1010.0722,0.00010563,9.68e-05,9.25e-05,30.62756726666667,1.4103317761924334,30.209580716666665
2017-12-05 11:30:00,5.2636075,1007.5657,0.000101556,32.3839989,0.33027187,Ockhi,Phase 3,3,32.4700127,11,5,339,0.258819045,-0.965925826,32.1401367,32.2351074,29.5981941,0.335041881,0.340227902,0.317466021,5.370485,5.8482146,5.879192,1007.4193,1007.98586,1008.9993,0.000107316,0.00010563,9.68e-05,31.3244794,1.4957608636450268,30.5467599
2017-12-05 12:30:00,5.0847983,1007.8862,9.39e-05,32.4700127,0.328142434,Ockhi,Phase 3,3,33.6855011,12,5,339,1.2246467991473532e-16,-1.0,32.3839989,32.1401367,32.2351074,0.33027187,0.335041881,0.340227902,5.2636075,5.370485,5.8482146,1007.5657,1007.4193,1007.98586,0.000101556,0.000107316,0.00010563,32.253081,0.1229206283350653,31.196169516666668
2017-12-05 13:30:00,5.0063057,1008.5406,8.93e-05,33.6855011,0.32549125,Ockhi,Phase 3,3,34.6485825,13,5,339,-0.258819045,-0.965925826,32.4700127,32.3839989,32.1401367,0.328142434,0.33027187,0.335041881,5.0847983,5.2636075,5.370485,1007.8862,1007.5657,1007.4193,9.39e-05,0.000101556,0.000107316,32.331382766666664,0.1711165887912803,31.479475016666665
2017-12-05 14:30:00,4.904952,1009.2215,9.11e-05,34.6485825,0.321756572,Ockhi,Phase 3,3,35.1257439,14,5,339,-0.5,-0.866025404,33.6855011,32.4700127,32.3839989,0.32549125,0.328142434,0.33027187,5.0063057,5.0847983,5.2636075,1008.5406,1007.8862,1007.5657,8.93e-05,9.39e-05,0.000101556,32.84650423333334,0.7278642731686211,32.08549181666667
2017-12-05 15:30:00,4.7803316,1009.9314,8.78e-05,35.1257439,0.318845183,Ockhi,Phase 3,3,35.500164,15,5,339,-0.707106781,-0.707106781,34.6485825,33.6855011,32.4700127,0.321756572,0.32549125,0.328142434,4.904952,5.0063057,5.0847983,1009.2215,1008.5406,1007.8862,9.11e-05,8.93e-05,9.39e-05,33.601365433333335,1.0917191494026048,32.92722321666667
2017-12-05 16:30:00,4.653879,1010.5173,8.91e-05,35.500164,0.314976335,Ockhi,Phase 3,3,35.6363792,16,5,339,-0.866025404,-0.5,35.1257439,34.6485825,33.6855011,0.318845183,0.321756572,0.32549125,4.7803316,4.904952,5.0063057,1009.9314,1009.2215,1008.5406,8.78e-05,9.11e-05,8.93e-05,34.486609166666675,0.7336561532976194,33.408995966666666
2017-12-05 17:30:00,4.5441895,1010.6893,7.5e-05,35.6363792,0.310023874,Ockhi,Phase 3,3,35.5330849,17,5,339,-0.965925826,-0.258819045,35.500164,35.1257439,34.6485825,0.314976335,0.318845183,0.321756572,4.653879,4.7803316,4.904952,1010.5173,1009.9314,1009.2215,8.91e-05,8.78e-05,9.11e-05,35.091496799999994,0.4268224580308228,33.96900051666666
2017-12-05 18:30:00,4.4325085,1010.59086,6.55e-05,35.5330849,0.306794196,Ockhi,Phase 3,3,35.6007843,18,5,339,-1.0,-1.84e-16,35.6363792,35.500164,35.1257439,0.310023874,0.314976335,0.318845183,4.5441895,4.653879,4.7803316,1010.6893,1010.5173,1009.9314,7.5e-05,8.91e-05,8.78e-05,35.420762366666665,0.2644155194643356,34.5110639
2017-12-05 19:30:00,4.343285,1010.1402,7.09e-05,35.6007843,0.302126557,Ockhi,Phase 3,3,36.0392151,19,5,339,-0.965925826,0.2588190451025203,35.5330849,35.6363792,35.500164,0.306794196,0.310023874,0.314976335,4.4325085,4.5441895,4.653879,1010.59086,1010.6893,1010.5173,6.55e-05,7.5e-05,8.91e-05,35.5565427,0.071072825,35.02157593333334
2017-12-05 20:30:00,4.2587023,1009.7248,6.97e-05,36.0392151,0.295110464,Ockhi,Phase 3,3,35.9925575,20,5,339,-0.866025404,0.5000000000000001,35.6007843,35.5330849,35.6363792,0.302126557,0.306794196,0.310023874,4.343285,4.4325085,4.5441895,1010.1402,1010.59086,1010.6893,7.09e-05,6.55e-05,7.5e-05,35.5900828,0.052472085,35.3407898
2017-12-05 21:30:00,4.1910167,1009.24695,6.44e-05,35.9925575,0.289595991,Ockhi,Phase 3,3,35.6740227,21,5,339,-0.707106781,0.7071067811865474,36.0392151,35.6007843,35.5330849,0.295110464,0.302126557,0.306794196,4.2587023,4.343285,4.4325085,1009.7248,1010.1402,1010.59086,6.97e-05,7.09e-05,6.55e-05,35.724361433333335,0.2747643094548847,35.572561900000004
2017-12-05 22:30:00,4.0397644,1009.045,5.5e-05,35.6740227,0.282409579,Ockhi,Phase 3,3,35.4249535,22,5,339,-0.5,0.8660254037844384,35.9925575,36.0392151,35.6007843,0.289595991,0.295110464,0.302126557,4.1910167,4.2587023,4.343285,1009.24695,1009.7248,1010.1402,6.44e-05,6.97e-05,7.09e-05,35.87751896666666,0.2407920050807486,35.71703083333333
2018-05-21 06:30:00,3.146063,1010.4624,5.73e-05,24.8479443,0.393976152,Mekunu,Phase 1,1,24.6304226,6,21,141,1.0,6.123233995736766e-17,24.8663692,24.9886017,25.0119972,0.388165534,0.387811542,0.387727082,3.0300057,2.9797113,3.0995433,1010.301,1009.87305,1009.2264,7.03e-05,8.13e-05,9.6e-05,24.955656033333337,0.078204484,25.43594391666667
2018-05-21 07:30:00,3.2839224,1010.2754,2.97e-05,24.6304226,0.394882947,Mekunu,Phase 1,1,24.5076828,7,21,141,0.9659258262890684,-0.258819045,24.8479443,24.8663692,24.9886017,0.393976152,0.388165534,0.387811542,3.146063,3.0300057,2.9797113,1010.4624,1010.301,1009.87305,5.73e-05,7.03e-05,8.13e-05,24.900971733333336,0.076446894,25.15967815
2018-05-21 08:30:00,3.421145,1009.8647,3.78e-05,24.5076828,0.395641208,Mekunu,Phase 1,1,24.8171444,8,21,141,0.8660254037844387,-0.5,24.6304226,24.8479443,24.8663692,0.394882947,0.393976152,0.388165534,3.2839224,3.146063,3.0300057,1010.2754,1010.4624,1010.301,2.97e-05,5.73e-05,7.03e-05,24.7815787,0.1312287855632692,24.937195466666665
2018-05-21 09:30:00,3.5276754,1008.9885,5.52e-05,24.8171444,0.404998988,Mekunu,Phase 1,1,25.0648289,9,21,141,0.7071067811865476,-0.707106781,24.5076828,24.6304226,24.8479443,0.395641208,0.394882947,0.393976152,3.421145,3.2839224,3.146063,1009.8647,1010.2754,1010.4624,3.78e-05,2.97e-05,5.73e-05,24.662016566666665,0.1723168771271767,24.8088363
2018-05-21 10:30:00,3.6111672,1008.0778,7.77e-05,25.0648289,0.405703843,Mekunu,Phase 1,1,25.2298241,10,21,141,0.4999999999999999,-0.866025404,24.8171444,24.5076828,24.6304226,0.404998988,0.395641208,0.394882947,3.5276754,3.421145,3.2839224,1008.9885,1009.8647,1010.2754,5.52e-05,3.78e-05,2.97e-05,24.65174993333333,0.1558292714125692,24.77636083333333
2018-05-21 11:30:00,3.7191706,1007.47414,7.76e-05,25.2298241,0.406916648,Mekunu,Phase 1,1,25.3705521,11,21,141,0.258819045,-0.965925826,25.0648289,24.8171444,24.5076828,0.405703843,0.404998988,0.395641208,3.6111672,3.5276754,3.421145,1008.0778,1008.9885,1009.8647,7.77e-05,5.52e-05,3.78e-05,24.79655203333333,0.2791432935966804,24.789065366666662
2018-05-21 12:30:00,3.9267347,1007.1049,7.39e-05,25.3705521,0.407212496,Mekunu,Phase 1,1,25.8020096,12,21,141,1.2246467991473532e-16,-1.0,25.2298241,25.0648289,24.8171444,0.406916648,0.405703843,0.404998988,3.7191706,3.6111672,3.5276754,1007.47414,1008.0778,1008.9885,7.76e-05,7.77e-05,5.52e-05,25.0372658,0.2077159768993018,24.849641183333333
2018-05-21 13:30:00,4.14364,1007.14914,8.39e-05,25.8020096,0.407353133,Mekunu,Phase 1,1,26.9530087,13,21,141,-0.258819045,-0.965925826,25.3705521,25.2298241,25.0648289,0.407212496,0.406916648,0.405703843,3.9267347,3.7191706,3.6111672,1007.1049,1007.47414,1008.0778,7.39e-05,7.76e-05,7.77e-05,25.22173503333333,0.1530220360085978,24.936742483333333
2018-05-21 14:30:00,4.2616887,1007.2919,9.52e-05,26.9530087,0.407079875,Mekunu,Phase 1,1,27.3340702,14,21,141,-0.5,-0.866025404,25.8020096,25.3705521,25.2298241,0.407353133,0.407212496,0.406916648,4.14364,3.9267347,3.7191706,1007.14914,1007.1049,1007.47414,8.39e-05,7.39e-05,7.76e-05,25.467461933333336,0.2981487857598744,25.13200698333333
2018-05-21 15:30:00,4.154188,1007.488,0.000111503,27.3340702,0.405083597,Mekunu,Phase 1,1,27.7554092,15,21,141,-0.707106781,-0.707106781,26.9530087,25.8020096,25.3705521,0.407079875,0.407353133,0.407212496,4.2616887,4.14364,3.9267347,1007.2919,1007.14914,1007.1049,9.52e-05,8.39e-05,7.39e-05,26.0418568,0.8180386495953439,25.539561300000003
2018-05-21 16:30:00,4.07455,1007.81016,0.000128708,27.7554092,0.402737528,Mekunu,Phase 1,1,28.4076157,16,21,141,-0.866025404,-0.5,27.3340702,26.9530087,25.8020096,0.405083597,0.407079875,0.407353133,4.154188,4.2616887,4.14364,1007.488,1007.2919,1007.14914,0.000111503,9.52e-05,8.39e-05,26.696362833333332,0.7976231855807007,25.95904893333333
2018-05-21 17:30:00,4.0881467,1008.1653,0.000149933,28.4076157,0.400784552,Mekunu,Phase 1,1,29.1118679,17,21,141,-0.965925826,-0.258819045,27.7554092,27.3340702,26.9530087,0.402737528,0.405083597,0.407079875,4.07455,4.154188,4.2616887,1007.81016,1007.488,1007.2919,0.000128708,0.000111503,9.52e-05,27.34749603333333,0.4013686962763571,26.40747898333333
2018-05-21 18:30:00,4.0918803,1008.366,0.000149879,29.1118679,0.39858672,Mekunu,Phase 1,1,29.3039932,18,21,141,-1.0,-1.84e-16,28.4076157,27.7554092,27.3340702,0.400784552,0.402737528,0.405083597,4.0881467,4.07455,4.154188,1008.1653,1007.81016,1007.488,0.000149933,0.000128708,0.000111503,27.83236503333333,0.5408942922194521,26.93711091666667
2018-05-21 19:30:00,4.0698857,1008.4147,0.000207343,29.3039932,0.395260155,Mekunu,Phase 1,1,29.0357704,19,21,141,-0.965925826,0.2588190451025203,29.1118679,28.4076157,27.7554092,0.39858672,0.400784552,0.402737528,4.0918803,4.0881467,4.07455,1008.366,1008.1653,1007.81016,0.000149879,0.000149933,0.000128708,28.424964266666667,0.6783957405345761,27.56066355
2018-05-21 20:30:00,4.0524836,1008.0546,0.000211494,29.0357704,0.391814888,Mekunu,Phase 1,1,28.3608665,20,21,141,-0.866025404,0.5000000000000001,29.3039932,29.1118679,28.4076157,0.395260155,0.39858672,0.400784552,4.0698857,4.0918803,4.0881467,1008.4147,1008.366,1008.1653,0.000207343,0.000149879,0.000149933,28.94115893333333,0.4719420717650086,28.14432748333334
2018-05-21 21:30:00,4.0136933,1007.5171,0.00020847,28.3608665,0.38813293,Mekunu,Phase 1,1,27.3712788,21,21,141,-0.707106781,0.7071067811865474,29.0357704,29.3039932,29.1118679,0.391814888,0.395260155,0.39858672,4.0524836,4.0698857,4.0918803,1008.0546,1008.4147,1008.366,0.000211494,0.000207343,0.000149879,29.150543833333334,0.1382307435932619,28.49145443333333
2018-05-21 22:30:00,3.848601,1006.8022,0.000215005,27.3712788,0.384176075,Mekunu,Phase 1,1,26.1813793,22,21,141,-0.5,0.8660254037844384,28.3608665,29.0357704,29.3039932,0.38813293,0.391814888,0.395260155,4.0136933,4.0524836,4.0698857,1007.5171,1008.0546,1008.4147,0.00020847,0.000211494,0.000207343,28.90021003333333,0.4859572541091542,28.66258715
2018-05-21 23:30:00,3.8667274,1006.579,0.000213638,26.1813793,0.379977524,Mekunu,Phase 1,1,24.9746647,23,21,141,-0.258819045,0.965925826289068,27.3712788,28.3608665,29.0357704,0.384176075,0.38813293,0.391814888,3.848601,4.0136933,4.0524836,1006.8022,1007.5171,1008.0546,0.000215005,0.00020847,0.000211494,28.2559719,0.8371888851683967,28.598565416666663
2018-05-22 00:30:00,3.904226,1006.8046,0.000210212,24.9746647,0.37642476,Mekunu,Phase 1,1,24.1849041,0,22,142,0.0,1.0,26.1813793,27.3712788,28.3608665,0.379977524,0.384176075,0.38813293,3.8667274,3.848601,4.0136933,1006.579,1006.8022,1007.5171,0.000213638,0.000215005,0.00020847,27.3045082,1.0912767057484678,28.227526016666665
2018-05-22 01:30:00,3.947659,1007.1763,0.000219916,24.1849041,0.372707427,Mekunu,Phase 1,1,23.4793587,1,22,142,0.2588190451025207,0.9659258262890684,24.9746647,26.1813793,27.3712788,0.37642476,0.379977524,0.384176075,3.904226,3.8667274,3.848601,1006.8046,1006.579,1006.8022,0.000210212,0.000213638,0.000215005,26.175774266666668,1.198316881454443,27.53799215
2018-05-22 02:30:00,3.9785018,1007.7895,0.000244618,23.4793587,0.369910628,Mekunu,Phase 1,1,23.0033131,2,22,142,0.4999999999999999,0.8660254037844387,24.1849041,24.9746647,26.1813793,0.372707427,0.37642476,0.379977524,3.947659,3.904226,3.8667274,1007.1763,1006.8046,1006.579,0.000219916,0.000210212,0.000213638,25.113649366666667,1.005467980211255,26.68481063333333
2018-05-22 03:30:00,3.9386306,1008.3887,0.000271086,23.0033131,0.36700356,Mekunu,Phase 1,1,22.8642673,3,22,142,0.7071067811865475,0.7071067811865476,23.4793587,24.1849041,24.9746647,0.369910628,0.372707427,0.37642476,3.9785018,3.947659,3.904226,1007.7895,1007.1763,1006.8046,0.000244618,0.000219916,0.000210212,24.21297583333333,0.7480481435497824,25.75874201666667
2018-05-22 04:30:00,3.8617618,1009.01484,0.000285561,22.8642673,0.365026325,Mekunu,Phase 1,1,23.0722332,4,22,142,0.8660254037844386,0.5000000000000001,23.0033131,23.4793587,24.1849041,0.36700356,0.369910628,0.372707427,3.9386306,3.9785018,3.947659,1008.3887,1007.7895,1007.1763,0.000271086,0.000244618,0.000219916,23.555858633333333,0.5944985304189455,24.86581645
2018-05-22 05:30:00,3.9256203,1009.347,0.000307144,23.0722332,0.364526063,Mekunu,Phase 1,1,22.2142391,5,22,142,0.9659258262890684,0.2588190451025207,22.8642673,23.0033131,23.4793587,0.365026325,0.36700356,0.369910628,3.8617618,3.9386306,3.9785018,1009.01484,1008.3887,1007.7895,0.000285561,0.000271086,0.000244618,23.115646366666667,0.3225653882370733,24.11464786666667
2018-05-22 06:30:00,4.037268,1009.50875,0.000326338,22.2142391,0.369955689,Mekunu,Phase 1,1,21.7869835,6,22,142,1.0,6.123233995736766e-17,23.0722332,22.8642673,23.0033131,0.364526063,0.365026325,0.36700356,3.9256203,3.8617618,3.9386306,1009.347,1009.01484,1008.3887,0.000307144,0.000285561,0.000271086,22.979937866666663,0.1059351454465763,23.59645685
2018-05-22 07:30:00,4.1268153,1009.4092,0.000292281,21.7869835,0.370681524,Mekunu,Phase 1,1,21.5194607,7,22,142,0.9659258262890684,-0.258819045,22.2142391,23.0722332,22.8642673,0.369955689,0.364526063,0.365026325,4.037268,3.9256203,3.8617618,1009.50875,1009.347,1009.01484,0.000326338,0.000307144,0.000285561,22.7169132,0.4475750127060934,23.136385916666665
2018-05-22 08:30:00,4.1966195,1008.9011,0.000281798,21.5194607,0.371366322,Mekunu,Phase 1,1,21.640152,8,22,142,0.8660254037844387,-0.5,21.7869835,22.2142391,23.0722332,0.370681524,0.369955689,0.364526063,4.1268153,4.037268,3.9256203,1009.4092,1009.50875,1009.347,0.000292281,0.000326338,0.000307144,22.3578186,0.6545441180338928,22.73673248333333
2018-05-22 09:30:00,4.354792,1008.31305,0.000272907,21.640152,0.371415496,Mekunu,Phase 1,1,21.7597294,9,22,142,0.7071067811865476,-0.707106781,21.5194607,21.7869835,22.2142391,0.371366322,0.370681524,0.369955689,4.1966195,4.1268153,4.037268,1008.9011,1009.4092,1009.50875,0.000281798,0.000292281,0.000326338,21.84022776666667,0.3504361143295083,22.41008281666667
2018-05-22 10:30:00,4.470205,1007.5829,0.000275131,21.7597294,0.371679872,Mekunu,Phase 1,1,21.9234619,10,22,142,0.4999999999999999,-0.866025404,21.640152,21.5194607,21.7869835,0.371415496,0.371366322,0.370681524,4.354792,4.1966195,4.1268153,1008.31305,1008.9011,1009.4092,0.000272907,0.000281798,0.000292281,21.6488654,0.1339740819513466,22.1828893
2018-05-22 11:30:00,4.726395,1007.0893,0.000287607,21.9234619,0.37075159,Mekunu,Phase 1,1,22.1836319,11,22,142,0.258819045,-0.965925826,21.7597294,21.640152,21.5194607,0.371679872,0.371415496,0.371366322,4.470205,4.354792,4.1966195,1007.5829,1008.31305,1008.9011,0.000275131,0.000272907,0.000281798,21.6397807,0.1201347803417735,21.99879965
2018-05-22 12:30:00,4.9045157,1006.7761,0.000304025,22.1836319,0.370232105,Mekunu,Phase 1,1,22.7868214,12,22,142,1.2246467991473532e-16,-1.0,21.9234619,21.7597294,21.640152,0.37075159,0.371679872,0.371415496,4.726395,4.470205,4.354792,1007.0893,1007.5829,1008.31305,0.000287607,0.000275131,0.000272907,21.77444776666667,0.1422272744503519,21.807337766666667
2018-05-22 13:30:00,4.9666243,1006.70734,0.000301805,22.7868214,0.370629728,Mekunu,Phase 1,1,24.0144939,13,22,142,-0.258819045,-0.965925826,22.1836319,21.9234619,21.7597294,0.370232105,0.37075159,0.371679872,4.9045157,4.726395,4.470205,1006.7761,1007.0893,1007.5829,0.000304025,0.000287607,0.000275131,21.95560773333333,0.2137717201295619,21.802236566666664
2018-05-22 14:30:00,4.9592214,1006.95625,0.000298631,24.0144939,0.37084499,Mekunu,Phase 1,1,24.5088425,14,22,142,-0.5,-0.866025404,22.7868214,22.1836319,21.9234619,0.370629728,0.370232105,0.37075159,4.9666243,4.9045157,4.726395,1006.70734,1006.7761,1007.0893,0.000301805,0.000304025,0.000287607,22.297971733333338,0.4428911883015338,21.96887621666667
2018-05-22 15:30:00,4.68892,1007.2742,0.000303742,24.5088425,0.369490713,Mekunu,Phase 1,1,24.9994183,15,22,142,-0.707106781,-0.707106781,24.0144939,22.7868214,22.1836319,0.37084499,0.370629728,0.370232105,4.9592214,4.9666243,4.9045157,1006.95625,1006.70734,1006.7761,0.000298631,0.000301805,0.000304025,22.9949824,0.9330124153524412,22.384715083333333
2018-05-22 16:30:00,4.5831413,1007.7514,0.000307574,24.9994183,0.368025124,Mekunu,Phase 1,1,25.6182423,16,22,142,-0.866025404,-0.5,24.5088425,24.0144939,22.7868214,0.369490713,0.37084499,0.370629728,4.68892,4.9592214,4.9666243,1007.2742,1006.95625,1006.70734,0.000303742,0.000298631,0.000301805,23.7700526,0.8866525977352102,22.86283016666667
2018-05-22 17:30:00,4.5713315,1008.3666,0.000306745,25.6182423,0.366082698,Mekunu,Phase 1,1,25.9917946,17,22,142,-0.965925826,-0.258819045,24.9994183,24.5088425,24.0144939,0.368025124,0.369490713,0.37084499,4.5831413,4.68892,4.9592214,1007.7514,1007.2742,1006.95625,0.000307574,0.000303742,0.000298631,24.5075849,0.4924634043227601,23.402778316666662
2018-05-22 18:30:00,4.5735965,1008.7583,0.000317695,25.9917946,0.364415169,Mekunu,Phase 2,2,26.0327091,18,22,142,-1.0,-1.84e-16,25.6182423,24.9994183,24.5088425,0.366082698,0.368025124,0.369490713,4.5713315,4.5831413,4.68892,1008.3666,1007.7514,1007.2742,0.000306745,0.000307574,0.000303742,25.0421677,0.5559340000937746,24.01857505
2018-05-22 19:30:00,4.6021786,1008.7714,0.00028493,26.0327091,0.363639802,Mekunu,Phase 2,2,25.6833286,19,22,142,-0.965925826,0.2588190451025203,25.9917946,25.6182423,24.9994183,0.364415169,0.366082698,0.368025124,4.5735965,4.5713315,4.5831413,1008.7583,1008.3666,1007.7514,0.000317695,0.000306745,0.000307574,25.53648506666666,0.5012143893606111,24.65326883333333
2018-05-22 20:30:00,4.607502,1008.4312,0.000305067,25.6833286,0.363277733,Mekunu,Phase 2,2,25.1080055,20,22,142,-0.866025404,0.5000000000000001,26.0327091,25.9917946,25.6182423,0.363639802,0.364415169,0.366082698,4.6021786,4.5735965,4.5713315,1008.7714,1008.7583,1008.3666,0.00028493,0.000317695,0.000306745,25.88091533333333,0.2283995203758456,25.194250116666662
2018-05-22 21:30:00,4.611759,1008.0228,0.000302847,25.1080055,0.364184678,Mekunu,Phase 2,2,24.4132423,21,22,142,-0.707106781,0.7071067811865474,25.6833286,26.0327091,25.9917946,0.363277733,0.363639802,0.364415169,4.607502,4.6021786,4.5735965,1008.4312,1008.7714,1008.7583,0.000305067,0.00028493,0.000317695,25.90261076666667,0.1910026191994112,25.47238923333333
2018-05-22 22:30:00,4.5339084,1007.34305,0.000314248,24.4132423,0.366024226,Mekunu,Phase 2,2,23.728817,22,22,142,-0.5,0.8660254037844384,25.1080055,25.6833286,26.0327091,0.364184678,0.363277733,0.363639802,4.611759,4.607502,4.6021786,1008.0228,1008.4312,1008.7714,0.000302847,0.000305067,0.00028493,25.6080144,0.4669297147370642,25.572249733333333
2018-05-22 23:30:00,4.5523334,1007.15836,0.000327917,23.728817,0.36801073,Mekunu,Phase 2,2,23.0967331,23,22,142,-0.258819045,0.965925826289068,24.4132423,25.1080055,25.6833286,0.366024226,0.364184678,0.363277733,4.5339084,4.611759,4.607502,1007.34305,1008.0228,1008.4312,0.000314248,0.000302847,0.000305067,25.06819213333333,0.6359784827224205,25.474553733333337
2018-05-23 00:30:00,4.5692644,1007.0458,0.000343531,23.0967331,0.36945039,Mekunu,Phase 2,2,22.7250729,0,23,143,0.0,1.0,23.728817,24.4132423,25.1080055,0.36801073,0.366024226,0.364184678,4.5523334,4.5339084,4.611759,1007.15836,1007.34305,1008.0228,0.000327917,0.000314248,0.000302847,24.416688266666668,0.6896007074008691,25.159649516666665
2018-05-23 01:30:00,4.561774,1007.2568,0.000378501,22.7250729,0.36941421,Mekunu,Phase 2,2,22.4742794,1,23,143,0.2588190451025207,0.9659258262890684,23.0967331,23.728817,24.4132423,0.36945039,0.36801073,0.366024226,4.5692644,4.5523334,4.5339084,1007.0458,1007.15836,1007.34305,0.000343531,0.000327917,0.000314248,23.74626413333333,0.6584279917100734,24.677139266666668
2018-05-23 02:30:00,4.540057,1007.7063,0.000393584,22.4742794,0.36846289,Mekunu,Phase 2,2,22.3153572,2,23,143,0.4999999999999999,0.8660254037844387,22.7250729,23.0967331,23.728817,0.36941421,0.36945039,0.36801073,4.561774,4.5692644,4.5523334,1007.2568,1007.0458,1007.15836,0.000378501,0.000343531,0.000327917,23.183541,0.5074714407708708,24.12586656666667
2018-05-23 03:30:00,4.4982176,1008.28586,0.000386495,22.3153572,0.366586477,Mekunu,Phase 2,2,22.468647,3,23,143,0.7071067811865475,0.7071067811865476,22.4742794,22.7250729,23.0967331,0.36846289,0.36941421,0.36945039,4.540057,4.561774,4.5692644,1007.7063,1007.2568,1007.0458,0.000393584,0.000378501,0.000343531,22.7653618,0.3131765456709585,23.59102503333333
2018-05-23 04:30:00,4.4838448,1008.65875,0.000363003,22.468647,0.365244985,Mekunu,Phase 2,2,21.7880993,4,23,143,0.8660254037844386,0.5000000000000001,22.3153572,22.4742794,22.7250729,0.366586477,0.36846289,0.36941421,4.4982176,4.540057,4.561774,1008.28586,1007.7063,1007.2568,0.000386495,0.000393584,0.000378501,22.50490316666667,0.2065674224565252,23.12558365
2018-05-23 05:30:00,4.5625544,1008.98516,0.000345981,21.7880993,0.364234507,Mekunu,Phase 2,2,21.2415867,5,23,143,0.9659258262890684,0.2588190451025207,22.468647,22.3153572,22.4742794,0.365244985,0.366586477,0.36846289,4.4838448,4.4982176,4.540057,1008.65875,1008.28586,1007.7063,0.000363003,0.000386495,0.000393584,22.419427866666663,0.090171829,22.80148443333333
2018-05-23 06:30:00,4.658209,1009.0708,0.000343672,21.2415867,0.351605654,Mekunu,Phase 2,2,20.4864597,6,23,143,1.0,6.123233995736766e-17,21.7880993,22.468647,22.3153572,0.364234507,0.365244985,0.366586477,4.5625544,4.4838448,4.4982176,1008.98516,1008.65875,1008.28586,0.000345981,0.000363003,0.000386495,22.190701166666667,0.3569882882934675,22.478031483333336
2018-05-23 07:30:00,4.7882686,1008.66695,0.000452931,20.4864597,0.349864721,Mekunu,Phase 2,2,19.9231567,7,23,143,0.9659258262890684,-0.258819045,21.2415867,21.7880993,22.468647,0.351605654,0.364234507,0.365244985,4.658209,4.5625544,4.4838448,1009.0708,1008.98516,1008.65875,0.000343672,0.000345981,0.000363003,21.83277766666667,0.6147490238260706,22.16884041666667
2018-05-23 08:30:00,5.057369,1008.0042,0.000481078,19.9231567,0.348818809,Mekunu,Phase 2,2,20.181921,8,23,143,0.8660254037844387,-0.5,20.4864597,21.2415867,21.7880993,0.349864721,0.351605654,0.364234507,4.7882686,4.658209,4.5625544,1008.66695,1009.0708,1008.98516,0.000452931,0.000343672,0.000345981,21.172048566666664,0.6536000887872829,21.795738216666667
2018-05-23 09:30:00,5.3380284,1007.0977,0.000496758,20.181921,0.344034672,Mekunu,Phase 2,2,20.222374,9,23,143,0.7071067811865476,-0.707106781,19.9231567,20.4864597,21.2415867,0.348818809,0.349864721,0.351605654,5.057369,4.7882686,4.658209,1008.0042,1008.66695,1009.0708,0.000481078,0.000452931,0.000343672,20.550401033333333,0.6615366859112441,21.3705511
2018-05-23 10:30:00,5.4431996,1006.3289,0.00050324,20.222374,0.342318386,Mekunu,Phase 2,2,20.4048252,10,23,143,0.4999999999999999,-0.866025404,20.181921,19.9231567,20.4864597,0.344034672,0.348818809,0.349864721,5.3380284,5.057369,4.7882686,1007.0977,1008.0042,1008.66695,0.000496758,0.000481078,0.000452931,20.19717913333333,0.2819613012932214,21.0149784
2018-05-23 11:30:00,5.702804,1005.5955,0.000481725,20.4048252,0.342689484,Mekunu,Phase 2,2,20.4971924,11,23,143,0.258819045,-0.965925826,20.222374,20.181921,19.9231567,0.342318386,0.344034672,0.348818809,5.4431996,5.3380284,5.057369,1006.3289,1007.0977,1008.0042,0.00050324,0.000496758,0.000481078,20.109150566666667,0.1623403835481696,20.640599566666666
2018-05-23 12:30:00,5.923015,1005.12266,0.000458475,20.4971924,0.34365198,Mekunu,Phase 2,2,20.5589142,12,23,143,1.2246467991473532e-16,-1.0,20.4048252,20.222374,20.181921,0.342689484,0.342318386,0.344034672,5.702804,5.4431996,5.3380284,1005.5955,1006.3289,1007.0977,0.000481725,0.00050324,0.000496758,20.269706733333333,0.118751258216977,20.410053883333333
2018-05-23 13:30:00,6.025549,1005.12445,0.000441545,20.5589142,0.34335503,Mekunu,Phase 2,2,20.9333782,13,23,143,-0.258819045,-0.965925826,20.4971924,20.4048252,20.222374,0.34365198,0.342689484,0.342318386,5.923015,5.702804,5.4431996,1005.12266,1005.5955,1006.3289,0.000458475,0.000481725,0.00050324,20.3747972,0.1398483065065172,20.285988166666662
2018-05-23 14:30:00,6.0053153,1005.36586,0.000428337,20.9333782,0.341082871,Mekunu,Phase 2,2,20.8358574,14,23,143,-0.5,-0.866025404,20.5589142,20.4971924,20.4048252,0.34335503,0.34365198,0.342689484,6.025549,5.923015,5.702804,1005.12445,1005.12266,1005.5955,0.000441545,0.000458475,0.000481725,20.486977266666667,0.077550736,20.298063916666667
2018-05-23 15:30:00,5.724545,1005.6406,0.000446668,20.8358574,0.336405009,Mekunu,Phase 2,2,20.7081375,15,23,143,-0.707106781,-0.707106781,20.9333782,20.5589142,20.4971924,0.341082871,0.34335503,0.34365198,6.0053153,6.025549,5.923015,1005.36586,1005.12445,1005.12266,0.000428337,0.000441545,0.000458475,20.6631616,0.2360405756127075,20.46643416666667
2018-05-23 16:30:00,5.6703787,1006.0063,0.000446638,20.7081375,0.332113773,Mekunu,Phase 2,2,20.7023087,16,23,143,-0.866025404,-0.5,20.8358574,20.9333782,20.5589142,0.336405009,0.341082871,0.34335503,5.724545,6.0053153,6.025549,1005.6406,1005.36586,1005.12445,0.000446668,0.000428337,0.000441545,20.77604993333333,0.1942640512959368,20.575423566666668
2018-05-23 17:30:00,5.7303357,1006.4093,0.000402194,20.7023087,0.329098105,Mekunu,Phase 2,2,20.6750412,17,23,143,-0.965925826,-0.258819045,20.7081375,20.8358574,20.9333782,0.332113773,0.336405009,0.341082871,5.6703787,5.724545,6.0053153,1006.0063,1005.6406,1005.36586,0.000446638,0.000446668,0.000428337,20.82579103333333,0.1129572575694893,20.65638415
2018-05-23 18:30:00,5.832421,1006.7675,0.000362039,20.6750412,0.328436255,Mekunu,Phase 2,2,20.6903229,18,23,143,-1.0,-1.84e-16,20.7023087,20.7081375,20.8358574,0.329098105,0.332113773,0.336405009,5.7303357,5.6703787,5.724545,1006.4093,1006.0063,1005.6406,0.000402194,0.000446638,0.000446668,20.748767866666665,0.075478035,20.70596473333333
2018-05-23 19:30:00,5.9339414,1006.6788,0.000370712,20.6903229,0.329971105,Mekunu,Phase 2,2,20.6492767,19,23,143,-0.965925826,0.2588190451025203,20.6750412,20.7023087,20.7081375,0.328436255,0.329098105,0.332113773,5.832421,5.7303357,5.6703787,1006.7675,1006.4093,1006.0063,0.000362039,0.000402194,0.000446638,20.695162466666662,0.0176675622727308,20.7356062
2018-05-23 20:30:00,6.049895,1006.3237,0.000400342,20.6492767,0.332698166,Mekunu,Phase 2,2,20.4074249,20,23,143,-0.866025404,0.5000000000000001,20.6903229,20.6750412,20.7023087,0.329971105,0.328436255,0.329098105,5.9339414,5.832421,5.7303357,1006.6788,1006.7675,1006.4093,0.000370712,0.000362039,0.000402194,20.689224266666667,0.0136669084126915,20.75750765
2018-05-23 21:30:00,6.143141,1005.8874,0.000425546,20.4074249,0.336704105,Mekunu,Phase 2,2,20.2311745,21,23,143,-0.707106781,0.7071067811865474,20.6492767,20.6903229,20.6750412,0.332698166,0.329971105,0.328436255,6.049895,5.9339414,5.832421,1006.3237,1006.6788,1006.7675,0.000400342,0.000370712,0.000362039,20.67154693333333,0.0207450008040732,20.7101574
2018-05-23 22:30:00,6.0822473,1005.0873,0.000436946,20.2311745,0.341464967,Mekunu,Phase 2,2,20.0915947,22,23,143,-0.5,0.8660254037844384,20.4074249,20.6492767,20.6903229,0.336704105,0.332698166,0.329971105,6.143141,6.049895,5.9339414,1005.8874,1006.3237,1006.6788,0.000425546,0.000400342,0.000370712,20.5823415,0.1528661517484446,20.63875198333333
2018-05-23 23:30:00,6.170677,1004.78805,0.000456285,20.0915947,0.344841242,Mekunu,Phase 2,2,19.8708992,23,23,143,-0.258819045,0.965925826289068,20.2311745,20.4074249,20.6492767,0.341464967,0.336704105,0.332698166,6.0822473,6.143141,6.049895,1005.0873,1005.8874,1006.3237,0.000436946,0.000425546,0.000400342,20.429292033333336,0.2099071010029724,20.55925815
2018-05-24 00:30:00,6.2453713,1004.7677,0.000488157,19.8708992,0.347085148,Mekunu,Phase 2,2,19.8186817,0,24,144,0.0,1.0,20.0915947,20.2311745,20.4074249,0.344841242,0.341464967,0.336704105,6.170677,6.0822473,6.143141,1004.78805,1005.0873,1005.8874,0.000456285,0.000436946,0.000425546,20.24339803333333,0.1582695165958133,20.457472483333333
2018-05-24 01:30:00,6.2968597,1005.0945,0.000517074,19.8186817,0.350848407,Mekunu,Phase 2,2,19.7955685,1,24,144,0.2588190451025207,0.9659258262890684,19.8708992,20.0915947,20.2311745,0.347085148,0.344841242,0.341464967,6.2453713,6.170677,6.0822473,1004.7677,1004.78805,1005.0873,0.000488157,0.000456285,0.000436946,20.064556133333337,0.1816532025953968,20.32344881666667
2018-05-24 02:30:00,6.336768,1005.54734,0.000529355,19.7955685,0.353089541,Mekunu,Phase 2,2,19.8904037,2,24,144,0.4999999999999999,0.8660254037844387,19.8186817,19.8708992,20.0915947,0.350848407,0.347085148,0.344841242,6.2968597,6.2453713,6.170677,1005.0945,1004.7677,1004.78805,0.000517074,0.000488157,0.000456285,19.927058533333334,0.1448646935339515,20.17817528333333
2018-05-24 03:30:00,6.3225555,1006.0649,0.000515336,19.8904037,0.354223788,Mekunu,Phase 2,2,19.6484528,3,24,144,0.7071067811865475,0.7071067811865476,19.7955685,19.8186817,19.8708992,0.353089541,0.350848407,0.347085148,6.336768,6.2968597,6.2453713,1005.54734,1005.0945,1004.7677,0.000529355,0.000517074,0.000488157,19.82838313333333,0.038591022,20.03589058333333
2018-05-24 04:30:00,6.267316,1006.5492,0.000468711,19.6484528,0.356779397,Mekunu,Phase 2,2,19.5054436,4,24,144,0.8660254037844386,0.5000000000000001,19.8904037,19.7955685,19.8186817,0.354223788,0.353089541,0.350848407,6.3225555,6.336768,6.2968597,1006.0649,1005.54734,1005.0945,0.000515336,0.000529355,0.000517074,19.83488463333333,0.049450279,19.94972038333333
2018-05-24 05:30:00,6.4196043,1006.927,0.000454237,19.5054436,0.359614909,Mekunu,Phase 2,2,19.0609245,5,24,144,0.9659258262890684,0.2588190451025207,19.6484528,19.8904037,19.7955685,0.356779397,0.354223788,0.353089541,6.267316,6.3225555,6.336768,1006.5492,1006.0649,1005.54734,0.000468711,0.000515336,0.000529355,19.778141666666667,0.1219132084428372,19.8526001
2018-05-24 06:30:00,6.6441493,1007.00266,0.000447403,19.0609245,0.338509589,Mekunu,Phase 2,2,18.8910828,6,24,144,1.0,6.123233995736766e-17,19.5054436,19.6484528,19.8904037,0.359614909,0.356779397,0.354223788,6.4196043,6.267316,6.3225555,1006.927,1006.5492,1006.0649,0.000454237,0.000468711,0.000515336,19.681433366666667,0.1945876614314168,19.75490825
2018-05-24 07:30:00,6.886528,1006.6652,0.000447769,18.8910828,0.340179294,Mekunu,Phase 2,2,18.8351307,7,24,144,0.9659258262890684,-0.258819045,19.0609245,19.5054436,19.6484528,0.338509589,0.359614909,0.356779397,6.6441493,6.4196043,6.267316,1007.00266,1006.927,1006.5492,0.000447403,0.000454237,0.000468711,19.4049403,0.3063871094032799,19.619912466666666
2018-05-24 08:30:00,7.151879,1006.04164,0.000411797,18.8351307,0.341757745,Mekunu,Phase 2,2,18.7458878,8,24,144,0.8660254037844387,-0.5,18.8910828,19.0609245,19.5054436,0.340179294,0.338509589,0.359614909,6.886528,6.6441493,6.4196043,1006.6652,1007.00266,1006.927,0.000447769,0.000447403,0.000454237,19.152483633333333,0.3172492778822868,19.46531265
2018-05-24 09:30:00,7.377271,1005.351,0.000426399,18.7458878,0.339815408,Mekunu,Phase 2,2,18.8462887,9,24,144,0.7071067811865476,-0.707106781,18.8351307,18.8910828,19.0609245,0.341757745,0.340179294,0.338509589,7.151879,6.886528,6.6441493,1006.04164,1006.6652,1007.00266,0.000411797,0.000447769,0.000447403,18.929046,0.117586621030629,19.305239683333337
2018-05-24 10:30:00,7.2580514,1004.6462,0.000412205,18.8462887,0.343732595,Mekunu,Phase 2,2,18.9837227,10,24,144,0.4999999999999999,-0.866025404,18.7458878,18.8351307,18.8910828,0.339815408,0.341757745,0.340179294,7.377271,7.151879,6.886528,1005.351,1006.04164,1006.6652,0.000426399,0.000411797,0.000447769,18.824033766666663,0.073230823,19.114487033333333
2018-05-24 11:30:00,7.4868236,1003.9061,0.00039096,18.9837227,0.346139163,Mekunu,Phase 2,2,18.8776951,11,24,144,0.258819045,-0.965925826,18.8462887,18.7458878,18.8351307,0.343732595,0.339815408,0.341757745,7.2580514,7.377271,7.151879,1004.6462,1005.351,1006.04164,0.000412205,0.000426399,0.000411797,18.8091024,0.055028988,18.980793016666667
2018-05-24 12:30:00,7.6622143,1003.5098,0.000382146,18.8776951,0.349422842,Mekunu,Phase 2,2,18.7295933,12,24,144,1.2246467991473532e-16,-1.0,18.9837227,18.8462887,18.7458878,0.346139163,0.343732595,0.339815408,7.4868236,7.2580514,7.377271,1003.9061,1004.6462,1005.351,0.00039096,0.000412205,0.000426399,18.858633066666663,0.1193970161097655,18.89383953333333
2018-05-24 13:30:00,7.7553744,1003.4576,0.000380382,18.7295933,0.35142681,Mekunu,Phase 2,2,18.6969757,13,24,144,-0.258819045,-0.965925826,18.8776951,18.9837227,18.8462887,0.349422842,0.346139163,0.343732595,7.6622143,7.4868236,7.2580514,1003.5098,1003.9061,1004.6462,0.000382146,0.00039096,0.000412205,18.902568833333333,0.072014256,18.8633013
2018-05-24 14:30:00,7.7603383,1003.7352,0.000366638,18.6969757,0.355340332,Mekunu,Phase 2,2,18.7019272,14,24,144,-0.5,-0.866025404,18.7295933,18.8776951,18.9837227,0.35142681,0.349422842,0.346139163,7.7553744,7.6622143,7.4868236,1003.4576,1003.5098,1003.9061,0.000380382,0.000382146,0.00039096,18.863670366666668,0.1276438711611536,18.83638638333333
2018-05-24 15:30:00,7.560813,1004.11164,0.000349609,18.7019272,0.357650787,Mekunu,Phase 2,2,18.4929714,15,24,144,-0.707106781,-0.707106781,18.6969757,18.7295933,18.8776951,0.355340332,0.35142681,0.349422842,7.7603383,7.7553744,7.6622143,1003.7352,1003.4576,1003.5098,0.000366638,0.000380382,0.000382146,18.76808803333333,0.096313336,18.81336055
2018-05-24 16:30:00,7.514665,1004.5119,0.000335289,18.4929714,0.360122681,Mekunu,Phase 2,2,18.3947544,16,24,144,-0.866025404,-0.5,18.7019272,18.6969757,18.7295933,0.357650787,0.355340332,0.35142681,7.560813,7.7603383,7.7553744,1004.11164,1003.7352,1003.4576,0.000349609,0.000366638,0.000380382,18.709498733333334,0.017577629,18.806033783333334
2018-05-24 17:30:00,7.513401,1005.0084,0.000315671,18.3947544,0.362654656,Mekunu,Phase 2,2,18.2068748,17,24,144,-0.965925826,-0.258819045,18.4929714,18.7019272,18.6969757,0.360122681,0.357650787,0.355340332,7.514665,7.560813,7.7603383,1004.5119,1004.11164,1003.7352,0.000335289,0.000349609,0.000366638,18.630624766666667,0.1192370175498299,18.747147566666666
2018-05-24 18:30:00,7.526203,1005.3879,0.000291465,18.2068748,0.366583258,Mekunu,Phase 2,2,18.0770798,18,24,144,-1.0,-1.84e-16,18.3947544,18.4929714,18.7019272,0.362654656,0.360122681,0.357650787,7.513401,7.514665,7.560813,1005.0084,1004.5119,1004.11164,0.000315671,0.000335289,0.000349609,18.52988433333333,0.1568779963874157,18.64898618333333
2018-05-24 19:30:00,7.5047784,1005.3551,0.000343317,18.0770798,0.370480686,Mekunu,Phase 2,2,17.7676907,19,24,144,-0.965925826,0.2588190451025203,18.2068748,18.3947544,18.4929714,0.366583258,0.362654656,0.360122681,7.526203,7.513401,7.514665,1005.3879,1005.0084,1004.5119,0.000291465,0.000315671,0.000335289,18.364866866666667,0.1453711271868382,18.5371828
2018-05-24 20:30:00,7.4916444,1004.9488,0.000356562,17.7676907,0.373215556,Mekunu,Phase 2,2,17.3075676,20,24,144,-0.866025404,0.5000000000000001,18.0770798,18.2068748,18.3947544,0.370480686,0.366583258,0.362654656,7.5047784,7.526203,7.513401,1005.3551,1005.3879,1005.0084,0.000343317,0.000291465,0.000315671,18.226236333333336,0.1597198785410685,18.42843055
2018-05-24 21:30:00,7.463099,1004.45055,0.000352977,17.3075676,0.372266829,Mekunu,Phase 2,2,16.8667927,21,24,144,-0.707106781,0.7071067811865474,17.7676907,18.0770798,18.2068748,0.373215556,0.370480686,0.366583258,7.4916444,7.5047784,7.526203,1004.9488,1005.3551,1005.3879,0.000356562,0.000343317,0.000291465,18.0172151,0.2256291318799326,18.27354971666667
2018-05-24 22:30:00,7.2783594,1003.5463,0.000355342,16.8667927,0.369425923,Mekunu,Phase 2,2,16.4751816,22,24,144,-0.5,0.8660254037844384,17.3075676,17.7676907,18.0770798,0.372266829,0.373215556,0.370480686,7.463099,7.4916444,7.5047784,1004.45055,1004.9488,1005.3551,0.000352977,0.000356562,0.000343317,17.71744603333333,0.3872087955918187,18.04115645
2018-05-24 23:30:00,7.2365427,1003.4164,0.000365206,16.4751816,0.365648746,Mekunu,Phase 2,2,16.222023,23,24,144,-0.258819045,0.965925826289068,16.8667927,17.3075676,17.7676907,0.369425923,0.372266829,0.373215556,7.2783594,7.463099,7.4916444,1003.5463,1004.45055,1004.9488,0.000355342,0.000352977,0.000356562,17.314017,0.4504836264187562,17.770126666666666
2018-05-25 00:30:00,7.172928,1003.538,0.000371637,16.222023,0.362325847,Mekunu,Phase 2,2,16.1434612,0,25,145,0.0,1.0,16.4751816,16.8667927,17.3075676,0.365648746,0.369425923,0.372266829,7.2365427,7.2783594,7.463099,1003.4164,1003.5463,1004.45055,0.000365206,0.000355342,0.000352977,16.883180633333335,0.4164349127034488,17.450197866666667
2018-05-25 01:30:00,7.1249294,1003.7984,0.000373793,16.1434612,0.358832866,Mekunu,Phase 2,2,16.1456585,1,25,145,0.2588190451025207,0.9659258262890684,16.222023,16.4751816,16.8667927,0.362325847,0.365648746,0.369425923,7.172928,7.2365427,7.2783594,1003.538,1003.4164,1003.5463,0.000371637,0.000365206,0.000355342,16.521332433333335,0.3248529145208202,17.119389233333333
2018-05-25 02:30:00,7.132784,1004.3719,0.000364102,16.1456585,0.353705138,Mekunu,Phase 2,2,16.179594,2,25,145,0.4999999999999999,0.8660254037844387,16.1434612,16.222023,16.4751816,0.358832866,0.362325847,0.365648746,7.1249294,7.172928,7.2365427,1003.7984,1003.538,1003.4164,0.000373793,0.000371637,0.000365206,16.280221933333333,0.1733491933209443,16.79711946666667
2018-05-25 03:30:00,7.1398187,1005.0446,0.000344174,16.179594,0.350028008,Mekunu,Phase 2,2,16.2627716,3,25,145,0.7071067811865475,0.7071067811865476,16.1456585,16.1434612,16.222023,0.353705138,0.358832866,0.362325847,7.132784,7.1249294,7.172928,1004.3719,1003.7984,1003.538,0.000364102,0.000373793,0.000371637,16.1703809,0.044736863,16.526780766666665
2018-05-25 04:30:00,7.2229924,1005.65945,0.000318229,16.2627716,0.352606714,Mekunu,Phase 2,2,16.4262772,4,25,145,0.8660254037844386,0.5000000000000001,16.179594,16.1456585,16.1434612,0.350028008,0.353705138,0.358832866,7.1398187,7.132784,7.1249294,1005.0446,1004.3719,1003.7984,0.000344174,0.000364102,0.000373793,16.1562379,0.0202567911417511,16.338785166666668
2018-05-25 05:30:00,7.4393563,1006.0721,0.000297852,16.4262772,0.353078097,Mekunu,Phase 2,2,16.4418488,5,25,145,0.9659258262890684,0.2588190451025207,16.2627716,16.179594,16.1456585,0.352606714,0.350028008,0.353705138,7.2229924,7.1398187,7.132784,1005.65945,1005.0446,1004.3719,0.000318229,0.000344174,0.000364102,16.196008033333335,0.06025724,16.238114983333336
2018-05-25 06:30:00,7.6269298,1006.10484,0.000282012,16.4418488,0.338161707,Mekunu,Phase 2,2,16.8868103,6,25,145,1.0,6.123233995736766e-17,16.4262772,16.2627716,16.179594,0.353078097,0.352606714,0.350028008,7.4393563,7.2229924,7.1398187,1006.0721,1005.65945,1005.0446,0.000297852,0.000318229,0.000344174,16.289547600000002,0.125502453851264,16.229964250000002
2018-05-25 07:30:00,7.7678385,1005.7577,0.000236804,16.8868103,0.340354532,Mekunu,Phase 2,2,17.1307487,7,25,145,0.9659258262890684,-0.258819045,16.4418488,16.4262772,16.2627716,0.338161707,0.353078097,0.352606714,7.6269298,7.4393563,7.2229924,1006.10484,1006.0721,1005.65945,0.000282012,0.000297852,0.000318229,16.376965866666666,0.099201142,16.266601883333333
2018-05-25 08:30:00,7.8511825,1005.2972,0.000229856,17.1307487,0.343366265,Mekunu,Phase 2,2,15.9916954,8,25,145,0.8660254037844387,-0.5,16.8868103,16.4418488,16.4262772,0.340354532,0.338161707,0.353078097,7.7678385,7.6269298,7.4393563,1005.7577,1006.10484,1006.0721,0.000236804,0.000282012,0.000297852,16.584978766666666,0.2615097026259774,16.3904934
2018-05-25 09:30:00,7.8722653,1004.6207,0.000237352,15.9916954,0.309607923,Mekunu,Phase 2,2,16.0488358,9,25,145,0.7071067811865476,-0.707106781,17.1307487,16.8868103,16.4418488,0.343366265,0.340354532,0.338161707,7.8511825,7.7678385,7.6269298,1005.2972,1005.7577,1006.10484,0.000229856,0.000236804,0.000282012,16.8198026,0.3493040107837161,16.5546751
2018-05-25 10:30:00,7.6812987,1004.22125,0.000242406,16.0488358,0.310494989,Mekunu,Phase 2,2,16.1749287,10,25,145,0.4999999999999999,-0.866025404,15.9916954,17.1307487,16.8868103,0.309607923,0.343366265,0.340354532,7.8722653,7.8511825,7.7678385,1004.6207,1005.2972,1005.7577,0.000237352,0.000229856,0.000236804,16.669751466666668,0.5997470365965702,16.523358666666667
2018-05-25 11:30:00,7.759771,1003.6025,0.000257954,16.1749287,0.311243355,Mekunu,Phase 2,2,15.8869638,11,25,145,0.258819045,-0.965925826,16.0488358,15.9916954,17.1307487,0.310494989,0.309607923,0.343366265,7.6812987,7.8722653,7.8511825,1004.22125,1004.6207,1005.2972,0.000242406,0.000237352,0.000229856,16.39042663333333,0.6417739696523805,16.4877027
2018-05-25 12:30:00,7.8288126,1003.4619,0.000255353,15.8869638,0.311762124,Mekunu,Phase 2,2,15.7203627,12,25,145,1.2246467991473532e-16,-1.0,16.1749287,16.0488358,15.9916954,0.311243355,0.310494989,0.309607923,7.759771,7.6812987,7.8722653,1003.6025,1004.22125,1004.6207,0.000257954,0.000242406,0.000237352,16.071819966666666,0.093754011,16.44581128333333
2018-05-25 13:30:00,7.892878,1003.5052,0.000252371,15.7203627,0.311439276,Mekunu,Phase 2,2,15.6903038,13,25,145,-0.258819045,-0.965925826,15.8869638,16.1749287,16.0488358,0.311762124,0.311243355,0.310494989,7.8288126,7.759771,7.6812987,1003.4619,1003.6025,1004.22125,0.000255353,0.000257954,0.000242406,16.03690943333333,0.1443524318275954,16.353330449999998
2018-05-25 14:30:00,7.900474,1003.7711,0.000240454,15.6903038,0.310110658,Mekunu,Phase 2,2,15.4507246,14,25,145,-0.5,-0.866025404,15.7203627,15.8869638,16.1749287,0.311439276,0.311762124,0.311243355,7.892878,7.8288126,7.759771,1003.5052,1003.4619,1003.6025,0.000252371,0.000255353,0.000257954,15.9274184,0.2299673739577205,16.158922516666667
2018-05-25 15:30:00,7.682665,1004.2098,0.000259365,15.4507246,0.308549255,Mekunu,Phase 2,2,14.8503799,15,25,145,-0.707106781,-0.707106781,15.6903038,15.7203627,15.8869638,0.310110658,0.311439276,0.311762124,7.900474,7.892878,7.8288126,1003.7711,1003.5052,1003.4619,0.000240454,0.000252371,0.000255353,15.765876766666668,0.1059360023719425,15.918848366666666
2018-05-25 16:30:00,7.5329576,1004.7991,0.000263021,14.8503799,0.306231976,Mekunu,Phase 2,2,14.4349775,16,25,145,-0.866025404,-0.5,15.4507246,15.6903038,15.7203627,0.308549255,0.310110658,0.311439276,7.682665,7.900474,7.892878,1004.2098,1003.7711,1003.5052,0.000259365,0.000240454,0.000252371,15.6204637,0.1477646978106032,15.828686566666669
2018-05-25 17:30:00,7.4704504,1005.3491,0.000246388,14.4349775,0.304190367,Mekunu,Phase 2,2,14.1758041,17,25,145,-0.965925826,-0.258819045,14.8503799,15.4507246,15.6903038,0.306231976,0.308549255,0.310110658,7.5329576,7.682665,7.900474,1004.7991,1004.2098,1003.7711,0.000263021,0.000259365,0.000240454,15.330469433333333,0.4326823526335218,15.628943916666666
2018-05-25 18:30:00,7.3980217,1005.7848,0.0002483,14.1758041,0.303024948,Mekunu,Phase 2,2,14.0901699,18,25,145,-1.0,-1.84e-16,14.4349775,14.8503799,15.4507246,0.304190367,0.306231976,0.308549255,7.4704504,7.5329576,7.682665,1005.3491,1004.7991,1004.2098,0.000246388,0.000263021,0.000259365,14.912027333333333,0.5106719566582921,15.33895205
2018-05-25 19:30:00,7.32621,1005.8308,0.000264223,14.0901699,0.30238533,Mekunu,Phase 2,2,14.0028915,19,25,145,-0.965925826,0.2588190451025203,14.1758041,14.4349775,14.8503799,0.303024948,0.304190367,0.306231976,7.3980217,7.4704504,7.5329576,1005.7848,1005.3491,1004.7991,0.0002483,0.000246388,0.000263021,14.487053833333334,0.3402897087140149,15.053758766666666
2018-05-25 20:30:00,7.260243,1005.6597,0.000260299,14.0028915,0.301845372,Mekunu,Phase 2,2,13.9291201,20,25,145,-0.866025404,0.5000000000000001,14.0901699,14.1758041,14.4349775,0.30238533,0.303024948,0.304190367,7.32621,7.3980217,7.4704504,1005.8308,1005.7848,1005.3491,0.000264223,0.0002483,0.000246388,14.2336505,0.1795347452426466,14.782059966666669
2018-05-25 21:30:00,7.188662,1005.1014,0.000246232,13.9291201,0.301146716,Mekunu,Phase 2,2,13.9684801,21,25,145,-0.707106781,0.7071067811865474,14.0028915,14.0901699,14.1758041,0.301845372,0.30238533,0.303024948,7.260243,7.32621,7.3980217,1005.6597,1005.8308,1005.7848,0.000260299,0.000264223,0.0002483,14.089621833333334,0.086457603,14.500824583333332
2018-05-25 22:30:00,7.356502,1004.5244,0.000234972,13.9684801,0.300284207,Mekunu,Phase 2,2,14.1846952,22,25,145,-0.5,0.8660254037844384,13.9291201,14.0028915,14.0901699,0.301146716,0.301845372,0.30238533,7.188662,7.260243,7.32621,1005.1014,1005.6597,1005.8308,0.000246232,0.000260299,0.000264223,14.007393833333332,0.080619246,14.247223833333331
2018-05-25 23:30:00,7.2911434,1004.45516,0.000227547,14.1846952,0.29847309,Mekunu,Phase 2,2,14.5732021,23,25,145,-0.258819045,0.965925826289068,13.9684801,13.9291201,14.0028915,0.300284207,0.301146716,0.301845372,7.356502,7.188662,7.260243,1004.5244,1005.1014,1005.6597,0.000234972,0.000246232,0.000260299,13.966830566666667,0.0369133523923508,14.100240533333334
2018-05-26 00:30:00,7.2437553,1004.4144,0.000213197,14.5732021,0.295683563,Mekunu,Phase 2,2,14.8809376,0,26,146,0.0,1.0,14.1846952,13.9684801,13.9291201,0.29847309,0.300284207,0.301146716,7.2911434,7.356502,7.188662,1004.45516,1004.5244,1005.1014,0.000227547,0.000234972,0.000246232,14.0274318,0.13760863,14.058526816666664
2018-05-26 01:30:00,7.199028,1004.6423,0.000200743,14.8809376,0.293867558,Mekunu,Phase 2,2,15.1000214,1,26,146,0.2588190451025207,0.9659258262890684,14.5732021,14.1846952,13.9684801,0.295683563,0.29847309,0.300284207,7.2437553,7.2911434,7.356502,1004.4144,1004.45516,1004.5244,0.000213197,0.000227547,0.000234972,14.242125800000002,0.3064243457746963,14.124759816666668
2018-05-26 02:30:00,7.1588287,1005.2904,0.000190185,15.1000214,0.29321909,Mekunu,Phase 2,2,15.3610201,2,26,146,0.4999999999999999,0.8660254037844387,14.8809376,14.5732021,14.1846952,0.293867558,0.295683563,0.29847309,7.199028,7.2437553,7.2911434,1004.6423,1004.4144,1004.45516,0.000200743,0.000213197,0.000227547,14.5462783,0.3489011867913937,14.256554433333331
2018-05-26 03:30:00,7.1123996,1005.9167,0.000172995,15.3610201,0.292820692,Mekunu,Phase 2,2,15.7848768,3,26,146,0.7071067811865475,0.7071067811865476,15.1000214,14.8809376,14.5732021,0.29321909,0.293867558,0.295683563,7.1588287,7.199028,7.2437553,1005.2904,1004.6423,1004.4144,0.000190185,0.000200743,0.000213197,14.851387033333332,0.2646499021462677,14.439409416666663
2018-05-26 04:30:00,7.1363015,1006.5538,0.000165382,15.7848768,0.294288069,Mekunu,Phase 2,2,16.1681271,4,26,146,0.8660254037844386,0.5000000000000001,15.3610201,15.1000214,14.8809376,0.292820692,0.29321909,0.293867558,7.1123996,7.1588287,7.199028,1005.9167,1005.2904,1004.6423,0.000172995,0.000190185,0.000200743,15.113993033333331,0.2403460143318863,14.678059416666668
2018-05-26 05:30:00,7.286814,1006.8953,0.000163861,16.1681271,0.297977626,Mekunu,Phase 2,2,16.4554443,5,26,146,0.9659258262890684,0.2588190451025207,15.7848768,15.3610201,15.1000214,0.294288069,0.292820692,0.29321909,7.1363015,7.1123996,7.1588287,1006.5538,1005.9167,1005.2904,0.000165382,0.000172995,0.000190185,15.4153061,0.3456399240169499,14.980792199999998
2018-05-26 06:30:00,7.442783,1006.9909,0.000152048,16.4554443,0.284971178,Mekunu,Phase 3,3,17.0868835,6,26,146,1.0,6.123233995736766e-17,16.1681271,15.7848768,15.3610201,0.297977626,0.294288069,0.292820692,7.286814,7.1363015,7.1123996,1006.8953,1006.5538,1005.9167,0.000163861,0.000165382,0.000172995,15.771341333333332,0.4037237099871732,15.311364183333334
2018-05-26 07:30:00,7.552307,1006.62805,0.000165907,17.0868835,0.290827602,Mekunu,Phase 3,3,17.7363796,7,26,146,0.9659258262890684,-0.258819045,16.4554443,16.1681271,15.7848768,0.284971178,0.297977626,0.294288069,7.442783,7.286814,7.1363015,1006.9909,1006.8953,1006.5538,0.000152048,0.000163861,0.000165382,16.136149399999997,0.3364255088235208,15.625071216666669
2018-05-26 08:30:00,7.670594,1006.2308,0.000162902,17.7363796,0.297257781,Mekunu,Phase 3,3,19.9902611,8,26,146,0.8660254037844387,-0.5,17.0868835,16.4554443,16.1681271,0.290827602,0.284971178,0.297977626,7.552307,7.442783,7.286814,1006.62805,1006.9909,1006.8953,0.000165907,0.000152048,0.000163861,16.570151633333335,0.4699964466628407,15.992728866666669
2018-05-26 09:30:00,7.8187027,1005.4468,0.000167211,19.9902611,0.319411308,Mekunu,Phase 3,3,20.6898212,9,26,146,0.7071067811865476,-0.707106781,17.7363796,17.0868835,16.4554443,0.297257781,0.290827602,0.284971178,7.670594,7.552307,7.442783,1006.2308,1006.62805,1006.9909,0.000162902,0.000165907,0.000152048,17.09290246666667,0.6404888614694502,16.4321219
2018-05-26 10:30:00,7.9771934,1004.9071,0.000173586,20.6898212,0.325517803,Mekunu,Phase 3,3,21.8117676,10,26,146,0.4999999999999999,-0.866025404,19.9902611,17.7363796,17.0868835,0.319411308,0.297257781,0.290827602,7.8187027,7.670594,7.552307,1005.4468,1006.2308,1006.62805,0.000167211,0.000162902,0.000165907,18.271174733333336,1.5237797570591636,17.203662066666666
2018-05-26 11:30:00,7.9711447,1004.0909,0.00018218,21.8117676,0.332032889,Mekunu,Phase 3,3,23.6768169,11,26,146,0.258819045,-0.965925826,20.6898212,19.9902611,17.7363796,0.325517803,0.319411308,0.297257781,7.9771934,7.8187027,7.670594,1004.9071,1005.4468,1006.2308,0.000173586,0.000167211,0.000162902,19.472153966666667,1.5433828340242886,18.0211528
2018-05-26 12:30:00,7.9218774,1003.8413,0.000186875,23.6768169,0.35164389,Mekunu,Phase 3,3,23.9587193,12,26,146,1.2246467991473532e-16,-1.0,21.8117676,20.6898212,19.9902611,0.332032889,0.325517803,0.319411308,7.9711447,7.9771934,7.8187027,1004.0909,1004.9071,1005.4468,0.00018218,0.000173586,0.000167211,20.83061663333333,0.9188792074702712,18.96175955
2018-05-26 13:30:00,7.8404555,1003.8113,0.000189302,23.9587193,0.354165435,Mekunu,Phase 3,3,22.8725815,13,26,146,-0.258819045,-0.965925826,23.6768169,21.8117676,20.6898212,0.35164389,0.332032889,0.325517803,7.9218774,7.9711447,7.9771934,1003.8413,1004.0909,1004.9071,0.000186875,0.00018218,0.000173586,22.059468566666663,1.508824925105716,20.16532165
2018-05-26 14:30:00,7.6995325,1004.1411,0.000187919,22.8725815,0.35472247,Mekunu,Phase 3,3,20.8863888,14,26,146,-0.5,-0.866025404,23.9587193,23.6768169,21.8117676,0.354165435,0.35164389,0.332032889,7.8404555,7.9218774,7.9711447,1003.8113,1003.8413,1004.0909,0.000189302,0.000186875,0.00018218,23.149101266666666,1.1667104365614618,21.310627616666668
2018-05-26 15:30:00,7.3879514,1004.61984,0.000193074,20.8863888,0.354004532,Mekunu,Phase 3,3,19.2581406,15,26,146,-0.707106781,-0.707106781,22.8725815,23.9587193,23.6768169,0.35472247,0.354165435,0.35164389,7.6995325,7.8404555,7.9218774,1004.1411,1003.8113,1003.8413,0.000187919,0.000189302,0.000186875,23.5027059,0.5636131744271621,22.166661266666665
2018-05-26 16:30:00,7.164918,1005.2376,0.000181924,19.2581406,0.352440089,Mekunu,Phase 3,3,18.1993942,16,26,146,-0.866025404,-0.5,20.8863888,22.8725815,23.9587193,0.354004532,0.35472247,0.354165435,7.3879514,7.6995325,7.8404555,1004.61984,1004.1411,1003.8113,0.000193074,0.000187919,0.000189302,22.5725632,1.5579832831448033,22.31601588333333
2018-05-26 17:30:00,7.110372,1005.9631,0.000181483,18.1993942,0.350821257,Mekunu,Phase 3,3,17.4416866,17,26,146,-0.965925826,-0.258819045,19.2581406,20.8863888,22.8725815,0.352440089,0.354004532,0.35472247,7.164918,7.3879514,7.6995325,1005.2376,1004.61984,1004.1411,0.000181924,0.000193074,0.000187919,21.005703633333333,1.810172029666849,22.07740245
2018-05-26 18:30:00,7.068325,1006.434,0.000180555,17.4416866,0.34961009,Mekunu,Phase 3,3,16.8987103,18,26,146,-1.0,-1.84e-16,18.1993942,19.2581406,20.8863888,0.350821257,0.352440089,0.354004532,7.110372,7.164918,7.3879514,1005.9631,1005.2376,1004.61984,0.000181483,0.000181924,0.000193074,19.447974533333333,1.353518632,21.475340216666662
2018-05-26 19:30:00,6.9956045,1006.548,0.000185295,16.8987103,0.349715739,Mekunu,Phase 3,3,16.4345303,19,26,146,-0.965925826,0.2588190451025203,17.4416866,18.1993942,19.2581406,0.34961009,0.350821257,0.352440089,7.068325,7.110372,7.164918,1006.434,1005.9631,1005.2376,0.000180555,0.000181483,0.000181924,18.299740466666663,0.9123750947140764,20.43615183333333
2018-05-26 20:30:00,6.9144664,1006.4012,0.000181307,16.4345303,0.35069713,Mekunu,Phase 3,3,16.2327843,20,26,146,-0.866025404,0.5000000000000001,16.8987103,17.4416866,18.1993942,0.349715739,0.34961009,0.350821257,6.9956045,7.068325,7.110372,1006.548,1006.434,1005.9631,0.000185295,0.000180555,0.000181483,17.5132637,0.6532894556497882,19.259483666666664
2018-05-26 21:30:00,6.815864,1005.9633,0.000168189,16.2327843,0.351750731,Mekunu,Phase 3,3,16.2588844,21,26,146,-0.707106781,0.7071067811865474,16.4345303,16.8987103,17.4416866,0.35069713,0.349715739,0.34961009,6.9144664,6.9956045,7.068325,1006.4012,1006.548,1006.434,0.000181307,0.000185295,0.000180555,16.924975733333333,0.5040916165724922,18.18647513333333
2018-05-26 22:30:00,6.680514,1005.5784,0.000157313,16.2588844,0.352543294,Mekunu,Phase 3,3,16.3832359,22,26,146,-0.5,0.8660254037844384,16.2327843,16.4345303,16.8987103,0.351750731,0.35069713,0.349715739,6.815864,6.9144664,6.9956045,1005.9633,1006.4012,1006.548,0.000168189,0.000181307,0.000185295,16.5220083,0.3414727803678033,17.410874383333333
2018-05-26 23:30:00,6.5860147,1005.2743,0.000142324,16.3832359,0.352817863,Mekunu,Phase 3,3,16.6264019,23,26,146,-0.258819045,0.965925826289068,16.2588844,16.2327843,16.4345303,0.352543294,0.351750731,0.35069713,6.680514,6.815864,6.9144664,1005.5784,1005.9633,1006.4012,0.000157313,0.000168189,0.000181307,16.308733,0.1097224877615953,16.91099835
2018-05-27 00:30:00,6.513513,1005.34984,0.000128045,16.6264019,0.352917105,Mekunu,Phase 3,3,16.9474201,0,27,147,0.0,1.0,16.3832359,16.2588844,16.2327843,0.352817863,0.352543294,0.351750731,6.5860147,6.680514,6.815864,1005.2743,1005.5784,1005.9633,0.000142324,0.000157313,0.000168189,16.291634866666666,0.080395061,16.6083053
2018-05-27 01:30:00,6.4750123,1005.5847,0.000107273,16.9474201,0.353455365,Mekunu,Phase 3,3,17.3798561,1,27,147,0.2588190451025207,0.9659258262890684,16.6264019,16.3832359,16.2588844,0.352917105,0.352817863,0.352543294,6.513513,6.5860147,6.680514,1005.34984,1005.2743,1005.5784,0.000128045,0.000142324,0.000157313,16.422840733333334,0.1869323014334479,16.472424516666667
2018-05-27 02:30:00,6.4724855,1006.0373,8.82e-05,17.3798561,0.353899121,Mekunu,Phase 3,3,17.868845,2,27,147,0.4999999999999999,0.8660254037844387,16.9474201,16.6264019,16.3832359,0.353455365,0.352917105,0.352817863,6.4750123,6.513513,6.5860147,1005.5847,1005.34984,1005.2743,0.000107273,0.000128045,0.000142324,16.652352633333333,0.2829859242134349,16.480542816666667
2018-05-27 03:30:00,6.515618,1006.7042,7.67e-05,17.868845,0.352981478,Mekunu,Phase 3,3,18.3399601,3,27,147,0.7071067811865475,0.7071067811865476,17.3798561,16.9474201,16.6264019,0.353899121,0.353455365,0.352917105,6.4724855,6.4750123,6.513513,1006.0373,1005.5847,1005.34984,8.82e-05,0.000107273,0.000128045,16.984559366666666,0.3780976087215174,16.638097116666668
2018-05-27 04:30:00,6.5717893,1007.40336,6.73e-05,18.3399601,0.352757275,Mekunu,Phase 3,3,18.918684,4,27,147,0.8660254037844386,0.5000000000000001,17.868845,17.3798561,16.9474201,0.352981478,0.353899121,0.353455365,6.515618,6.4724855,6.4750123,1006.7042,1006.0373,1005.5847,7.67e-05,8.82e-05,0.000107273,17.398707066666667,0.4610016060637065,16.9107739
2018-05-27 05:30:00,6.800057,1007.83125,6.19e-05,18.918684,0.354635,Mekunu,Phase 3,3,20.0633926,5,27,147,0.9659258262890684,0.2588190451025207,18.3399601,17.868845,17.3798561,0.352757275,0.352981478,0.353899121,6.5717893,6.515618,6.4724855,1007.40336,1006.7042,1006.0373,6.73e-05,7.67e-05,8.82e-05,17.86288706666667,0.4800797282028376,17.25761985
2018-05-27 06:30:00,6.9545593,1008.06984,5.45e-05,20.0633926,0.329161048,Mekunu,Phase 3,3,21.0616703,6,27,147,1.0,6.123233995736766e-17,18.918684,18.3399601,17.868845,0.354635,0.352757275,0.352981478,6.800057,6.5717893,6.515618,1007.83125,1007.40336,1006.7042,6.19e-05,6.73e-05,7.67e-05,18.3758297,0.5258378577408386,17.68019453333333
2018-05-27 07:30:00,7.0727034,1007.9134,4.26e-05,21.0616703,0.333910376,Mekunu,Phase 3,3,22.1103573,7,27,147,0.9659258262890684,-0.258819045,20.0633926,18.918684,18.3399601,0.329161048,0.354635,0.352757275,6.9545593,6.800057,6.5717893,1008.06984,1007.83125,1007.40336,5.45e-05,6.19e-05,6.73e-05,19.107345566666663,0.8770688602196576,18.253026316666663
2018-05-27 08:30:00,7.1488223,1007.45336,3.9e-05,22.1103573,0.339403003,Mekunu,Phase 3,3,24.7475262,8,27,147,0.8660254037844387,-0.5,21.0616703,20.0633926,18.918684,0.333910376,0.329161048,0.354635,7.0727034,6.9545593,6.800057,1007.9134,1008.06984,1007.83125,4.26e-05,5.45e-05,6.19e-05,20.0145823,1.072326631459181,18.938734683333333
2018-05-27 09:30:00,7.2302475,1006.7966,3.96e-05,24.7475262,0.344132572,Mekunu,Phase 3,3,26.3287563,9,27,147,0.7071067811865476,-0.707106781,22.1103573,21.0616703,20.0633926,0.339403003,0.333910376,0.329161048,7.1488223,7.0727034,6.9545593,1007.45336,1007.9134,1008.06984,3.9e-05,4.26e-05,5.45e-05,21.0784734,1.0235857945911673,19.72715155
2018-05-27 10:30:00,7.1582136,1006.1077,5.56e-05,26.3287563,0.349807322,Mekunu,Phase 3,3,27.5278187,10,27,147,0.4999999999999999,-0.866025404,24.7475262,22.1103573,21.0616703,0.344132572,0.339403003,0.333910376,7.2302475,7.1488223,7.0727034,1006.7966,1007.45336,1007.9134,3.96e-05,3.9e-05,4.26e-05,22.639851266666668,1.89911988153555,20.873598416666667
2018-05-27 11:30:00,7.1928263,1005.5794,5.62e-05,27.5278187,0.355779201,Mekunu,Phase 3,3,27.7271729,11,27,147,0.258819045,-0.965925826,26.3287563,24.7475262,22.1103573,0.349807322,0.344132572,0.339403003,7.1582136,7.2302475,7.1488223,1006.1077,1006.7966,1007.45336,5.56e-05,3.96e-05,3.9e-05,24.3955466,2.1311123292572973,22.20506445
2018-05-27 12:30:00,7.178228,1005.1709,5.94e-05,27.7271729,0.361347079,Mekunu,Phase 3,3,27.2445736,12,27,147,1.2246467991473532e-16,-1.0,27.5278187,26.3287563,24.7475262,0.355779201,0.349807322,0.344132572,7.1928263,7.1582136,7.2302475,1005.5794,1006.1077,1006.7966,5.62e-05,5.56e-05,3.96e-05,26.201367066666663,1.3945169805226838,23.63992023333333
2018-05-27 13:30:00,7.1064253,1005.0637,5.21e-05,27.2445736,0.366288751,Mekunu,Phase 3,3,25.7191505,13,27,147,-0.258819045,-0.965925826,27.7271729,27.5278187,26.3287563,0.361347079,0.355779201,0.349807322,7.178228,7.1928263,7.1582136,1005.1709,1005.5794,1006.1077,5.94e-05,5.62e-05,5.56e-05,27.194582633333336,0.7564237925162007,24.91721695
2018-05-27 14:30:00,7.010276,1005.3027,5.61e-05,25.7191505,0.370166838,Mekunu,Phase 3,3,23.9857445,14,27,147,-0.5,-0.866025404,27.2445736,27.7271729,27.5278187,0.366288751,0.361347079,0.355779201,7.1064253,7.178228,7.1928263,1005.0637,1005.1709,1005.5794,5.21e-05,5.94e-05,5.62e-05,27.49985506666667,0.2425118444161467,25.94770083333333
2018-05-27 15:30:00,6.7285233,1005.74,5.22e-05,23.9857445,0.372782111,Mekunu,Phase 3,3,22.6733265,15,27,147,-0.707106781,-0.707106781,25.7191505,27.2445736,27.7271729,0.370166838,0.366288751,0.361347079,7.010276,7.1064253,7.178228,1005.3027,1005.0637,1005.1709,5.61e-05,5.21e-05,5.94e-05,26.89696566666667,1.0481707619528116,26.549166366666668
2018-05-27 16:30:00,6.495337,1006.3357,4.83e-05,22.6733265,0.374148756,Mekunu,Phase 3,3,21.5514355,16,27,147,-0.866025404,-0.5,23.9857445,25.7191505,27.2445736,0.372782111,0.370166838,0.366288751,6.7285233,7.010276,7.1064253,1005.74,1005.3027,1005.0637,5.22e-05,5.61e-05,5.21e-05,25.649822866666668,1.6305203207287855,26.42220275
2018-05-27 17:30:00,6.4235277,1006.9302,4.07e-05,21.5514355,0.37461862,Mekunu,Phase 3,3,20.9901886,17,27,147,-0.965925826,-0.258819045,22.6733265,23.9857445,25.7191505,0.374148756,0.372782111,0.370166838,6.495337,6.7285233,7.010276,1006.3357,1005.74,1005.3027,4.83e-05,5.22e-05,5.61e-05,24.126073833333333,1.5277533181405436,25.81296445
2018-05-27 18:30:00,6.3821454,1007.38234,3.4e-05,20.9901886,0.374908447,Mekunu,Phase 3,3,20.5424995,18,27,147,-1.0,-1.84e-16,21.5514355,22.6733265,23.9857445,0.37461862,0.374148756,0.372782111,6.4235277,6.495337,6.7285233,1006.9302,1006.3357,1005.74,4.07e-05,4.83e-05,5.22e-05,22.7368355,1.2183965371262022,24.81690058333333
2018-05-27 19:30:00,6.2921557,1007.4707,5.34e-05,20.5424995,0.376871914,Mekunu,Phase 3,3,20.4022923,19,27,147,-0.965925826,0.2588190451025203,20.9901886,21.5514355,22.6733265,0.374908447,0.37461862,0.374148756,6.3821454,6.4235277,6.495337,1007.38234,1006.9302,1006.3357,3.4e-05,4.07e-05,4.83e-05,21.73831686666667,0.8569899541474449,23.694069866666663
2018-05-27 20:30:00,6.2310915,1007.3402,4.46e-05,20.4022923,0.378558904,Mekunu,Phase 3,3,20.2374172,20,27,147,-0.866025404,0.5000000000000001,20.5424995,20.9901886,21.5514355,0.376871914,0.374908447,0.37461862,6.2921557,6.3821454,6.4235277,1007.4707,1007.38234,1006.9302,5.34e-05,3.4e-05,4.07e-05,21.0280412,0.505531975,22.577057516666667
2018-05-27 21:30:00,6.169462,1007.012,4.21e-05,20.2374172,0.379264146,Mekunu,Phase 3,3,20.1091156,21,27,147,-0.707106781,0.7071067811865474,20.4022923,20.5424995,20.9901886,0.378558904,0.376871914,0.374908447,6.2310915,6.2921557,6.3821454,1007.3402,1007.4707,1007.38234,4.46e-05,5.34e-05,3.4e-05,20.644993466666666,0.307057445424912,21.690914483333334
2018-05-27 22:30:00,5.8440843,1006.4771,4.41e-05,20.1091156,0.379468769,Mekunu,Phase 3,3,20.2108059,22,27,147,-0.5,0.8660254037844384,20.2374172,20.4022923,20.5424995,0.379264146,0.378558904,0.376871914,6.169462,6.2310915,6.2921557,1007.012,1007.3402,1007.4707,4.21e-05,4.46e-05,5.34e-05,20.394069666666667,0.1527072729691608,21.06619326666667
2018-10-08 06:00:00,4.688570022583008,1008.494141,0.000652929,0.401401877,0.03649392,Titli,Phase 1,1,0.64256525,6,8,281,1.0,6.123233995736766e-17,0.394251287,0.337732404,0.398262113,0.038512837,0.040804163,0.043403935,4.698815822601318,4.631496906280518,4.487405776977539,1009.265078,1009.696563,1009.942422,0.000613792,0.000576441,0.000510961,0.3767486013333332,0.033848477,0.4726747621666666
2018-10-08 07:00:00,4.618836879730225,1007.55875,0.000878404,0.64256525,0.034788989,Titli,Phase 1,1,0.604007006,7,8,281,0.9659258262890684,-0.258819045,0.401401877,0.394251287,0.337732404,0.03649392,0.038512837,0.040804163,4.688570022583008,4.698815822601318,4.631496906280518,1008.494141,1009.265078,1009.696563,0.000652929,0.000613792,0.000576441,0.3777951893333333,0.0348791171166297,0.4280456253333333
2018-10-08 08:00:00,4.597811222076416,1006.704375,0.000789115,0.604007006,0.033424418,Titli,Phase 1,1,0.566739261,8,8,281,0.8660254037844387,-0.5,0.64256525,0.401401877,0.394251287,0.034788989,0.03649392,0.038512837,4.618836879730225,4.688570022583008,4.698815822601318,1007.55875,1008.494141,1009.265078,0.000878404,0.000652929,0.000613792,0.479406138,0.1413451612394581,0.4452796426666667
2018-10-08 09:00:00,4.610742092132568,1005.916328,0.000653696,0.566739261,0.032449219,Titli,Phase 1,1,0.68592912,9,8,281,0.7071067811865476,-0.707106781,0.604007006,0.64256525,0.401401877,0.033424418,0.034788989,0.03649392,4.597811222076416,4.618836879730225,4.688570022583008,1006.704375,1007.55875,1008.494141,0.000789115,0.000878404,0.000652929,0.549324711,0.1295475131333463,0.4630366561666667
2018-10-08 10:00:00,4.361118316650391,1005.318594,0.000619589,0.68592912,0.03197315,Titli,Phase 1,1,0.643907964,10,8,281,0.4999999999999999,-0.866025404,0.566739261,0.604007006,0.64256525,0.032449219,0.033424418,0.034788989,4.610742092132568,4.597811222076416,4.618836879730225,1005.916328,1006.704375,1007.55875,0.000653696,0.000789115,0.000878404,0.6044371723333334,0.0379148247294216,0.4911161808333333
2018-10-08 11:00:00,4.423587322235107,1005.881406,0.00058482,0.643907964,0.032049086,Titli,Phase 1,1,0.708120823,11,8,281,0.258819045,-0.965925826,0.68592912,0.566739261,0.604007006,0.03197315,0.032449219,0.033424418,4.361118316650391,4.610742092132568,4.597811222076416,1005.318594,1005.916328,1006.704375,0.000619589,0.000653696,0.000789115,0.6188917956666667,0.0609731362542195,0.5491489668333334
2018-10-08 12:00:00,4.508543968200684,1006.103984,0.000549331,0.708120823,0.032848712,Titli,Phase 1,1,0.87177527,12,8,281,1.2246467991473532e-16,-1.0,0.643907964,0.68592912,0.566739261,0.032049086,0.03197315,0.032449219,4.423587322235107,4.361118316650391,4.610742092132568,1005.881406,1005.318594,1005.916328,0.00058482,0.000619589,0.000653696,0.6321921149999999,0.060452473,0.590758413
2018-10-08 13:00:00,4.663064002990723,1006.806563,0.000509793,0.87177527,0.034246046,Titli,Phase 1,1,1.07269239,13,8,281,-0.258819045,-0.965925826,0.708120823,0.643907964,0.68592912,0.032848712,0.032049086,0.03197315,4.508543968200684,4.423587322235107,4.361118316650391,1006.103984,1005.881406,1005.318594,0.000549331,0.00058482,0.000619589,0.6793193023333334,0.0326127288405671,0.6418782373333334
2018-10-08 14:00:00,4.863587379455566,1007.506016,0.000481651,1.07269239,0.036096606,Titli,Phase 1,1,1.26134408,14,8,281,-0.5,-0.866025404,0.87177527,0.708120823,0.643907964,0.034246046,0.032848712,0.032049086,4.663064002990723,4.508543968200684,4.423587322235107,1006.806563,1006.103984,1005.881406,0.000509793,0.000549331,0.00058482,0.7412680190000001,0.1174943817291752,0.6800799073333333
2018-10-08 15:00:00,4.944656372070312,1007.929688,0.00045028,1.26134408,0.037880372,Titli,Phase 1,1,1.16735685,15,8,281,-0.707106781,-0.707106781,1.07269239,0.87177527,0.708120823,0.036096606,0.034246046,0.032848712,4.863587379455566,4.663064002990723,4.508543968200684,1007.506016,1006.806563,1006.103984,0.000481651,0.000509793,0.000549331,0.8841961609999999,0.1826028909030034,0.758194138
2018-10-08 16:00:00,4.913246154785156,1008.246875,0.00047159,1.16735685,0.03953344,Titli,Phase 1,1,1.09767699,16,8,281,-0.866025404,-0.5,1.26134408,1.07269239,0.87177527,0.037880372,0.036096606,0.034246046,4.944656372070312,4.863587379455566,4.663064002990723,1007.929688,1007.506016,1006.806563,0.00045028,0.000481651,0.000509793,1.0686039133333332,0.1948165833862566,0.8739616078333333
2018-10-08 17:00:00,4.762089252471924,1008.171406,0.000536958,1.09767699,0.04113562,Titli,Phase 1,1,0.793754876,17,8,281,-0.965925826,-0.258819045,1.16735685,1.26134408,1.07269239,0.03953344,0.037880372,0.036096606,4.913246154785156,4.944656372070312,4.863587379455566,1008.246875,1007.929688,1007.506016,0.00047159,0.00045028,0.000481651,1.1671311066666668,0.094326048,0.9541995628333332
2018-10-08 18:00:00,4.548981666564941,1007.463047,0.000646545,0.793754876,0.04270497,Titli,Phase 1,1,0.517924011,18,8,281,-1.0,-1.84e-16,1.09767699,1.16735685,1.26134408,0.04113562,0.03953344,0.037880372,4.762089252471924,4.913246154785156,4.944656372070312,1008.171406,1008.246875,1007.929688,0.000536958,0.00047159,0.00045028,1.1754593066666663,0.082133832,1.0298277338333333
2018-10-08 19:00:00,4.179977416992188,1006.798125,0.000622033,0.517924011,0.043780845,Titli,Phase 1,1,0.527197361,19,8,281,-0.965925826,0.2588190451025203,0.793754876,1.09767699,1.16735685,0.04270497,0.04113562,0.03953344,4.548981666564941,4.762089252471924,4.913246154785156,1007.463047,1008.171406,1008.246875,0.000646545,0.000536958,0.00047159,1.0195962386666668,0.1986631861738792,1.044100076
2018-10-08 20:00:00,3.840927600860596,1006.179375,0.0006874,0.527197361,0.044540886,Titli,Phase 1,1,0.563063145,20,8,281,-0.866025404,0.5000000000000001,0.517924011,0.793754876,1.09767699,0.043780845,0.04270497,0.04113562,4.179977416992188,4.548981666564941,4.762089252471924,1006.798125,1007.463047,1008.171406,0.000622033,0.000646545,0.000536958,0.8031186256666668,0.2899898946872262,0.9851248661666668
2018-10-08 21:00:00,3.607727289199829,1005.632031,0.000801535,0.563063145,0.044900086,Titli,Phase 1,1,0.692409158,21,8,281,-0.707106781,0.7071067811865474,0.527197361,0.517924011,0.793754876,0.044540886,0.043780845,0.04270497,3.840927600860596,4.179977416992188,4.548981666564941,1006.179375,1006.798125,1007.463047,0.0006874,0.000622033,0.000646545,0.6129587493333334,0.1566426771933742,0.894209028
2018-10-08 22:00:00,4.010334491729736,1005.561406,0.00092854,0.692409158,0.04503667,Titli,Phase 1,1,0.650158882,22,8,281,-0.5,0.8660254037844384,0.563063145,0.527197361,0.517924011,0.044900086,0.044540886,0.043780845,3.607727289199829,3.840927600860596,4.179977416992188,1005.632031,1006.179375,1006.798125,0.000801535,0.0006874,0.000622033,0.5360615056666668,0.0238393613603881,0.7778288721666667
2018-10-08 23:00:00,4.083771705627441,1005.447578,0.000987512,0.650158882,0.045341108,Titli,Phase 1,1,0.541389883,23,8,281,-0.258819045,0.965925826289068,0.692409158,0.563063145,0.527197361,0.04503667,0.044900086,0.044540886,4.010334491729736,3.607727289199829,3.840927600860596,1005.561406,1005.632031,1006.179375,0.00092854,0.000801535,0.0006874,0.5942232213333334,0.08690194,0.698670924
2018-10-09 00:00:00,4.235643387,1005.529219,0.001019806,0.541389883,0.046262216,Titli,Phase 1,1,0.516038775,0,9,282,0.0,1.0,0.650158882,0.692409158,0.563063145,0.045341108,0.04503667,0.044900086,4.083771705627441,4.010334491729736,3.607727289199829,1005.447578,1005.561406,1005.632031,0.000987512,0.00092854,0.000801535,0.635210395,0.065955976,0.6240845721666667
2018-10-09 01:00:00,4.263051986694336,1006.376563,0.001109815,0.516038775,0.048105557,Titli,Phase 1,1,0.371796727,1,9,282,0.2588190451025207,0.9659258262890684,0.541389883,0.650158882,0.692409158,0.046262216,0.045341108,0.04503667,4.235643387,4.083771705627441,4.010334491729736,1005.529219,1005.447578,1005.561406,0.001019806,0.000987512,0.00092854,0.6279859743333334,0.077912988,0.58202374
2018-10-09 02:00:00,4.380156993865967,1006.918125,0.001238785,0.371796727,0.051035665,Titli,Phase 1,1,0.382384986,2,9,282,0.4999999999999999,0.8660254037844387,0.516038775,0.541389883,0.650158882,0.048105557,0.046262216,0.045341108,4.263051986694336,4.235643387,4.083771705627441,1006.376563,1005.529219,1005.447578,0.001109815,0.001019806,0.000987512,0.5691958466666667,0.071252575,0.581709534
2018-10-09 03:00:00,4.409083366394043,1007.354766,0.001426259,0.382384986,0.054527227,Titli,Phase 1,1,0.360220581,3,9,282,0.7071067811865475,0.7071067811865476,0.371796727,0.516038775,0.541389883,0.051035665,0.048105557,0.046262216,4.380156993865967,4.263051986694336,4.235643387,1006.918125,1006.376563,1005.529219,0.001238785,0.001109815,0.001019806,0.4764084616666666,0.091478855,0.5558094283333334
2018-10-09 04:00:00,4.454337120056152,1007.375938,0.001482051,0.360220581,0.057503603,Titli,Phase 1,1,0.268976271,4,9,282,0.8660254037844386,0.5000000000000001,0.382384986,0.371796727,0.516038775,0.054527227,0.051035665,0.048105557,4.409083366394043,4.380156993865967,4.263051986694336,1007.354766,1006.918125,1006.376563,0.001426259,0.001238785,0.001109815,0.4234068293333333,0.080396118,0.5256964018333333
2018-10-09 05:00:00,4.434059143066406,1006.774531,0.001480064,0.268976271,0.060217235,Titli,Phase 1,1,0.369545251,5,9,282,0.9659258262890684,0.2588190451025207,0.360220581,0.382384986,0.371796727,0.057503603,0.054527227,0.051035665,4.454337120056152,4.409083366394043,4.380156993865967,1007.375938,1007.354766,1006.918125,0.001482051,0.001426259,0.001238785,0.3714674313333333,0.0110858711420472,0.470331639
2018-10-09 06:00:00,4.371110439300537,1006.228203,0.001432212,0.369545251,0.062692024,Titli,Phase 2,2,0.438073337,6,9,282,1.0,6.123233995736766e-17,0.268976271,0.360220581,0.382384986,0.060217235,0.057503603,0.054527227,4.434059143066406,4.454337120056152,4.409083366394043,1006.774531,1007.375938,1007.354766,0.001480064,0.001482051,0.001426259,0.3371939459999999,0.060108682,0.4068012038333333
2018-10-09 07:00:00,4.266340732574463,1004.942031,0.001626424,0.438073337,0.065096475,Titli,Phase 2,2,0.274625242,7,9,282,0.9659258262890684,-0.258819045,0.369545251,0.268976271,0.360220581,0.062692024,0.060217235,0.057503603,4.371110439300537,4.434059143066406,4.454337120056152,1006.228203,1006.774531,1007.375938,0.001432212,0.001480064,0.001482051,0.3329140343333334,0.055567666432056,0.3781604318333333
2018-10-09 08:00:00,4.205533027648926,1004.117734,0.001465578,0.274625242,0.067192018,Titli,Phase 2,2,0.155014932,8,9,282,0.8660254037844387,-0.5,0.438073337,0.369545251,0.268976271,0.065096475,0.062692024,0.060217235,4.266340732574463,4.371110439300537,4.434059143066406,1004.942031,1006.228203,1006.774531,0.001626424,0.001432212,0.001480064,0.358864953,0.08505296,0.3651661921666666
2018-10-09 09:00:00,4.113256931304932,1003.352734,0.001370264,0.155014932,0.069256514,Titli,Phase 2,2,0.15658766,9,9,282,0.7071067811865476,-0.707106781,0.274625242,0.438073337,0.369545251,0.067192018,0.065096475,0.062692024,4.205533027648926,4.266340732574463,4.371110439300537,1004.117734,1004.942031,1006.228203,0.001465578,0.001626424,0.001432212,0.3607479433333334,0.082078404,0.3489709446666666
2018-10-09 10:00:00,4.034717559814453,1002.941641,0.001316643,0.15658766,0.070962608,Titli,Phase 2,2,0.159791112,10,9,282,0.4999999999999999,-0.866025404,0.155014932,0.274625242,0.438073337,0.069256514,0.067192018,0.065096475,4.113256931304932,4.205533027648926,4.266340732574463,1003.352734,1004.117734,1004.942031,0.001370264,0.001465578,0.001626424,0.289237837,0.1420938461361418,0.3110759356666666
2018-10-09 11:00:00,4.169271945953369,1003.380859,0.00131953,0.159791112,0.071878925,Titli,Phase 2,2,0.168534935,11,9,282,0.258819045,-0.965925826,0.15658766,0.155014932,0.274625242,0.070962608,0.069256514,0.067192018,4.034717559814453,4.113256931304932,4.205533027648926,1002.941641,1003.352734,1004.117734,0.001316643,0.001370264,0.001465578,0.195409278,0.068607544,0.2771371155
2018-10-09 12:00:00,4.227133274078369,1003.453125,0.001271618,0.168534935,0.07247629,Titli,Phase 2,2,0.171622247,12,9,282,1.2246467991473532e-16,-1.0,0.159791112,0.15658766,0.155014932,0.071878925,0.070962608,0.069256514,4.169271945953369,4.034717559814453,4.113256931304932,1003.380859,1002.941641,1003.352734,0.00131953,0.001316643,0.001370264,0.1571312346666666,0.002434046,0.2589395889999999
2018-10-09 13:00:00,4.318261147,1004.043672,0.001202545,0.171622247,0.072761208,Titli,Phase 2,2,0.171032652,13,9,282,-0.258819045,-0.965925826,0.168534935,0.159791112,0.15658766,0.07247629,0.071878925,0.070962608,4.227133274078369,4.169271945953369,4.034717559814453,1003.453125,1003.380859,1002.941641,0.001271618,0.00131953,0.001316643,0.1616379023333333,0.006184038,0.2254378696666666
2018-10-09 14:00:00,4.403754234313965,1004.644063,0.001142654,0.171032652,0.072607026,Titli,Phase 2,2,0.165262714,14,9,282,-0.5,-0.866025404,0.171622247,0.168534935,0.159791112,0.072761208,0.07247629,0.071878925,4.318261147,4.227133274078369,4.169271945953369,1004.043672,1003.453125,1003.380859,0.001202545,0.001271618,0.00131953,0.1666494313333333,0.006136797,0.1810293546666666
2018-10-09 15:00:00,4.398222446,1005.129375,0.001109729,0.165262714,0.071315259,Titli,Phase 2,2,0.156283304,15,9,282,-0.707106781,-0.707106781,0.171032652,0.171622247,0.168534935,0.072607026,0.072761208,0.07247629,4.403754234313965,4.318261147,4.227133274078369,1004.644063,1004.043672,1003.453125,0.001142654,0.001202545,0.001271618,0.1703966113333333,0.001638989,0.163763923
2018-10-09 16:00:00,4.221841335296631,1005.465781,0.000948662,0.156283304,0.069045723,Titli,Phase 2,2,0.147193655,16,9,282,-0.866025404,-0.5,0.165262714,0.171032652,0.171622247,0.071315259,0.072607026,0.072761208,4.398222446,4.403754234313965,4.318261147,1005.129375,1004.644063,1004.043672,0.001109729,0.001142654,0.001202545,0.169305871,0.003513865,0.1654718866666666
2018-10-09 17:00:00,3.887267112731934,1005.227422,0.000904895,0.147193655,0.066692412,Titli,Phase 2,2,0.133478031,17,9,282,-0.965925826,-0.258819045,0.156283304,0.165262714,0.171032652,0.069045723,0.071315259,0.072607026,4.221841335296631,4.398222446,4.403754234313965,1005.465781,1005.129375,1004.644063,0.000948662,0.001109729,0.001142654,0.16419289,0.007432645,0.1654211606666666
2018-10-09 18:00:00,3.380722761154175,1004.609766,0.001094023,0.133478031,0.064231306,Titli,Phase 2,2,0.115803838,18,9,282,-1.0,-1.84e-16,0.147193655,0.156283304,0.165262714,0.066692412,0.069045723,0.071315259,3.887267112731934,4.221841335296631,4.398222446,1005.227422,1005.465781,1005.129375,0.000904895,0.000948662,0.001109729,0.1562465576666667,0.009034586,0.163321585
2018-10-09 19:00:00,2.791584968566895,1003.860938,0.001323424,0.115803838,0.061543699,Titli,Phase 2,2,0.108090892,19,9,282,-0.965925826,0.2588190451025203,0.133478031,0.147193655,0.156283304,0.064231306,0.066692412,0.069045723,3.380722761154175,3.887267112731934,4.221841335296631,1004.609766,1005.227422,1005.465781,0.001094023,0.000904895,0.000948662,0.1456516633333333,0.0114805671844305,0.1574787671666666
2018-10-09 20:00:00,2.286453962,1003.005156,0.001365293,0.108090892,0.058962561,Titli,Phase 2,2,0.093785241,20,9,282,-0.866025404,0.5000000000000001,0.115803838,0.133478031,0.147193655,0.061543699,0.064231306,0.066692412,2.791584968566895,3.380722761154175,3.887267112731934,1003.860938,1004.609766,1005.227422,0.001323424,0.001094023,0.000904895,0.132158508,0.0157364547638297,0.148175699
2018-10-09 21:00:00,1.890402674674988,1002.605391,0.001464713,0.093785241,0.057214212,Titli,Phase 2,2,0.083877288,21,9,282,-0.707106781,0.7071067811865474,0.108090892,0.115803838,0.133478031,0.058962561,0.061543699,0.064231306,2.286453962,2.791584968566895,3.380722761154175,1003.005156,1003.860938,1004.609766,0.001365293,0.001323424,0.001094023,0.1191242536666666,0.0130152055996421,0.1376854056666666
2018-10-09 22:00:00,1.412570238113403,1002.217891,0.001590699,0.083877288,0.05650761,Titli,Phase 2,2,0.075747453,22,9,282,-0.5,0.8660254037844384,0.093785241,0.108090892,0.115803838,0.057214212,0.058962561,0.061543699,1.890402674674988,2.286453962,2.791584968566895,1002.605391,1003.005156,1003.860938,0.001464713,0.001365293,0.001323424,0.1058933236666666,0.0111725840071533,0.125772494
2018-10-09 23:00:00,1.409096360206604,1001.894375,0.001572818,0.075747453,0.056222264,Titli,Phase 2,2,0.064682081,23,9,282,-0.258819045,0.965925826289068,0.083877288,0.093785241,0.108090892,0.05650761,0.057214212,0.058962561,1.412570238113403,1.890402674674988,2.286453962,1002.217891,1002.605391,1003.005156,0.001590699,0.001464713,0.001365293,0.09525114,0.0121731795480412,0.1137048241666666
2018-10-10 00:00:00,1.461611151695251,1002.295469,0.001494102,0.064682081,0.056009751,Titli,Phase 2,2,0.060459159,0,10,283,0.0,1.0,0.075747453,0.083877288,0.093785241,0.056222264,0.05650761,0.057214212,1.409096360206604,1.412570238113403,1.890402674674988,1001.894375,1002.217891,1002.605391,0.001572818,0.001590699,0.001464713,0.084469994,0.009033489,0.1017971238333333
2018-10-10 01:00:00,1.520275115966797,1002.654219,0.001393877,0.060459159,0.055727243,Titli,Phase 2,2,0.055449318,1,10,283,0.2588190451025207,0.9659258262890684,0.064682081,0.075747453,0.083877288,0.056009751,0.056222264,0.05650761,1.461611151695251,1.409096360206604,1.412570238113403,1002.295469,1001.894375,1002.217891,0.001494102,0.001572818,0.001590699,0.074768941,0.009634942,0.090331132
2018-10-10 02:00:00,1.576011300086975,1003.702266,0.001305767,0.055449318,0.055198111,Titli,Phase 2,2,0.048202463,2,10,283,0.4999999999999999,0.8660254037844387,0.060459159,0.064682081,0.075747453,0.055727243,0.056009751,0.056222264,1.520275115966797,1.461611151695251,1.409096360206604,1002.654219,1002.295469,1001.894375,0.001393877,0.001494102,0.001572818,0.066962898,0.007895225,0.081107019
2018-10-10 03:00:00,1.658185601234436,1003.973906,0.001251615,0.048202463,0.053920053,Titli,Phase 2,2,0.040756065,3,10,283,0.7071067811865475,0.7071067811865476,0.055449318,0.060459159,0.064682081,0.055198111,0.055727243,0.056009751,1.576011300086975,1.520275115966797,1.461611151695251,1003.702266,1002.654219,1002.295469,0.001305767,0.001393877,0.001494102,0.060196853,0.004621967,0.072333423
2018-10-10 04:00:00,1.813785433769226,1004.605391,0.001313733,0.040756065,0.051769748,Titli,Phase 2,2,0.030892646,4,10,283,0.8660254037844386,0.5000000000000001,0.048202463,0.055449318,0.060459159,0.053920053,0.055198111,0.055727243,1.658185601234436,1.576011300086975,1.520275115966797,1003.973906,1003.702266,1002.654219,0.001251615,0.001305767,0.001393877,0.054703647,0.006162278,0.064736294
2018-10-10 05:00:00,1.988394856452942,1004.242969,0.001440149,0.030892646,0.049183644,Titli,Phase 2,2,0.019263003,5,10,283,0.9659258262890684,0.2588190451025207,0.040756065,0.048202463,0.055449318,0.051769748,0.053920053,0.055198111,1.813785433769226,1.658185601234436,1.576011300086975,1004.605391,1003.973906,1003.702266,0.001313733,0.001251615,0.001305767,0.048135949,0.007346852,0.057549423
2018-10-10 06:00:00,2.246036529541016,1003.587266,0.001454664,0.019263003,0.046632387,Titli,Phase 2,2,0.011838043,6,10,283,1.0,6.123233995736766e-17,0.030892646,0.040756065,0.048202463,0.049183644,0.051769748,0.053920053,1.988394856452942,1.813785433769226,1.658185601234436,1004.242969,1004.605391,1003.973906,0.001440149,0.001313733,0.001251615,0.0399503913333333,0.008682988,0.050073622
2018-10-10 07:00:00,2.558217525482178,1002.779375,0.001681875,0.011838043,0.044602446,Titli,Phase 2,2,0.01795217,7,10,283,0.9659258262890684,-0.258819045,0.019263003,0.030892646,0.040756065,0.046632387,0.049183644,0.051769748,2.246036529541016,1.988394856452942,1.813785433769226,1003.587266,1004.242969,1004.605391,0.001454664,0.001440149,0.001313733,0.030303905,0.010758619,0.042503776
2018-10-10 08:00:00,2.902671098709106,1001.681719,0.001504321,0.01795217,0.042977937,Titli,Phase 2,2,0.027660247,8,10,283,0.8660254037844387,-0.5,0.011838043,0.019263003,0.030892646,0.044602446,0.046632387,0.049183644,2.558217525482178,2.246036529541016,1.988394856452942,1002.779375,1003.587266,1004.242969,0.001681875,0.001454664,0.001440149,0.020664564,0.009604309,0.034400256
2018-10-10 09:00:00,3.282276869,1001.345,0.001292443,0.027660247,0.0417061,Titli,Phase 2,2,0.033566721,9,10,283,0.7071067811865476,-0.707106781,0.01795217,0.011838043,0.019263003,0.042977937,0.044602446,0.046632387,2.902671098709106,2.558217525482178,2.246036529541016,1001.681719,1002.779375,1003.587266,0.001504321,0.001681875,0.001454664,0.0163510719999999,0.003962972,0.0281507316666666
2018-10-10 10:00:00,3.296304702758789,1000.740469,0.00114523,0.033566721,0.040848654,Titli,Phase 2,2,0.021583187,10,10,283,0.4999999999999999,-0.866025404,0.027660247,0.01795217,0.011838043,0.0417061,0.042977937,0.044602446,3.282276869,2.902671098709106,2.558217525482178,1001.345,1001.681719,1002.779375,0.001292443,0.001504321,0.001681875,0.0191501533333333,0.007978841,0.024727029
2018-10-10 11:00:00,3.521196603775024,1001.001406,0.001071488,0.021583187,0.040425777,Titli,Phase 2,2,0.012745844,11,10,283,0.258819045,-0.965925826,0.033566721,0.027660247,0.01795217,0.040848654,0.0417061,0.042977937,3.296304702758789,3.282276869,2.902671098709106,1000.740469,1001.345,1001.681719,0.00114523,0.001292443,0.001504321,0.026393046,0.007884028,0.023528805
2018-10-10 12:00:00,3.841121673583984,1001.386875,0.001047744,0.012745844,0.040411774,Titli,Phase 2,2,0.010571928,12,10,283,1.2246467991473532e-16,-1.0,0.021583187,0.033566721,0.027660247,0.040425777,0.040848654,0.0417061,3.521196603775024,3.296304702758789,3.282276869,1001.001406,1000.740469,1001.345,0.001071488,0.00114523,0.001292443,0.0276033849999999,0.005991969,0.021977229
2018-10-10 13:00:00,4.176601886749268,1002.226641,0.001113857,0.010571928,0.040748637,Titli,Phase 2,2,0.020536674,13,10,283,-0.258819045,-0.965925826,0.012745844,0.021583187,0.033566721,0.040411774,0.040425777,0.040848654,3.841121673583984,3.521196603775024,3.296304702758789,1001.386875,1001.001406,1000.740469,0.001047744,0.001071488,0.00114523,0.0226319173333333,0.0104499811600969,0.0208910353333333
2018-10-10 14:00:00,4.598764896392822,1002.994297,0.001061296,0.020536674,0.041503996,Titli,Phase 2,2,0.04624207,14,10,283,-0.5,-0.866025404,0.010571928,0.012745844,0.021583187,0.040748637,0.040411774,0.040425777,4.176601886749268,3.841121673583984,3.521196603775024,1002.226641,1001.386875,1001.001406,0.001113857,0.001047744,0.001071488,0.0149669863333333,0.005831986,0.0206800161666666
2018-10-10 15:00:00,5.114899158477783,1003.568281,0.001006263,0.04624207,0.042697839,Titli,Phase 2,2,0.106860198,15,10,283,-0.707106781,-0.707106781,0.020536674,0.010571928,0.012745844,0.041503996,0.040748637,0.040411774,4.598764896392822,4.176601886749268,3.841121673583984,1002.994297,1002.226641,1001.386875,0.001061296,0.001113857,0.001047744,0.0146181486666666,0.005239579,0.0211107668333333
2018-10-10 16:00:00,5.699186802,1004.301875,0.000946957,0.106860198,0.044121981,Titli,Phase 2,2,0.198062882,16,10,283,-0.866025404,-0.5,0.04624207,0.020536674,0.010571928,0.042697839,0.041503996,0.040748637,5.114899158477783,4.598764896392822,4.176601886749268,1003.568281,1002.994297,1002.226641,0.001006263,0.001061296,0.001113857,0.0257835573333333,0.018404812,0.0242077373333333
2018-10-10 17:00:00,6.258015155792236,1004.177266,0.000945634,0.198062882,0.045412388,Titli,Phase 2,2,0.291327983,17,10,283,-0.965925826,-0.258819045,0.106860198,0.04624207,0.020536674,0.044121981,0.042697839,0.041503996,5.699186802,5.114899158477783,4.598764896392822,1004.301875,1003.568281,1002.994297,0.000946957,0.001006263,0.001061296,0.057879647,0.044322823,0.036423317
2018-10-10 18:00:00,6.634909629821777,1003.973516,0.001022068,0.291327983,0.046714746,Titli,Phase 2,2,0.374550074,18,10,283,-1.0,-1.84e-16,0.198062882,0.106860198,0.04624207,0.045412388,0.044121981,0.042697839,6.258015155792236,5.699186802,5.114899158477783,1004.177266,1004.301875,1003.568281,0.000945634,0.000946957,0.001006263,0.11705505,0.076422124,0.065836599
2018-10-10 19:00:00,6.911139965057373,1003.225469,0.00121863,0.374550074,0.048231721,Titli,Phase 2,2,0.471639216,19,10,283,-0.965925826,0.2588190451025203,0.291327983,0.198062882,0.106860198,0.046714746,0.045412388,0.044121981,6.634909629821777,6.258015155792236,5.699186802,1003.973516,1004.177266,1004.301875,0.001022068,0.000945634,0.000946957,0.1987503543333333,0.092235814,0.1122669558333333
2018-10-10 20:00:00,7.053786277770996,1002.733984,0.001279456,0.471639216,0.050026305,Titli,Phase 2,2,0.579021275,20,10,283,-0.866025404,0.5000000000000001,0.374550074,0.291327983,0.198062882,0.048231721,0.046714746,0.045412388,6.911139965057373,6.634909629821777,6.258015155792236,1003.225469,1003.973516,1004.177266,0.00121863,0.001022068,0.000945634,0.287980313,0.088291208,0.1729299801666667
2018-10-10 21:00:00,7.236309528,1001.973906,0.001242412,0.579021275,0.052429508,Titli,Phase 2,2,0.718825102,21,10,283,-0.707106781,0.7071067811865474,0.471639216,0.374550074,0.291327983,0.050026305,0.048231721,0.046714746,7.053786277770996,6.911139965057373,6.634909629821777,1002.733984,1003.225469,1003.973516,0.001279456,0.00121863,0.001022068,0.3791724243333332,0.090244445,0.2481137371666666
2018-10-10 22:00:00,7.242179393768311,1001.932578,0.001175756,0.718825102,0.055062488,Titli,Phase 2,2,0.960398793,22,10,283,-0.5,0.8660254037844384,0.579021275,0.471639216,0.374550074,0.052429508,0.050026305,0.048231721,7.236309528,7.053786277770996,6.911139965057373,1001.973906,1002.733984,1003.225469,0.001242412,0.001279456,0.00121863,0.4750701883333333,0.1022787694879033,0.3369102713333333
2018-10-10 23:00:00,7.482005119,1001.889922,0.00116032,0.960398793,0.057037816,Titli,Phase 2,2,1.40088749,23,10,283,-0.258819045,0.965925826289068,0.718825102,0.579021275,0.471639216,0.055062488,0.052429508,0.050026305,7.242179393768311,7.236309528,7.053786277770996,1001.932578,1001.973906,1002.733984,0.001175756,0.001242412,0.001279456,0.589828531,0.1239468157964874,0.438904422
2018-10-11 00:00:00,7.638823032,1002.738359,0.001169676,1.40088749,0.057471827,Titli,Phase 2,2,1.70132852,0,11,284,0.0,1.0,0.960398793,0.718825102,0.579021275,0.057037816,0.055062488,0.052429508,7.482005119,7.242179393768311,7.236309528,1001.889922,1001.932578,1001.973906,0.00116032,0.001175756,0.001242412,0.7527483899999999,0.1929385780773461,0.5659604071666667
2018-10-11 01:00:00,7.772554874420166,1003.836328,0.001229123,1.70132852,0.057039324,Titli,Phase 2,2,1.95258403,1,11,284,0.2588190451025207,0.9659258262890684,1.40088749,0.960398793,0.718825102,0.057471827,0.057037816,0.055062488,7.638823032,7.482005119,7.242179393768311,1002.738359,1001.889922,1001.932578,0.001169676,0.00116032,0.001175756,1.026703795,0.3458316646126123,0.7508869916666666
2018-10-11 02:00:00,7.900304317474365,1004.835469,0.001254449,1.95258403,0.056175403,Titli,Phase 2,2,1.99222314,2,11,284,0.4999999999999999,0.8660254037844387,1.70132852,1.40088749,0.960398793,0.057039324,0.057471827,0.057037816,7.772554874420166,7.638823032,7.482005119,1003.836328,1002.738359,1001.889922,0.001229123,0.001169676,0.00116032,1.354204934333333,0.3726642736307731,0.9720167326666664
2018-10-11 03:00:00,8.006114959716797,1005.358516,0.001196553,1.99222314,0.055134427,Titli,Phase 2,2,1.96507227,3,11,284,0.7071067811865475,0.7071067811865476,1.95258403,1.70132852,1.40088749,0.056175403,0.057039324,0.057471827,7.900304317474365,7.772554874420166,7.638823032,1004.835469,1003.836328,1002.738359,0.001254449,0.001229123,0.001169676,1.6849333466666667,0.2762134488823176,1.2188408683333334
2018-10-11 04:00:00,8.029044151306152,1005.824219,0.001042749,1.96507227,0.053436052,Titli,Phase 2,2,1.96292365,4,11,284,0.8660254037844386,0.5000000000000001,1.99222314,1.95258403,1.70132852,0.055134427,0.056175403,0.057039324,8.006114959716797,7.900304317474365,7.772554874420166,1005.358516,1004.835469,1003.836328,0.001196553,0.001254449,0.001229123,1.88204523,0.1577552272202576,1.454374513
2018-10-11 05:00:00,8.097238540649414,1005.756094,0.000966237,1.96292365,0.051729407,Titli,Phase 2,2,1.92012155,5,11,284,0.9659258262890684,0.2588190451025207,1.96507227,1.99222314,1.95258403,0.053436052,0.055134427,0.056175403,8.029044151306152,8.006114959716797,7.900304317474365,1005.824219,1005.358516,1004.835469,0.001042749,0.001196553,0.001254449,1.9699598133333331,0.020266495016981,1.6620823738333332
2018-10-11 06:00:00,8.077343940734863,1005.445625,0.000908737,1.92012155,0.050720725,Titli,Phase 2,2,1.75398457,6,11,284,1.0,6.123233995736766e-17,1.96292365,1.96507227,1.99222314,0.051729407,0.053436052,0.055134427,8.097238540649414,8.029044151306152,8.006114959716797,1005.756094,1005.824219,1005.358516,0.000966237,0.001042749,0.001196553,1.9734063533333333,0.0163311890969123,1.82916985
2018-10-11 07:00:00,8.076409339904785,1004.944688,0.000717483,1.75398457,0.0497238,Titli,Phase 2,2,1.77194166,7,11,284,0.9659258262890684,-0.258819045,1.92012155,1.96292365,1.96507227,0.050720725,0.051729407,0.053436052,8.077343940734863,8.097238540649414,8.029044151306152,1005.445625,1005.756094,1005.824219,0.000908737,0.000966237,0.001042749,1.94937249,0.025354827,1.91570886
2018-10-11 08:00:00,8.050380707,1004.199688,0.000685858,1.77194166,0.048663974,Titli,Phase 2,2,1.60815156,8,11,284,0.8660254037844387,-0.5,1.75398457,1.92012155,1.96292365,0.0497238,0.050720725,0.051729407,8.076409339904785,8.077343940734863,8.097238540649414,1004.944688,1005.445625,1005.756094,0.000717483,0.000908737,0.000966237,1.8790099233333333,0.1103698743914984,1.924484868333333
2018-10-11 09:00:00,8.124446868896484,1003.884375,0.000622492,1.60815156,0.047624968,Titli,Phase 2,2,1.63766885,9,11,284,0.7071067811865476,-0.707106781,1.77194166,1.75398457,1.92012155,0.048663974,0.0497238,0.050720725,8.050380707,8.076409339904785,8.077343940734863,1004.199688,1004.944688,1005.445625,0.000685858,0.000717483,0.000908737,1.81534926,0.09117861,1.8943778066666663
2018-10-11 10:00:00,7.617921829223633,1003.324688,0.000599306,1.63766885,0.046714138,Titli,Phase 2,2,1.67505574,10,11,284,0.4999999999999999,-0.866025404,1.60815156,1.77194166,1.75398457,0.047624968,0.048663974,0.0497238,8.124446868896484,8.050380707,8.076409339904785,1003.884375,1004.199688,1004.944688,0.000622492,0.000685858,0.000717483,1.7113592633333334,0.089830322,1.8303658766666664
2018-10-11 11:00:00,7.853298664093018,1004.006563,0.000570721,1.67505574,0.04590692,Titli,Phase 2,2,1.73789692,11,11,284,0.258819045,-0.965925826,1.63766885,1.60815156,1.77194166,0.046714138,0.047624968,0.048663974,7.617921829223633,8.124446868896484,8.050380707,1003.324688,1003.884375,1004.199688,0.000599306,0.000622492,0.000685858,1.6725873566666667,0.087299919,1.77579864
2018-10-11 12:00:00,7.944823741912842,1004.780625,0.000586791,1.73789692,0.045278303,Titli,Phase 2,2,1.80359328,12,11,284,1.2246467991473532e-16,-1.0,1.67505574,1.63766885,1.60815156,0.04590692,0.046714138,0.047624968,7.853298664093018,7.617921829223633,8.124446868896484,1004.006563,1003.324688,1003.884375,0.000570721,0.000599306,0.000622492,1.64029205,0.0335291397003803,1.727820655
2018-10-11 13:00:00,8.098911285,1005.400625,0.000618364,1.80359328,0.045115996,Titli,Phase 2,2,1.8263464,13,11,284,-0.258819045,-0.965925826,1.73789692,1.67505574,1.63766885,0.045278303,0.04590692,0.046714138,7.944823741912842,7.853298664093018,7.617921829223633,1004.780625,1004.006563,1003.324688,0.000586791,0.000570721,0.000599306,1.6835405033333333,0.050649876,1.6974498833333334
2018-10-11 14:00:00,8.173347473144531,1006.654844,0.00057521,1.8263464,0.045223355,Titli,Phase 2,2,1.90015113,14,11,284,-0.5,-0.866025404,1.80359328,1.73789692,1.67505574,0.045115996,0.045278303,0.04590692,8.098911285,7.944823741912842,7.853298664093018,1005.400625,1004.780625,1004.006563,0.000618364,0.000586791,0.000570721,1.7388486466666666,0.064274055,1.7057180016666666
2018-10-11 15:00:00,8.275489807128906,1007.525625,0.000565384,1.90015113,0.045131762,Titli,Phase 2,2,1.94024158,15,11,284,-0.707106781,-0.707106781,1.8263464,1.80359328,1.73789692,0.045223355,0.045115996,0.045278303,8.173347473144531,8.098911285,7.944823741912842,1006.654844,1005.400625,1004.780625,0.00057521,0.000618364,0.000586791,1.7892788666666668,0.045929342,1.7147854583333333
2018-10-11 16:00:00,8.384822845458984,1008.1125,0.00053947,1.94024158,0.044813748,Titli,Phase 2,2,1.92384565,16,11,284,-0.866025404,-0.5,1.90015113,1.8263464,1.80359328,0.045131762,0.045223355,0.045115996,8.275489807128906,8.173347473144531,8.098911285,1007.525625,1006.654844,1005.400625,0.000565384,0.00057521,0.000618364,1.8433636033333336,0.0504781487984732,1.763452053333333
2018-10-11 17:00:00,8.444117546081543,1008.075547,0.000569663,1.92384565,0.044340145,Titli,Phase 2,2,1.86671841,17,11,284,-0.965925826,-0.258819045,1.94024158,1.90015113,1.8263464,0.044813748,0.045131762,0.045223355,8.384822845458984,8.275489807128906,8.173347473144531,1008.1125,1007.525625,1006.654844,0.00053947,0.000565384,0.00057521,1.8889130366666669,0.057773256,1.8138808416666663
2018-10-11 18:00:00,8.518584251403809,1007.943359,0.000579837,1.86671841,0.043412514,Titli,Phase 3,3,1.86502647,18,11,284,-1.0,-1.84e-16,1.92384565,1.94024158,1.90015113,0.044340145,0.044813748,0.045131762,8.444117546081543,8.384822845458984,8.275489807128906,1008.075547,1008.1125,1007.525625,0.000569663,0.00053947,0.000565384,1.9214127866666668,0.0201556484216881,1.8553458266666667
2018-10-11 19:00:00,8.624759674072266,1007.443594,0.000532863,1.86502647,0.042258903,Titli,Phase 3,3,1.97553289,19,11,284,-0.965925826,0.2588190451025203,1.86671841,1.92384565,1.94024158,0.043412514,0.044340145,0.044813748,8.518584251403809,8.444117546081543,8.384822845458984,1007.943359,1008.075547,1008.1125,0.000579837,0.000569663,0.00053947,1.910268546666667,0.03859621,1.876816075
2018-10-11 20:00:00,8.613274574279785,1006.953906,0.000516637,1.97553289,0.041588366,Titli,Phase 3,3,2.14080548,20,11,284,-0.866025404,0.5000000000000001,1.86502647,1.86671841,1.92384565,0.042258903,0.043412514,0.044340145,8.624759674072266,8.518584251403809,8.444117546081543,1007.443594,1007.943359,1008.075547,0.000532863,0.000579837,0.000569663,1.8851968433333333,0.033481538,1.88705494
2018-10-11 21:00:00,8.596506118774414,1006.38875,0.000551342,2.14080548,0.041502316,Titli,Phase 3,3,2.33892512,21,11,284,-0.707106781,0.7071067811865474,1.97553289,1.86502647,1.86671841,0.041588366,0.042258903,0.043412514,8.613274574279785,8.624759674072266,8.518584251403809,1006.953906,1007.443594,1007.943359,0.000516637,0.000532863,0.000579837,1.9024259233333332,0.063318142,1.911919355
2018-10-11 22:00:00,7.969966411590576,1006.340625,0.000550456,2.33892512,0.041200914,Titli,Phase 3,3,2.55122924,22,11,284,-0.5,0.8660254037844384,2.14080548,1.97553289,1.86502647,0.041502316,0.041588366,0.042258903,8.596506118774414,8.613274574279785,8.624759674072266,1006.38875,1006.953906,1007.443594,0.000551342,0.000516637,0.000532863,1.99378828,0.1387928673858383,1.9520284133333332
2018-10-11 23:00:00,8.134617805480957,1006.499844,0.00048494,2.55122924,0.040529314,Titli,Phase 3,3,2.83616829,23,11,284,-0.258819045,0.965925826289068,2.33892512,2.14080548,1.97553289,0.041200914,0.041502316,0.041588366,7.969966411590576,8.596506118774414,8.613274574279785,1006.340625,1006.38875,1006.953906,0.000550456,0.000551342,0.000516637,2.151754496666667,0.1819433673717367,2.0184756700000004
2018-10-12 00:00:00,8.148443222045898,1007.088281,0.000426592,2.83616829,0.039627329,Titli,Phase 3,3,2.95306945,0,12,285,0.0,1.0,2.55122924,2.33892512,2.14080548,0.040529314,0.041200914,0.041502316,8.134617805480957,7.969966411590576,8.596506118774414,1006.499844,1006.340625,1006.38875,0.00048494,0.000550456,0.000551342,2.34365328,0.205252728,2.1230396016666666
2018-10-12 01:00:00,8.050266266,1008.016484,0.00034885,2.95306945,0.038577542,Titli,Phase 3,3,2.96552658,1,12,285,0.2588190451025207,0.9659258262890684,2.83616829,2.55122924,2.33892512,0.039627329,0.040529314,0.041200914,8.148443222045898,8.134617805480957,7.969966411590576,1007.088281,1006.499844,1006.340625,0.000426592,0.00048494,0.000550456,2.575440883333333,0.2495041989277623,2.2846145816666668
2018-10-12 02:00:00,8.026063919067383,1008.869453,0.000304505,2.96552658,0.037479505,Titli,Phase 3,3,2.84158468,2,12,285,0.4999999999999999,0.8660254037844387,2.95306945,2.83616829,2.55122924,0.038577542,0.039627329,0.040529314,8.050266266,8.148443222045898,8.134617805480957,1008.016484,1007.088281,1006.499844,0.00034885,0.000426592,0.00048494,2.78015566,0.2066928872333173,2.4659550783333333
2018-10-12 03:00:00,8.009388924,1009.338828,0.00031257,2.84158468,0.036286335,Titli,Phase 3,3,2.72617888,3,12,285,0.7071067811865475,0.7071067811865476,2.96552658,2.95306945,2.83616829,0.037479505,0.038577542,0.039627329,8.026063919067383,8.050266266,8.148443222045898,1008.869453,1008.016484,1007.088281,0.000304505,0.00034885,0.000426592,2.918254773333333,0.071361321,2.6309540266666667
2018-10-12 04:00:00,7.966043472290039,1009.740391,0.000265046,2.72617888,0.03522139,Titli,Phase 3,3,2.81651378,4,12,285,0.8660254037844386,0.5000000000000001,2.84158468,2.96552658,2.95306945,0.036286335,0.037479505,0.038577542,8.009388924,8.026063919067383,8.050266266,1009.338828,1008.869453,1008.016484,0.00031257,0.000304505,0.00034885,2.9200602366666666,0.068246647,2.74775056
2018-10-12 05:00:00,7.971587181091309,1009.806172,0.00022478,2.81651378,0.034173809,Titli,Phase 3,3,3.00830722,5,12,285,0.9659258262890684,0.2588190451025207,2.72617888,2.84158468,2.96552658,0.03522139,0.036286335,0.037479505,7.966043472290039,8.009388924,8.026063919067383,1009.740391,1009.338828,1008.869453,0.000265046,0.00031257,0.000304505,2.8444300466666665,0.1196992166115524,2.8122928533333336
2018-10-12 06:00:00,7.912174224853516,1009.102188,0.000208517,3.00830722,0.033224117,Titli,Phase 3,3,2.96354985,6,12,285,1.0,6.123233995736766e-17,2.81651378,2.72617888,2.84158468,0.034173809,0.03522139,0.036286335,7.971587181091309,7.966043472290039,8.009388924,1009.806172,1009.740391,1009.338828,0.00022478,0.000265046,0.00031257,2.7947591133333334,0.0607006903563667,2.856506943333333
2018-10-12 07:00:00,7.957564830780029,1008.523438,0.000142737,2.96354985,0.032297511,Titli,Phase 3,3,2.79251337,7,12,285,0.9659258262890684,-0.258819045,3.00830722,2.81651378,2.72617888,0.033224117,0.034173809,0.03522139,7.912174224853516,7.971587181091309,7.966043472290039,1009.102188,1009.806172,1009.740391,0.000208517,0.00022478,0.000265046,2.850333293333333,0.144072619429795,2.885196765
2018-10-12 08:00:00,7.853165149688721,1007.788047,0.000140982,2.79251337,0.031342953,Titli,Phase 3,3,2.56652927,8,12,285,0.8660254037844387,-0.5,2.96354985,3.00830722,2.81651378,0.032297511,0.033224117,0.034173809,7.957564830780029,7.912174224853516,7.971587181091309,1008.523438,1009.102188,1009.806172,0.000142737,0.000208517,0.00022478,2.92945695,0.1003390516178111,2.8869434983333337
2018-10-12 09:00:00,7.846733570098877,1007.289297,0.000106351,2.56652927,0.030457094,Titli,Phase 3,3,2.44766665,9,12,285,0.7071067811865476,-0.707106781,2.79251337,2.96354985,3.00830722,0.031342953,0.032297511,0.033224117,7.853165149688721,7.957564830780029,7.912174224853516,1007.788047,1008.523438,1009.102188,0.000140982,0.000142737,0.000208517,2.9214568133333336,0.1138886044620686,2.858107963333333
2018-10-12 10:00:00,7.084413528442383,1006.704688,0.000107467,2.44766665,0.029608142,Titli,Phase 3,3,2.38617086,10,12,285,0.4999999999999999,-0.866025404,2.56652927,2.79251337,2.96354985,0.030457094,0.031342953,0.032297511,7.846733570098877,7.853165149688721,7.957564830780029,1007.289297,1007.788047,1008.523438,0.000106351,0.000140982,0.000142737,2.774197496666668,0.199143010542304,2.8122653950000003
2018-10-12 11:00:00,7.131845474243164,1007.453125,0.000118993,2.38617086,0.028804798,Titli,Phase 3,3,2.29825521,11,12,285,0.258819045,-0.965925826,2.44766665,2.56652927,2.79251337,0.029608142,0.030457094,0.031342953,7.084413528442383,7.846733570098877,7.853165149688721,1006.704688,1007.289297,1007.788047,0.000107467,0.000106351,0.000140982,2.60223643,0.1751743874832596,2.76584669
2018-10-12 12:00:00,7.040841579437256,1007.943594,0.000124188,2.29825521,0.028127171,Titli,Phase 3,3,2.55223036,12,12,285,1.2246467991473532e-16,-1.0,2.38617086,2.44766665,2.56652927,0.028804798,0.029608142,0.030457094,7.131845474243164,7.084413528442383,7.846733570098877,1007.453125,1006.704688,1007.289297,0.000118993,0.000107467,0.000106351,2.4667889266666667,0.091687159,2.69412287
2018-10-12 13:00:00,6.996713638305664,1008.638359,0.000138067,2.55223036,0.02753228,Titli,Phase 3,3,2.8358767,13,12,285,-0.258819045,-0.965925826,2.29825521,2.38617086,2.44766665,0.028127171,0.028804798,0.029608142,7.040841579437256,7.131845474243164,7.084413528442383,1007.943594,1007.453125,1006.704688,0.000124188,0.000118993,0.000107467,2.37736424,0.075094021,2.5757808683333336
2018-10-12 14:00:00,7.023089408874512,1009.950234,0.000159351,2.8358767,0.0269779,Titli,Phase 3,3,3.0652287,14,12,285,-0.5,-0.866025404,2.55223036,2.29825521,2.38617086,0.02753228,0.028127171,0.028804798,6.996713638305664,7.040841579437256,7.131845474243164,1008.638359,1007.943594,1007.453125,0.000138067,0.000124188,0.000118993,2.41221881,0.1289756410287583,2.50722762
2018-10-12 15:00:00,7.146607875823975,1010.467891,0.000183177,3.0652287,0.026563847,Titli,Phase 3,3,3.52127719,15,12,285,-0.707106781,-0.707106781,2.8358767,2.55223036,2.29825521,0.0269779,0.02753228,0.028127171,7.023089408874512,6.996713638305664,7.040841579437256,1009.950234,1008.638359,1007.943594,0.000159351,0.000138067,0.000124188,2.562120756666667,0.268947172,2.5144548416666663
2018-10-12 16:00:00,7.304006576538086,1011.091875,0.00024241,3.52127719,0.026189195,Titli,Phase 3,3,3.40353847,16,12,285,-0.866025404,-0.5,3.0652287,2.8358767,2.55223036,0.026563847,0.0269779,0.02753228,7.146607875823975,7.023089408874512,6.996713638305664,1010.467891,1009.950234,1008.638359,0.000183177,0.000159351,0.000138067,2.8177785866666665,0.256977587525362,2.597571413333333
2018-10-12 17:00:00,7.461151123046875,1011.087031,0.000305694,3.40353847,0.025851345,Titli,Phase 3,3,3.46914196,17,12,285,-0.965925826,-0.258819045,3.52127719,3.0652287,2.8358767,0.026189195,0.026563847,0.0269779,7.304006576538086,7.146607875823975,7.023089408874512,1011.091875,1010.467891,1009.950234,0.00024241,0.000183177,0.000159351,3.140794196666667,0.3488926283800166,2.7765065033333336
2018-10-12 18:00:00,7.584599018096924,1010.532109,0.000327273,3.46914196,0.025886655,Titli,Phase 3,3,3.30028057,18,12,285,-1.0,-1.84e-16,3.40353847,3.52127719,3.0652287,0.025851345,0.026189195,0.026563847,7.461151123046875,7.304006576538086,7.146607875823975,1011.087031,1011.091875,1010.467891,0.000305694,0.00024241,0.000183177,3.3300147866666667,0.2367474504952299,2.9460677716666672
2018-10-12 19:00:00,7.677506923675537,1010.179688,0.000209449,3.30028057,0.026621573,Titli,Phase 3,3,2.74462628,19,12,285,-0.965925826,0.2588190451025203,3.46914196,3.40353847,3.52127719,0.025886655,0.025851345,0.026189195,7.584599018096924,7.461151123046875,7.304006576538086,1010.532109,1011.087031,1011.091875,0.000327273,0.000305694,0.00024241,3.46465254,0.058997608,3.141215563333333
2018-10-12 20:00:00,7.623630046844482,1009.658281,0.000228801,2.74462628,0.027844658,Titli,Phase 3,3,2.24756861,20,12,285,-0.866025404,0.5000000000000001,3.30028057,3.46914196,3.40353847,0.026621573,0.025886655,0.025851345,7.677506923675537,7.584599018096924,7.461151123046875,1010.179688,1010.532109,1011.087031,0.000209449,0.000327273,0.000305694,3.3909870000000004,0.085127533,3.2658905983333333
2018-10-12 21:00:00,7.457590579986572,1009.15625,0.000242662,2.24756861,0.029106375,Titli,Phase 3,3,1.97084808,21,12,285,-0.707106781,0.7071067811865474,2.74462628,3.30028057,3.46914196,0.027844658,0.026621573,0.025886655,7.623630046844482,7.677506923675537,7.584599018096924,1009.658281,1010.179688,1010.532109,0.000228801,0.000209449,0.000327273,3.1713496033333333,0.3790753728029072,3.250682195
2018-10-12 22:00:00,7.154976844787598,1009.162891,0.000223908,1.97084808,0.030027311,Titli,Phase 3,3,1.73637819,22,12,285,-0.5,0.8660254037844384,2.24756861,2.74462628,3.30028057,0.029106375,0.027844658,0.026621573,7.457590579986572,7.623630046844482,7.677506923675537,1009.15625,1009.658281,1010.179688,0.000242662,0.000228801,0.000209449,2.764158486666666,0.5266277129098981,3.114405513333333
2018-11-10 06:00:00,4.8658,1011.7474,0.00851,0.613998,0.142124,Gaja,Phase 1,1,0.533678,6,10,314,1.0,6.123233995736766e-17,0.465341,0.431274,0.384452,0.14741,0.162843,0.177588,4.8548,4.7833,4.2627,1012.4984,1012.8817,1012.8518,0.012475,0.010054,0.003582,0.4270223333333333,0.04061176,0.4700425
2018-11-10 07:00:00,4.8354,1011.0658,0.008037,0.533678,0.136585,Gaja,Phase 1,1,0.475575,7,10,314,0.9659258262890684,-0.258819045,0.613998,0.465341,0.431274,0.142124,0.14741,0.162843,4.8658,4.8548,4.7833,1011.7474,1012.4984,1012.8817,0.00851,0.012475,0.010054,0.5035376666666667,0.097166116,0.458703
2018-11-10 08:00:00,4.8539,1010.0588,0.006472,0.475575,0.127886,Gaja,Phase 1,1,0.390272,8,10,314,0.8660254037844387,-0.5,0.533678,0.613998,0.465341,0.136585,0.142124,0.14741,4.8354,4.8658,4.8548,1011.0658,1011.7474,1012.4984,0.008037,0.00851,0.012475,0.5376723333333334,0.074408951,0.4624346666666667
2018-11-10 09:00:00,4.8944,1009.3608,0.007964,0.390272,0.123722,Gaja,Phase 1,1,0.340231,9,10,314,0.7071067811865476,-0.707106781,0.475575,0.533678,0.613998,0.127886,0.136585,0.142124,4.8539,4.8354,4.8658,1010.0588,1011.0658,1011.7474,0.006472,0.008037,0.00851,0.5410836666666666,0.069508019,0.484053
2018-11-10 10:00:00,4.8825,1008.8065,0.006545,0.340231,0.123735,Gaja,Phase 1,1,0.334297,10,10,314,0.4999999999999999,-0.866025404,0.390272,0.475575,0.533678,0.123722,0.127886,0.136585,4.8944,4.8539,4.8354,1009.3608,1010.0588,1011.0658,0.007964,0.006472,0.008037,0.4665083333333333,0.07213164,0.485023
2018-11-10 11:00:00,4.7407,1009.0762,0.003513,0.334297,0.125162,Gaja,Phase 1,1,0.295188,11,10,314,0.258819045,-0.965925826,0.340231,0.390272,0.475575,0.123735,0.123722,0.127886,4.8825,4.8944,4.8539,1008.8065,1009.3608,1010.0588,0.006545,0.007964,0.006472,0.402026,0.068433303,0.4698491666666666
2018-11-10 12:00:00,4.2796,1009.5686,0.002017,0.295188,0.126793,Gaja,Phase 1,1,0.238374,12,10,314,1.2246467991473532e-16,-1.0,0.334297,0.340231,0.390272,0.125162,0.123735,0.123722,4.7407,4.8825,4.8944,1009.0762,1008.8065,1009.3608,0.003513,0.006545,0.007964,0.3549333333333333,0.030747668,0.4480085
2018-11-10 13:00:00,4.3045,1010.149,0.001614,0.238374,0.131518,Gaja,Phase 1,1,0.218821,13,10,314,-0.258819045,-0.965925826,0.295188,0.334297,0.340231,0.126793,0.125162,0.123735,4.2796,4.7407,4.8825,1009.5686,1009.0762,1008.8065,0.002017,0.003513,0.006545,0.3232386666666667,0.0244731079827082,0.3948735
2018-11-10 14:00:00,4.3064,1011.0706,0.00119,0.218821,0.139746,Gaja,Phase 1,1,0.26104,14,10,314,-0.5,-0.866025404,0.238374,0.295188,0.334297,0.131518,0.126793,0.125162,4.3045,4.2796,4.7407,1010.149,1009.5686,1009.0762,0.001614,0.002017,0.003513,0.2892863333333333,0.048233056,0.3456561666666666
2018-11-10 15:00:00,4.2597,1012.0972,0.001431,0.26104,0.148778,Gaja,Phase 1,1,0.356496,15,10,314,-0.707106781,-0.707106781,0.218821,0.238374,0.295188,0.139746,0.131518,0.126793,4.3064,4.3045,4.2796,1011.0706,1010.149,1009.5686,0.00119,0.001614,0.002017,0.2507943333333333,0.039669613,0.3028638333333333
2018-11-10 16:00:00,4.1411,1012.579,0.001671,0.356496,0.154078,Gaja,Phase 1,1,0.520989,16,10,314,-0.866025404,-0.5,0.26104,0.218821,0.238374,0.148778,0.139746,0.131518,4.2597,4.3064,4.3045,1012.0972,1011.0706,1010.149,0.001431,0.00119,0.001614,0.2394116666666666,0.0211286193191436,0.2813251666666667
2018-11-10 17:00:00,3.9354,1012.5865,0.001504,0.520989,0.162818,Gaja,Phase 1,1,0.663403,17,10,314,-0.965925826,-0.258819045,0.356496,0.26104,0.218821,0.154078,0.148778,0.139746,4.1411,4.2597,4.3064,1012.579,1012.0972,1011.0706,0.001671,0.001431,0.00119,0.2787856666666666,0.070532141,0.284036
2018-11-10 18:00:00,3.764,1011.8594,0.001928,0.663403,0.172181,Gaja,Phase 1,1,0.726416,18,10,314,-1.0,-1.84e-16,0.520989,0.356496,0.26104,0.162818,0.154078,0.148778,3.9354,4.1411,4.2597,1012.5865,1012.579,1012.0972,0.001504,0.001671,0.001431,0.3795083333333333,0.1314935217580444,0.3151513333333333
2018-11-10 19:00:00,3.599,1011.6553,0.004018,0.726416,0.180071,Gaja,Phase 1,1,0.832996,19,10,314,-0.965925826,0.2588190451025203,0.663403,0.520989,0.356496,0.172181,0.162818,0.154078,3.764,3.9354,4.1411,1011.8594,1012.5865,1012.579,0.001928,0.001504,0.001671,0.5136293333333333,0.1535858072294876,0.3765205
2018-11-10 20:00:00,3.4323,1011.049,0.002009,0.832996,0.184462,Gaja,Phase 1,1,0.938952,20,10,314,-0.866025404,0.5000000000000001,0.726416,0.663403,0.520989,0.180071,0.172181,0.162818,3.599,3.764,3.9354,1011.6553,1011.8594,1012.5865,0.004018,0.001928,0.001504,0.636936,0.1052399147139525,0.4578608333333333
2018-11-10 21:00:00,3.3148,1010.7596,0.003273,0.938952,0.18178,Gaja,Phase 1,1,0.928059,21,10,314,-0.707106781,0.7071067811865474,0.832996,0.726416,0.663403,0.184462,0.180071,0.172181,3.4323,3.599,3.764,1011.049,1011.6553,1011.8594,0.002009,0.004018,0.001928,0.7409383333333333,0.085724093,0.5602233333333333
2018-11-10 22:00:00,3.3272,1010.9291,0.007169,0.928059,0.171645,Gaja,Phase 1,1,0.759122,22,10,314,-0.5,0.8660254037844384,0.938952,0.832996,0.726416,0.18178,0.184462,0.180071,3.3148,3.4323,3.599,1010.7596,1011.049,1011.6553,0.003273,0.002009,0.004018,0.8327879999999999,0.1062681526704969,0.6732086666666667
2018-11-10 23:00:00,3.3632,1011.0678,0.012708,0.759122,0.159468,Gaja,Phase 1,1,0.568038,23,10,314,-0.258819045,0.965925826289068,0.928059,0.938952,0.832996,0.171645,0.18178,0.184462,3.3272,3.3148,3.4323,1010.9291,1010.7596,1011.049,0.007169,0.003273,0.002009,0.9000023333333332,0.058284225,0.7684691666666666
2018-11-11 00:00:00,3.3583,1011.7893,0.017411,0.568038,0.146308,Gaja,Phase 1,1,0.427115,0,11,315,0.0,1.0,0.759122,0.928059,0.938952,0.159468,0.171645,0.18178,3.3632,3.3272,3.3148,1011.0678,1010.9291,1010.7596,0.012708,0.007169,0.003273,0.8753776666666666,0.1008275725500389,0.808158
2018-11-11 01:00:00,3.4618,1012.2149,0.01618,0.427115,0.130664,Gaja,Phase 1,1,0.33711,1,11,315,0.2588190451025207,0.9659258262890684,0.568038,0.759122,0.928059,0.146308,0.159468,0.171645,3.3583,3.3632,3.3272,1011.7893,1011.0678,1010.9291,0.017411,0.012708,0.007169,0.7517396666666666,0.1801239968586457,0.7922638333333333
2018-11-11 02:00:00,3.7373,1013.1682,0.009602,0.33711,0.114826,Gaja,Phase 1,1,0.23032,2,11,315,0.4999999999999999,0.8660254037844387,0.427115,0.568038,0.759122,0.130664,0.146308,0.159468,3.4618,3.3583,3.3632,1012.2149,1011.7893,1011.0678,0.01618,0.017411,0.012708,0.5847583333333334,0.1666338476190641,0.7423803333333333
2018-11-11 03:00:00,3.8661,1013.7476,0.008094,0.23032,0.103295,Gaja,Phase 1,1,0.139886,3,11,315,0.7071067811865475,0.7071067811865476,0.33711,0.427115,0.568038,0.114826,0.130664,0.146308,3.7373,3.4618,3.3583,1013.1682,1012.2149,1011.7893,0.009602,0.01618,0.017411,0.4440876666666666,0.1163958283459229,0.6597326666666666
2018-11-11 04:00:00,3.9619,1014.2399,0.012121,0.139886,0.094535,Gaja,Phase 1,1,0.077982,4,11,315,0.8660254037844386,0.5000000000000001,0.23032,0.33711,0.427115,0.103295,0.114826,0.130664,3.8661,3.7373,3.4618,1013.7476,1013.1682,1012.2149,0.008094,0.009602,0.01618,0.3315149999999999,0.09851673,0.5416273333333333
2018-11-11 05:00:00,4.0987,1013.692,0.009643,0.077982,0.08349,Gaja,Phase 1,1,0.032018,5,11,315,0.9659258262890684,0.2588190451025207,0.139886,0.23032,0.33711,0.094535,0.103295,0.114826,3.9619,3.8661,3.7373,1014.2399,1013.7476,1013.1682,0.012121,0.008094,0.009602,0.2357719999999999,0.09872497,0.4102651666666666
2018-11-11 06:00:00,4.1185,1012.7271,0.005999,0.032018,0.071195,Gaja,Phase 1,1,0.034487,6,11,315,1.0,6.123233995736766e-17,0.077982,0.139886,0.23032,0.08349,0.094535,0.103295,4.0987,3.9619,3.8661,1013.692,1014.2399,1013.7476,0.009643,0.012121,0.008094,0.1493959999999999,0.076612967,0.2967418333333333
2018-11-11 07:00:00,4.1187,1011.7802,0.006073,0.034487,0.062099,Gaja,Phase 1,1,0.03144,7,11,315,0.9659258262890684,-0.258819045,0.032018,0.077982,0.139886,0.071195,0.08349,0.094535,4.1185,4.0987,3.9619,1012.7271,1013.692,1014.2399,0.005999,0.009643,0.012121,0.083295333,0.0541299361659856,0.2074051666666666
2018-11-11 08:00:00,4.169,1010.6434,0.001573,0.03144,0.057748,Gaja,Phase 1,1,0.05155,8,11,315,0.8660254037844387,-0.5,0.034487,0.032018,0.077982,0.062099,0.071195,0.08349,4.1187,4.1185,4.0987,1011.7802,1012.7271,1013.692,0.006073,0.005999,0.009643,0.0481623333333332,0.025854079,0.1419671666666666
2018-11-11 09:00:00,4.2008,1009.8912,0.000876,0.05155,0.057578,Gaja,Phase 1,1,0.084365,9,11,315,0.7071067811865476,-0.707106781,0.03144,0.034487,0.032018,0.057748,0.062099,0.071195,4.169,4.1187,4.1185,1010.6434,1011.7802,1012.7271,0.001573,0.006073,0.005999,0.032648333,0.001618346,0.091022167
2018-11-11 10:00:00,4.1315,1009.3073,0.000228,0.084365,0.057795,Gaja,Phase 1,1,0.070661,10,11,315,0.4999999999999999,-0.866025404,0.05155,0.03144,0.034487,0.057578,0.057748,0.062099,4.2008,4.169,4.1187,1009.8912,1010.6434,1011.7802,0.000876,0.001573,0.006073,0.0391589999999999,0.010838529,0.061227167
2018-11-11 11:00:00,4.0504,1009.5502,8e-06,0.070661,0.057956,Gaja,Phase 1,1,0.085188,11,11,315,0.258819045,-0.965925826,0.084365,0.05155,0.03144,0.057795,0.057578,0.057748,4.1315,4.2008,4.169,1009.3073,1009.8912,1010.6434,0.000228,0.000876,0.001573,0.055785,0.0267154510536572,0.051973667
2018-11-11 12:00:00,3.8222,1010.1521,0.0,0.085188,0.057779,Gaja,Phase 1,1,0.121065,12,11,315,1.2246467991473532e-16,-1.0,0.070661,0.084365,0.05155,0.057956,0.057795,0.057578,4.0504,4.1315,4.2008,1009.5502,1009.3073,1009.8912,8e-06,0.000228,0.000876,0.068858667,0.016481576,0.0507535
2018-11-11 13:00:00,3.9037,1010.8538,0.0,0.121065,0.056906,Gaja,Phase 1,1,0.12117,13,11,315,-0.258819045,-0.965925826,0.085188,0.070661,0.084365,0.057779,0.057956,0.057795,3.8222,4.0504,4.1315,1010.1521,1009.5502,1009.3073,0.0,8e-06,0.000228,0.080071333,0.00815997,0.0596151666666666
2018-11-11 14:00:00,3.9192,1011.7877,0.0,0.12117,0.056827,Gaja,Phase 1,1,0.141381,14,11,315,-0.5,-0.866025404,0.121065,0.085188,0.070661,0.056906,0.057779,0.057956,3.9037,3.8222,4.0504,1010.8538,1010.1521,1009.5502,0.0,0.0,8e-06,0.092304667,0.0259446721377179,0.074044833
2018-11-11 15:00:00,3.9113,1012.6612,0.0,0.141381,0.05749,Gaja,Phase 1,1,0.169339,15,11,315,-0.707106781,-0.707106781,0.12117,0.121065,0.085188,0.056827,0.056906,0.057779,3.9192,3.9037,3.8222,1011.7877,1010.8538,1010.1521,0.0,0.0,0.0,0.1091409999999999,0.0207439729319226,0.088999833
2018-11-11 16:00:00,3.9197,1013.1828,0.0,0.169339,0.059453,Gaja,Phase 1,1,0.193661,16,11,315,-0.866025404,-0.5,0.141381,0.12117,0.121065,0.05749,0.056827,0.056906,3.9113,3.9192,3.9037,1012.6612,1011.7877,1010.8538,0.0,0.0,0.0,0.1278719999999999,0.011699255,0.1039716666666666
2018-11-11 17:00:00,3.8599,1013.0337,0.0,0.193661,0.061489,Gaja,Phase 1,1,0.227088,17,11,315,-0.965925826,-0.258819045,0.169339,0.141381,0.12117,0.059453,0.05749,0.056827,3.9197,3.9113,3.9192,1013.1828,1012.6612,1011.7877,0.0,0.0,0.0,0.1439633333333333,0.024188106,0.118134
2018-11-11 18:00:00,3.78,1012.4781,4.1e-05,0.227088,0.063546,Gaja,Phase 1,1,0.259278,18,11,315,-1.0,-1.84e-16,0.193661,0.169339,0.141381,0.061489,0.059453,0.05749,3.8599,3.9197,3.9113,1013.0337,1013.1828,1012.6612,0.0,0.0,0.0,0.1681269999999999,0.026161065,0.138634
2018-11-11 19:00:00,3.6217,1012.1156,0.00013,0.259278,0.065425,Gaja,Phase 1,1,0.268895,19,11,315,-0.965925826,0.2588190451025203,0.227088,0.193661,0.169339,0.063546,0.061489,0.059453,3.78,3.8599,3.9197,1012.4781,1013.0337,1013.1828,4.1e-05,0.0,0.0,0.1966959999999999,0.0289938815787109,0.1622839999999999
2018-11-11 20:00:00,3.3693,1011.2598,0.000212,0.268895,0.067108,Gaja,Phase 1,1,0.278455,20,11,315,-0.866025404,0.5000000000000001,0.259278,0.227088,0.193661,0.065425,0.063546,0.061489,3.6217,3.78,3.8599,1012.1156,1012.4781,1013.0337,0.00013,4.1e-05,0.0,0.2266756666666666,0.032810443,0.1853195
2018-11-11 21:00:00,3.0986,1010.801,0.000359,0.278455,0.067862,Gaja,Phase 1,1,0.296217,21,11,315,-0.707106781,0.7071067811865474,0.268895,0.259278,0.227088,0.067108,0.065425,0.063546,3.3693,3.6217,3.78,1011.2598,1012.1156,1012.4781,0.000212,0.00013,4.1e-05,0.2517536666666666,0.0218956161441879,0.2099403333333333
2018-11-11 22:00:00,2.9825,1010.5408,0.001496,0.296217,0.068123,Gaja,Phase 1,1,0.29238,22,11,315,-0.5,0.8660254037844384,0.278455,0.268895,0.259278,0.067862,0.067108,0.065425,3.0986,3.3693,3.6217,1010.801,1011.2598,1012.1156,0.000359,0.000212,0.00013,0.2688759999999999,0.009588514,0.232786
2018-11-11 23:00:00,3.0987,1010.7109,0.0011,0.29238,0.068562,Gaja,Phase 1,1,0.283879,23,11,315,-0.258819045,0.965925826289068,0.296217,0.278455,0.268895,0.068123,0.067862,0.067108,2.9825,3.0986,3.3693,1010.5408,1010.801,1011.2598,0.001496,0.000359,0.000212,0.2811889999999999,0.013864666891068,0.2539323333333333
2018-11-12 00:00:00,3.4885,1011.1108,0.001231,0.283879,0.0691,Gaja,Phase 1,1,0.277265,0,12,316,0.0,1.0,0.29238,0.296217,0.278455,0.068562,0.068123,0.067862,3.0987,2.9825,3.0986,1010.7109,1010.5408,1010.801,0.0011,0.001496,0.000359,0.2890173333333333,0.009346272,0.2703855
2018-11-12 01:00:00,3.7709,1011.2311,0.001488,0.277265,0.069338,Gaja,Phase 1,1,0.272264,1,12,316,0.2588190451025207,0.9659258262890684,0.283879,0.29238,0.296217,0.0691,0.068562,0.068123,3.4885,3.0987,2.9825,1011.1108,1010.7109,1010.5408,0.001231,0.0011,0.001496,0.2908253333333332,0.006314214,0.2798506666666667
2018-11-12 02:00:00,3.9947,1012.0162,0.001141,0.272264,0.068735,Gaja,Phase 1,1,0.272328,2,12,316,0.4999999999999999,0.8660254037844387,0.277265,0.283879,0.29238,0.069338,0.0691,0.068562,3.7709,3.4885,3.0987,1011.2311,1011.1108,1010.7109,0.001488,0.001231,0.0011,0.2845079999999999,0.007577106,0.2828485
2018-11-12 03:00:00,4.2677,1012.4682,0.001394,0.272328,0.067691,Gaja,Phase 1,1,0.283841,3,12,316,0.7071067811865475,0.7071067811865476,0.272264,0.277265,0.283879,0.068735,0.069338,0.0691,3.9947,3.7709,3.4885,1012.0162,1011.2311,1011.1108,0.001141,0.001488,0.001231,0.2778026666666666,0.005826137,0.28341
2018-11-12 04:00:00,4.3016,1012.8511,0.003228,0.283841,0.06657,Gaja,Phase 1,1,0.29796,4,12,316,0.8660254037844386,0.5000000000000001,0.272328,0.272264,0.277265,0.067691,0.068735,0.069338,4.2677,3.9947,3.7709,1012.4682,1012.0162,1011.2311,0.001394,0.001141,0.001488,0.2739523333333333,0.002869032,0.2823888333333333
2018-11-12 05:00:00,4.2844,1012.3464,0.010894,0.29796,0.065295,Gaja,Phase 1,1,0.30949,5,12,316,0.9659258262890684,0.2588190451025207,0.283841,0.272328,0.272264,0.06657,0.067691,0.068735,4.3016,4.2677,3.9947,1012.8511,1012.4682,1012.0162,0.003228,0.001394,0.001141,0.2761443333333333,0.006665586,0.2803261666666666
2018-11-12 06:00:00,4.2338,1011.7022,0.00441,0.30949,0.064409,Gaja,Phase 1,1,0.3195,6,12,316,1.0,6.123233995736766e-17,0.29796,0.283841,0.272328,0.065295,0.06657,0.067691,4.2844,4.3016,4.2677,1012.3464,1012.8511,1012.4682,0.010894,0.003228,0.001394,0.2847096666666666,0.0128380603026162,0.2812561666666667
2018-11-12 07:00:00,4.136,1010.733,0.005689,0.3195,0.064104,Gaja,Phase 1,1,0.309034,7,12,316,0.9659258262890684,-0.258819045,0.30949,0.29796,0.283841,0.064409,0.065295,0.06657,4.2338,4.2844,4.3016,1011.7022,1012.3464,1012.8511,0.00441,0.010894,0.003228,0.297097,0.0128462592609786,0.2855246666666667
2018-11-12 08:00:00,3.8759,1009.6635,0.003701,0.309034,0.062945,Gaja,Phase 1,1,0.291602,8,12,316,0.8660254037844387,-0.5,0.3195,0.30949,0.29796,0.064104,0.064409,0.065295,4.136,4.2338,4.2844,1010.733,1011.7022,1012.3464,0.005689,0.00441,0.010894,0.3089833333333333,0.0107789347030962,0.2925638333333333
2018-11-12 09:00:00,3.5797,1008.8207,0.002201,0.291602,0.06242,Gaja,Phase 1,1,0.285892,9,12,316,0.7071067811865476,-0.707106781,0.309034,0.3195,0.30949,0.062945,0.064104,0.064409,3.8759,4.136,4.2338,1009.6635,1010.733,1011.7022,0.003701,0.005689,0.00441,0.3126746666666666,0.005915308,0.2986921666666666
2018-11-12 10:00:00,3.2846,1008.2455,0.000387,0.285892,0.062941,Gaja,Phase 1,1,0.284124,10,12,316,0.4999999999999999,-0.866025404,0.291602,0.309034,0.3195,0.06242,0.062945,0.064104,3.5797,3.8759,4.136,1008.8207,1009.6635,1010.733,0.002201,0.003701,0.005689,0.3067119999999999,0.0140932027587869,0.3019045
2018-11-12 11:00:00,2.9075,1008.4719,0.000587,0.284124,0.06322,Gaja,Phase 1,1,0.284215,11,12,316,0.258819045,-0.965925826,0.285892,0.291602,0.309034,0.062941,0.06242,0.062945,3.2846,3.5797,3.8759,1008.2455,1008.8207,1009.6635,0.000387,0.002201,0.003701,0.2955093333333332,0.012055641058592,0.3022463333333333
2018-11-12 12:00:00,2.6014,1008.9833,0.000102,0.284215,0.063361,Gaja,Phase 2,2,0.286935,12,12,316,1.2246467991473532e-16,-1.0,0.284124,0.285892,0.291602,0.06322,0.062941,0.06242,2.9075,3.2846,3.5797,1008.4719,1008.2455,1008.8207,0.000587,0.000387,0.002201,0.2872059999999999,0.003908333,0.2999403333333333
2018-11-12 13:00:00,2.5369,1009.4535,0.0,0.286935,0.063829,Gaja,Phase 2,2,0.289214,13,12,316,-0.258819045,-0.965925826,0.284215,0.284124,0.285892,0.063361,0.06322,0.062941,2.6014,2.9075,3.2846,1008.9833,1008.4719,1008.2455,0.000102,0.000587,0.000387,0.2847436666666666,0.000995526,0.2957278333333333
2018-11-12 14:00:00,2.5102,1010.2454,0.0,0.289214,0.063884,Gaja,Phase 2,2,0.283355,14,12,316,-0.5,-0.866025404,0.286935,0.284215,0.284124,0.063829,0.063361,0.06322,2.5369,2.6014,2.9075,1009.4535,1008.9833,1008.4719,0.0,0.000102,0.000587,0.2850913333333333,0.00159731,0.2903003333333333
2018-11-12 15:00:00,2.5242,1011.0391,0.0,0.283355,0.063898,Gaja,Phase 2,2,0.275778,15,12,316,-0.707106781,-0.707106781,0.289214,0.286935,0.284215,0.063884,0.063829,0.063361,2.5102,2.5369,2.6014,1010.2454,1009.4535,1008.9833,0.0,0.0,0.000102,0.286788,0.00250274,0.286997
2018-11-12 16:00:00,2.5386,1011.6976,0.0,0.275778,0.064069,Gaja,Phase 2,2,0.263183,16,12,316,-0.866025404,-0.5,0.283355,0.289214,0.286935,0.063898,0.063884,0.063829,2.5242,2.5102,2.5369,1011.0391,1010.2454,1009.4535,0.0,0.0,0.0,0.2865013333333333,0.002953476,0.2856224999999999
2018-11-12 17:00:00,2.6318,1011.4313,0.0,0.263183,0.064168,Gaja,Phase 2,2,0.250655,17,12,316,-0.965925826,-0.258819045,0.275778,0.283355,0.289214,0.064069,0.063898,0.063884,2.5386,2.5242,2.5102,1011.6976,1011.0391,1010.2454,0.0,0.0,0.0,0.2827823333333333,0.006736281,0.2839368333333333
2018-11-12 18:00:00,2.3821,1011.0031,0.0,0.250655,0.063394,Gaja,Phase 2,2,0.187832,18,12,316,-1.0,-1.84e-16,0.263183,0.275778,0.283355,0.064168,0.064069,0.063898,2.6318,2.5386,2.5242,1011.4313,1011.6976,1011.0391,0.0,0.0,0.0,0.2741053333333333,0.0101894924473013,0.2804466666666667
2018-11-12 19:00:00,1.9138,1010.8714,0.0,0.187832,0.06186,Gaja,Phase 2,2,0.124126,19,12,316,-0.965925826,0.2588190451025203,0.250655,0.263183,0.275778,0.063394,0.064168,0.064069,2.3821,2.6318,2.5386,1011.0031,1011.4313,1011.6976,0.0,0.0,0.0,0.2632053333333333,0.0125615148900764,0.2748533333333333
2018-11-12 20:00:00,1.6078,1009.9512,0.002564,0.124126,0.060523,Gaja,Phase 2,2,0.090764,20,12,316,-0.866025404,0.5000000000000001,0.187832,0.250655,0.263183,0.06186,0.063394,0.064168,1.9138,2.3821,2.6318,1010.8714,1011.0031,1011.4313,0.0,0.0,0.0,0.2338899999999999,0.040376258,0.2583361666666666
2018-11-12 21:00:00,1.5686,1009.618,0.000359,0.090764,0.059563,Gaja,Phase 2,2,0.060505,21,12,316,-0.707106781,0.7071067811865474,0.124126,0.187832,0.250655,0.060523,0.06186,0.063394,1.6078,1.9138,2.3821,1009.9512,1010.8714,1011.0031,0.002564,0.0,0.0,0.1875376666666666,0.063265014,0.2308215
2018-11-12 22:00:00,2.0915,1009.6534,5.7e-05,0.060505,0.058332,Gaja,Phase 2,2,0.04107,22,12,316,-0.5,0.8660254037844384,0.090764,0.124126,0.187832,0.059563,0.060523,0.06186,1.5686,1.6078,1.9138,1009.618,1009.9512,1010.8714,0.000359,0.002564,0.0,0.1342406666666666,0.049318141,0.1987229999999999
2018-11-12 23:00:00,2.5524,1009.5494,9e-05,0.04107,0.056667,Gaja,Phase 2,2,0.032759,23,12,316,-0.258819045,0.965925826289068,0.060505,0.090764,0.124126,0.058332,0.059563,0.060523,2.0915,1.5686,1.6078,1009.6534,1009.618,1009.9512,5.7e-05,0.000359,0.002564,0.091798333,0.0318231094384822,0.1628441666666666
2018-11-13 00:00:00,2.8376,1010.0961,0.000534,0.032759,0.055204,Gaja,Phase 2,2,0.034178,0,13,317,0.0,1.0,0.04107,0.060505,0.090764,0.056667,0.058332,0.059563,2.5524,2.0915,1.5686,1009.5494,1009.6534,1009.618,9e-05,5.7e-05,0.000359,0.064113,0.025042697,0.1258253333333333
2018-11-13 01:00:00,3.2125,1010.6475,8.2e-05,0.034178,0.054066,Gaja,Phase 2,2,0.042528,1,13,317,0.2588190451025207,0.9659258262890684,0.032759,0.04107,0.060505,0.055204,0.056667,0.058332,2.8376,2.5524,2.0915,1010.0961,1009.5494,1009.6534,0.000534,9e-05,5.7e-05,0.0447779999999999,0.0142398060731277,0.089509333
2018-11-13 02:00:00,3.5285,1011.252,0.00196,0.042528,0.05309,Gaja,Phase 2,2,0.050682,2,13,317,0.4999999999999999,0.8660254037844387,0.034178,0.032759,0.04107,0.054066,0.055204,0.056667,3.2125,2.8376,2.5524,1010.6475,1010.0961,1009.5494,8.2e-05,0.000534,9e-05,0.0360023333333332,0.004445709,0.063900333
2018-11-13 03:00:00,3.6882,1011.5687,0.004251,0.050682,0.052418,Gaja,Phase 2,2,0.078724,3,13,317,0.7071067811865475,0.7071067811865476,0.042528,0.034178,0.032759,0.05309,0.054066,0.055204,3.5285,3.2125,2.8376,1011.252,1010.6475,1010.0961,0.00196,8.2e-05,0.000534,0.0364883333333332,0.005278406,0.050300667
2018-11-13 04:00:00,3.6299,1011.6349,0.009932,0.078724,0.052076,Gaja,Phase 2,2,0.101684,4,13,317,0.8660254037844386,0.5000000000000001,0.050682,0.042528,0.034178,0.052418,0.05309,0.054066,3.6882,3.5285,3.2125,1011.5687,1011.252,1010.6475,0.004251,0.00196,8.2e-05,0.042462667,0.008252194,0.043620333
2018-11-13 05:00:00,3.4236,1011.1004,0.006553,0.101684,0.051918,Gaja,Phase 2,2,0.107174,5,13,317,0.9659258262890684,0.2588190451025207,0.078724,0.050682,0.042528,0.052076,0.052418,0.05309,3.6299,3.6882,3.5285,1011.6349,1011.5687,1011.252,0.009932,0.004251,0.00196,0.057311333,0.0189868019775216,0.0466568333333333
2018-11-13 06:00:00,3.1877,1010.4799,0.003187,0.107174,0.052142,Gaja,Phase 2,2,0.121759,6,13,317,1.0,6.123233995736766e-17,0.101684,0.078724,0.050682,0.051918,0.052076,0.052418,3.4236,3.6299,3.6882,1011.1004,1011.6349,1011.5687,0.006553,0.009932,0.004251,0.07703,0.025543164,0.0567591666666666
2018-11-13 07:00:00,2.8571,1009.1783,0.006782,0.121759,0.052652,Gaja,Phase 2,2,0.144255,7,13,317,0.9659258262890684,-0.258819045,0.107174,0.101684,0.078724,0.052142,0.051918,0.052076,3.1877,3.4236,3.6299,1010.4799,1011.1004,1011.6349,0.003187,0.006553,0.009932,0.095860667,0.0150925158053128,0.069161667
2018-11-13 08:00:00,2.5163,1008.0644,0.007364,0.144255,0.05354,Gaja,Phase 2,2,0.230775,8,13,317,0.8660254037844387,-0.5,0.121759,0.107174,0.101684,0.052652,0.052142,0.051918,2.8571,3.1877,3.4236,1009.1783,1010.4799,1011.1004,0.006782,0.003187,0.006553,0.1102056666666666,0.0103751943757029,0.0837585
2018-11-13 09:00:00,2.218,1006.9009,0.004882,0.230775,0.054577,Gaja,Phase 2,2,0.407292,9,13,317,0.7071067811865476,-0.707106781,0.144255,0.121759,0.107174,0.05354,0.052652,0.052142,2.5163,2.8571,3.1877,1008.0644,1009.1783,1010.4799,0.007364,0.006782,0.003187,0.1243959999999999,0.018680617,0.100713
2018-11-13 10:00:00,1.4569,1006.6334,0.0024,0.407292,0.055698,Gaja,Phase 2,2,0.646506,10,13,317,0.4999999999999999,-0.866025404,0.230775,0.144255,0.121759,0.054577,0.05354,0.052652,2.218,2.5163,2.8571,1006.9009,1008.0644,1009.1783,0.004882,0.007364,0.006782,0.1655963333333333,0.0575561590564694,0.1307285
2018-11-13 11:00:00,1.0274,1006.8449,0.000571,0.646506,0.056013,Gaja,Phase 2,2,0.892617,11,13,317,0.258819045,-0.965925826,0.407292,0.230775,0.144255,0.055698,0.054577,0.05354,1.4569,2.218,2.5163,1006.6334,1006.9009,1008.0644,0.0024,0.004882,0.007364,0.260774,0.1340599524205505,0.1854898333333333
2018-11-13 12:00:00,1.0423,1007.264,0.000171,0.892617,0.055622,Gaja,Phase 2,2,1.157081,12,13,317,1.2246467991473532e-16,-1.0,0.646506,0.407292,0.230775,0.056013,0.055698,0.054577,1.0274,1.4569,2.218,1006.8449,1006.6334,1006.9009,0.000571,0.0024,0.004882,0.428191,0.2086519643832769,0.2762935
2018-11-13 13:00:00,1.4263,1007.8028,0.0,1.157081,0.055004,Gaja,Phase 2,2,1.502899,13,13,317,-0.258819045,-0.965925826,0.892617,0.646506,0.407292,0.055622,0.056013,0.055698,1.0423,1.0274,1.4569,1007.264,1006.8449,1006.6334,0.000171,0.000571,0.0024,0.648805,0.242670667689773,0.4072006666666666
2018-11-13 14:00:00,1.6095,1008.8845,0.0,1.502899,0.054109,Gaja,Phase 2,2,1.775359,14,13,317,-0.5,-0.866025404,1.157081,0.892617,0.646506,0.055004,0.055622,0.056013,1.4263,1.0423,1.0274,1007.8028,1007.264,1006.8449,0.0,0.000171,0.000571,0.8987346666666666,0.2553424701069793,0.5797543333333334
2018-11-13 15:00:00,1.7087,1009.5295,0.0,1.775359,0.052861,Gaja,Phase 2,2,1.964076,15,13,317,-0.707106781,-0.707106781,1.502899,1.157081,0.892617,0.054109,0.055004,0.055622,1.6095,1.4263,1.0423,1008.8845,1007.8028,1007.264,0.0,0.0,0.000171,1.184199,0.3060434108488536,0.8061950000000001
2018-11-13 16:00:00,1.7633,1009.9434,0.0,1.964076,0.051195,Gaja,Phase 2,2,2.055495,16,13,317,-0.866025404,-0.5,1.775359,1.502899,1.157081,0.052861,0.054109,0.055004,1.7087,1.6095,1.4263,1009.5295,1008.8845,1007.8028,0.0,0.0,0.0,1.4784463333333333,0.3098634715505097,1.0636256666666666
2018-11-13 17:00:00,1.7354,1009.9802,0.0,2.055495,0.049891,Gaja,Phase 2,2,2.078343,17,13,317,-0.965925826,-0.258819045,1.964076,1.775359,1.502899,0.051195,0.052861,0.054109,1.7633,1.7087,1.6095,1009.9434,1009.5295,1008.8845,0.0,0.0,0.0,1.7474446666666663,0.231852245700432,1.3230896666666665
2018-11-13 18:00:00,1.6322,1009.5909,4.1e-05,2.078343,0.049481,Gaja,Phase 2,2,1.975989,18,13,317,-1.0,-1.84e-16,2.055495,1.964076,1.775359,0.049891,0.051195,0.052861,1.7354,1.7633,1.7087,1009.9802,1009.9434,1009.5295,0.0,0.0,0.0,1.9316433333333332,0.1428564070118434,1.5579211666666666
2018-11-13 19:00:00,1.6176,1009.3016,4e-06,1.975989,0.049785,Gaja,Phase 2,2,1.682917,19,13,317,-0.965925826,0.2588190451025203,2.078343,2.055495,1.964076,0.049481,0.049891,0.051195,1.6322,1.7354,1.7633,1009.5909,1009.9802,1009.9434,4.1e-05,0.0,0.0,2.032638,0.060465434,1.7555421666666666
2018-11-13 20:00:00,1.5049,1008.5851,0.001471,1.682917,0.050936,Gaja,Phase 2,2,1.448191,20,13,317,-0.866025404,0.5000000000000001,1.975989,2.078343,2.055495,0.049785,0.049481,0.049891,1.6176,1.6322,1.7354,1009.3016,1009.5909,1009.9802,4e-06,4.1e-05,0.0,2.036609,0.053727052,1.8920268333333332
2018-11-13 21:00:00,1.6424,1008.4938,0.00011,1.448191,0.053011,Gaja,Phase 2,2,1.262858,21,13,317,-0.707106781,0.7071067811865474,1.682917,1.975989,2.078343,0.050936,0.049785,0.049481,1.5049,1.6176,1.6322,1008.5851,1009.3016,1009.5909,0.001471,4e-06,4.1e-05,1.9124163333333333,0.2052353364538704,1.9220298333333328
2018-11-13 22:00:00,1.9996,1008.2988,0.00011,1.262858,0.056292,Gaja,Phase 2,2,0.967511,22,13,317,-0.5,0.8660254037844384,1.448191,1.682917,1.975989,0.053011,0.050936,0.049785,1.6424,1.5049,1.6176,1008.4938,1008.5851,1009.3016,0.00011,0.001471,4e-06,1.7023656666666664,0.2644359472109142,1.867501833333333
2018-11-13 23:00:00,2.4092,1008.2856,0.00022,0.967511,0.060333,Gaja,Phase 2,2,0.679781,23,13,317,-0.258819045,0.965925826289068,1.262858,1.448191,1.682917,0.056292,0.053011,0.050936,1.9996,1.6424,1.5049,1008.2988,1008.4938,1008.5851,0.00011,0.00011,0.001471,1.4646553333333332,0.2105129368336622,1.7506321666666669
2018-11-14 00:00:00,2.6478,1008.9989,0.004287,0.679781,0.063201,Gaja,Phase 2,2,0.386208,0,14,318,0.0,1.0,0.967511,1.262858,1.448191,0.060333,0.056292,0.053011,2.4092,1.9996,1.6424,1008.2856,1008.2988,1008.4938,0.00022,0.00011,0.00011,1.2261866666666668,0.2424291764955973,1.5693015
2018-11-14 01:00:00,2.8669,1009.6573,0.015002,0.386208,0.06403,Gaja,Phase 2,2,0.159639,1,14,318,0.2588190451025207,0.9659258262890684,0.679781,0.967511,1.262858,0.063201,0.060333,0.056292,2.6478,2.4092,1.9996,1008.9989,1008.2856,1008.2988,0.004287,0.00022,0.00011,0.97005,0.2915467919099785,1.3362078333333336
2018-11-14 02:00:00,3.1841,1010.2678,0.015984,0.159639,0.063848,Gaja,Phase 2,2,0.031867,2,14,318,0.4999999999999999,0.8660254037844387,0.386208,0.679781,0.967511,0.06403,0.063201,0.060333,2.8669,2.6478,2.4092,1009.6573,1008.9989,1008.2856,0.015002,0.004287,0.00022,0.6778333333333334,0.2906563942292235,1.0712443333333332
2018-11-14 03:00:00,3.3028,1010.8633,0.011962,0.031867,0.065531,Gaja,Phase 2,2,0.002533,3,14,318,0.7071067811865475,0.7071067811865476,0.159639,0.386208,0.679781,0.063848,0.06403,0.063201,3.1841,2.8669,2.6478,1010.2678,1009.6573,1008.9989,0.015984,0.015002,0.004287,0.4085426666666666,0.2607892885881894,0.8173646666666666
2018-11-14 04:00:00,3.3562,1010.8795,0.021299,0.002533,0.068038,Gaja,Phase 2,2,0.0,4,14,318,0.8660254037844386,0.5000000000000001,0.031867,0.159639,0.386208,0.065531,0.063848,0.06403,3.3028,3.1841,2.8669,1010.8633,1010.2678,1009.6573,0.011962,0.015984,0.015002,0.1925713333333333,0.179451358324015,0.5813106666666666
2018-11-14 05:00:00,3.4128,1010.5469,0.018336,0.0,0.070609,Gaja,Phase 2,2,0.0,5,14,318,0.9659258262890684,0.2588190451025207,0.002533,0.031867,0.159639,0.068038,0.065531,0.063848,3.3562,3.3028,3.1841,1010.8795,1010.8633,1010.2678,0.021299,0.011962,0.015984,0.064679667,0.083534886,0.3712565
2018-11-14 06:00:00,3.281,1009.7008,0.021568,0.0,0.07251,Gaja,Phase 2,2,0.016683,6,14,318,1.0,6.123233995736766e-17,0.0,0.002533,0.031867,0.070609,0.068038,0.065531,3.4128,3.3562,3.3028,1010.5469,1010.8795,1010.8633,0.018336,0.021299,0.011962,0.0114666666666666,0.0177125442083899,0.2100046666666666
2018-11-14 07:00:00,2.9519,1009.084,0.013775,0.016683,0.074092,Gaja,Phase 2,2,0.032754,7,14,318,0.9659258262890684,-0.258819045,0.0,0.0,0.002533,0.07251,0.070609,0.068038,3.281,3.4128,3.3562,1009.7008,1010.5469,1010.8795,0.021568,0.018336,0.021299,0.000844333,0.001462428,0.096707833
2018-11-14 08:00:00,2.7066,1008.0106,0.007776,0.032754,0.075127,Gaja,Phase 2,2,0.049543,8,14,318,0.8660254037844387,-0.5,0.016683,0.0,0.0,0.074092,0.07251,0.070609,2.9519,3.281,3.4128,1009.084,1009.7008,1010.5469,0.013775,0.021568,0.018336,0.005561,0.009631935,0.035120333
2018-11-14 09:00:00,2.6038,1007.2737,0.003619,0.049543,0.076734,Gaja,Phase 2,2,0.09879,9,14,318,0.7071067811865476,-0.707106781,0.032754,0.016683,0.0,0.075127,0.074092,0.07251,2.7066,2.9519,3.281,1008.0106,1009.084,1009.7008,0.007776,0.013775,0.021568,0.0164789999999999,0.016377953,0.0139728333333333
2018-11-14 10:00:00,2.356,1006.6717,0.002005,0.09879,0.076242,Gaja,Phase 2,2,0.167637,10,14,318,0.4999999999999999,-0.866025404,0.049543,0.032754,0.016683,0.076734,0.075127,0.074092,2.6038,2.7066,2.9519,1007.2737,1008.0106,1009.084,0.003619,0.007776,0.013775,0.032993333,0.0164313073227347,0.016918833
2018-11-14 11:00:00,2.4234,1007.0591,0.000933,0.167637,0.074011,Gaja,Phase 2,2,0.189954,11,14,318,0.258819045,-0.965925826,0.09879,0.049543,0.032754,0.076242,0.076734,0.075127,2.356,2.6038,2.7066,1006.6717,1007.2737,1008.0106,0.002005,0.003619,0.007776,0.060362333,0.034321739529548,0.032961667
2018-11-14 12:00:00,2.4583,1007.421,0.00073,0.189954,0.070536,Gaja,Phase 2,2,0.250847,12,14,318,1.2246467991473532e-16,-1.0,0.167637,0.09879,0.049543,0.074011,0.076242,0.076734,2.4234,2.356,2.6038,1007.0591,1006.6717,1007.2737,0.000933,0.002005,0.003619,0.1053233333333333,0.0593174640585225,0.060901167
2018-11-14 13:00:00,2.6676,1008.1494,7.3e-05,0.250847,0.066454,Gaja,Phase 2,2,0.322363,13,14,318,-0.258819045,-0.965925826,0.189954,0.167637,0.09879,0.070536,0.074011,0.076242,2.4583,2.4234,2.356,1007.421,1007.0591,1006.6717,0.00073,0.000933,0.002005,0.152127,0.047519878,0.092560167
2018-11-14 14:00:00,2.9454,1008.7681,1.2e-05,0.322363,0.063535,Gaja,Phase 2,2,0.343564,14,14,318,-0.5,-0.866025404,0.250847,0.189954,0.167637,0.066454,0.070536,0.074011,2.6676,2.4583,2.4234,1008.1494,1007.421,1007.0591,7.3e-05,0.00073,0.000933,0.2028126666666666,0.0430695368715993,0.1315875
2018-11-14 15:00:00,3.0817,1009.7011,0.000245,0.343564,0.06121,Gaja,Phase 2,2,0.257652,15,14,318,-0.707106781,-0.707106781,0.322363,0.250847,0.189954,0.063535,0.066454,0.070536,2.9454,2.6676,2.4583,1008.7681,1008.1494,1007.421,1.2e-05,7.3e-05,0.00073,0.254388,0.066275484,0.1798556666666666
2018-11-14 16:00:00,3.062,1009.9838,0.000742,0.257652,0.061454,Gaja,Phase 2,2,0.145348,16,14,318,-0.866025404,-0.5,0.343564,0.322363,0.250847,0.06121,0.063535,0.066454,3.0817,2.9454,2.6676,1009.7011,1008.7681,1008.1494,0.000245,1.2e-05,7.3e-05,0.3055913333333333,0.048580625,0.2288591666666666
2018-11-14 17:00:00,3.0634,1010.1129,0.003729,0.145348,0.063789,Gaja,Phase 2,2,0.072937,17,14,318,-0.965925826,-0.258819045,0.257652,0.343564,0.322363,0.061454,0.06121,0.063535,3.062,3.0817,2.9454,1009.9838,1009.7011,1008.7681,0.000742,0.000245,1.2e-05,0.3078596666666666,0.044754642,0.2553361666666666
2018-11-14 18:00:00,3.0752,1009.8482,0.006488,0.072937,0.0669,Gaja,Phase 2,2,0.017818,18,14,318,-1.0,-1.84e-16,0.145348,0.257652,0.343564,0.063789,0.061454,0.06121,3.0634,3.062,3.0817,1010.1129,1009.9838,1009.7011,0.003729,0.000742,0.000245,0.2488546666666666,0.099400405,0.2516213333333333
2018-11-14 19:00:00,3.1393,1009.6984,0.005033,0.017818,0.070371,Gaja,Phase 2,2,0.002059,19,14,318,-0.965925826,0.2588190451025203,0.072937,0.145348,0.257652,0.0669,0.063789,0.061454,3.0752,3.0634,3.062,1009.8482,1010.1129,1009.9838,0.006488,0.003729,0.000742,0.1586456666666666,0.093072707,0.2321185
2018-11-14 20:00:00,3.1976,1009.3143,0.00692,0.002059,0.073384,Gaja,Phase 2,2,0.015474,20,14,318,-0.866025404,0.5000000000000001,0.017818,0.072937,0.145348,0.070371,0.0669,0.063789,3.1393,3.0752,3.0634,1009.6984,1009.8482,1010.1129,0.005033,0.006488,0.003729,0.078701,0.063960089,0.1932803333333333
2018-11-14 21:00:00,3.3494,1008.7609,0.029817,0.015474,0.07498,Gaja,Phase 2,2,0.13962,21,14,318,-0.707106781,0.7071067811865474,0.002059,0.017818,0.072937,0.073384,0.070371,0.0669,3.1976,3.1393,3.0752,1009.3143,1009.6984,1009.8482,0.00692,0.005033,0.006488,0.0309379999999999,0.0372159041405794,0.1398963333333333
2018-11-14 22:00:00,3.7515,1008.1449,0.089287,0.13962,0.075122,Gaja,Phase 2,2,0.281508,22,14,318,-0.5,0.8660254037844384,0.015474,0.002059,0.017818,0.07498,0.073384,0.070371,3.3494,3.1976,3.1393,1008.7609,1009.3143,1009.6984,0.029817,0.00692,0.005033,0.0117836666666666,0.008502967,0.085214667
2018-11-14 23:00:00,3.8751,1008.1573,0.213444,0.281508,0.074533,Gaja,Phase 2,2,0.31908,23,14,318,-0.258819045,0.965925826289068,0.13962,0.015474,0.002059,0.075122,0.07498,0.073384,3.7515,3.3494,3.1976,1008.1449,1008.7609,1009.3143,0.089287,0.029817,0.00692,0.052384333,0.075845479,0.065542667
2018-11-15 00:00:00,4.1336,1008.4344,0.289069,0.31908,0.072213,Gaja,Phase 2,2,0.517401,0,15,319,0.0,1.0,0.281508,0.13962,0.015474,0.074533,0.075122,0.07498,3.8751,3.7515,3.3494,1008.1573,1008.1449,1008.7609,0.213444,0.089287,0.029817,0.1455339999999999,0.1331155657164132,0.088236
2018-11-15 01:00:00,4.3522,1009.1105,0.356507,0.517401,0.069624,Gaja,Phase 2,2,0.377173,1,15,319,0.2588190451025207,0.9659258262890684,0.31908,0.281508,0.13962,0.072213,0.074533,0.075122,4.1336,3.8751,3.7515,1008.4344,1008.1573,1008.1449,0.289069,0.213444,0.089287,0.2467359999999999,0.094648253,0.1292598333333333
2018-11-15 02:00:00,4.5086,1009.9046,0.401619,0.377173,0.067721,Gaja,Phase 2,2,0.406633,2,15,319,0.4999999999999999,0.8660254037844387,0.517401,0.31908,0.281508,0.069624,0.072213,0.074533,4.3522,4.1336,3.8751,1009.1105,1008.4344,1008.1573,0.356507,0.289069,0.213444,0.372663,0.1267467170344093,0.2125236666666666
2018-11-15 03:00:00,4.7719,1010.5154,0.392865,0.406633,0.06591,Gaja,Phase 2,2,0.209612,3,15,319,0.7071067811865475,0.7071067811865476,0.377173,0.517401,0.31908,0.067721,0.069624,0.072213,4.5086,4.3522,4.1336,1009.9046,1009.1105,1008.4344,0.401619,0.356507,0.289069,0.4045513333333333,0.1019557973453885,0.2750426666666666
2018-11-15 04:00:00,5.2819,1010.8939,0.369696,0.209612,0.064531,Gaja,Phase 2,2,0.317786,4,15,319,0.8660254037844386,0.5000000000000001,0.406633,0.377173,0.517401,0.06591,0.067721,0.069624,4.7719,4.5086,4.3522,1010.5154,1009.9046,1009.1105,0.392865,0.401619,0.356507,0.4337356666666667,0.073938413,0.3402358333333333
2018-11-15 05:00:00,5.8236,1010.5696,0.376604,0.317786,0.063544,Gaja,Phase 2,2,0.183403,5,15,319,0.9659258262890684,0.2588190451025207,0.209612,0.406633,0.377173,0.064531,0.06591,0.067721,5.2819,4.7719,4.5086,1010.8939,1010.5154,1009.9046,0.369696,0.392865,0.401619,0.3311393333333333,0.1062715505689738,0.3519011666666666
2018-11-15 06:00:00,6.1966,1009.4906,0.487014,0.183403,0.062228,Gaja,Phase 2,2,0.078494,6,15,319,1.0,6.123233995736766e-17,0.317786,0.209612,0.406633,0.063544,0.064531,0.06591,5.8236,5.2819,4.7719,1010.5696,1010.8939,1010.5154,0.376604,0.369696,0.392865,0.3113436666666667,0.098668366,0.3579475
2018-11-15 07:00:00,6.3904,1008.4776,0.533858,0.078494,0.060386,Gaja,Phase 2,2,0.076561,7,15,319,0.9659258262890684,-0.258819045,0.183403,0.317786,0.209612,0.062228,0.063544,0.064531,6.1966,5.8236,5.2819,1009.4906,1010.5696,1010.8939,0.487014,0.376604,0.369696,0.2369336666666666,0.071235895,0.3353346666666666
2018-11-15 08:00:00,6.4838,1007.2809,0.726928,0.076561,0.057717,Gaja,Phase 2,2,0.075576,8,15,319,0.8660254037844387,-0.5,0.078494,0.183403,0.317786,0.060386,0.062228,0.063544,6.3904,6.1966,5.8236,1008.4776,1009.4906,1010.5696,0.533858,0.487014,0.376604,0.1932276666666667,0.1199481486823953,0.2621834999999999
2018-11-15 09:00:00,6.291,1006.4773,1.207266,0.075576,0.054831,Gaja,Phase 2,2,0.067414,9,15,319,0.7071067811865476,-0.707106781,0.076561,0.078494,0.183403,0.057717,0.060386,0.062228,6.4838,6.3904,6.1966,1007.2809,1008.4776,1009.4906,0.726928,0.533858,0.487014,0.1128193333333333,0.061134889,0.2120815
2018-11-15 10:00:00,6.2043,1005.7957,1.651955,0.067414,0.052247,Gaja,Phase 2,2,0.060983,10,15,319,0.4999999999999999,-0.866025404,0.075576,0.076561,0.078494,0.054831,0.057717,0.060386,6.291,6.4838,6.3904,1006.4773,1007.2809,1008.4776,1.207266,0.726928,0.533858,0.076877,0.001484444,0.1569053333333333
2018-11-15 11:00:00,6.0571,1006.2971,2.023697,0.060983,0.051244,Gaja,Phase 2,2,0.054304,11,15,319,0.258819045,-0.965925826,0.067414,0.075576,0.076561,0.052247,0.054831,0.057717,6.2043,6.291,6.4838,1005.7957,1006.4773,1007.2809,1.651955,1.207266,0.726928,0.073183667,0.005020891,0.1332056666666666
2018-11-15 12:00:00,5.925,1006.3018,2.214073,0.054304,0.051354,Gaja,Phase 2,2,0.053799,12,15,319,1.2246467991473532e-16,-1.0,0.060983,0.067414,0.075576,0.051244,0.052247,0.054831,6.0571,6.2043,6.291,1006.2971,1005.7957,1006.4773,2.023697,1.651955,1.207266,0.067991,0.007313591,0.090405167
2018-11-15 13:00:00,5.7796,1006.7109,2.22134,0.053799,0.051952,Gaja,Phase 2,2,0.075893,13,15,319,-0.258819045,-0.965925826,0.054304,0.060983,0.067414,0.051354,0.051244,0.052247,5.925,6.0571,6.2043,1006.3018,1006.2971,1005.7957,2.214073,2.023697,1.651955,0.0609003333333333,0.006555391,0.068888667
2018-11-15 14:00:00,5.4606,1007.5419,2.109617,0.075893,0.052665,Gaja,Phase 2,2,0.09312,14,15,319,-0.5,-0.866025404,0.053799,0.054304,0.060983,0.051952,0.051354,0.051244,5.7796,5.925,6.0571,1006.7109,1006.3018,1006.2971,2.22134,2.214073,2.023697,0.056362,0.004009861,0.064772833
2018-11-15 15:00:00,5.0392,1008.1747,1.921523,0.09312,0.05333,Gaja,Phase 2,2,0.106797,15,15,319,-0.707106781,-0.707106781,0.075893,0.053799,0.054304,0.052665,0.051952,0.051354,5.4606,5.7796,5.925,1007.5419,1006.7109,1006.3018,2.109617,2.22134,2.214073,0.061332,0.012612723615489,0.0646615
2018-11-15 16:00:00,4.468,1008.4644,1.92401,0.106797,0.053849,Gaja,Phase 2,2,0.126305,16,15,319,-0.866025404,-0.5,0.09312,0.075893,0.053799,0.05333,0.052665,0.051952,5.0392,5.4606,5.7796,1008.1747,1007.5419,1006.7109,1.921523,2.109617,2.22134,0.074270667,0.0197106375932906,0.0675855
2018-11-15 17:00:00,3.8192,1008.3027,1.966509,0.126305,0.05449,Gaja,Phase 2,2,0.171046,17,15,319,-0.965925826,-0.258819045,0.106797,0.09312,0.075893,0.053849,0.05333,0.052665,4.468,5.0392,5.4606,1008.4644,1008.1747,1007.5419,1.92401,1.921523,2.109617,0.091936667,0.0154859456389992,0.074149333
2018-11-15 18:00:00,3.2494,1007.8239,1.885088,0.171046,0.055355,Gaja,Phase 2,2,0.240422,18,15,319,-1.0,-1.84e-16,0.126305,0.106797,0.09312,0.05449,0.053849,0.05333,3.8192,4.468,5.0392,1008.3027,1008.4644,1008.1747,1.966509,1.92401,1.921523,0.1087406666666666,0.0166776627959085,0.085036333
2018-11-15 19:00:00,2.9322,1007.304,2.630682,0.240422,0.056475,Gaja,Phase 2,2,0.339274,19,15,319,-0.965925826,0.2588190451025203,0.171046,0.126305,0.106797,0.055355,0.05449,0.053849,3.2494,3.8192,4.468,1007.8239,1008.3027,1008.4644,1.885088,1.966509,1.92401,0.134716,0.0329399786126325,0.1044933333333333
2018-11-15 20:00:00,2.8694,1006.6496,2.873963,0.339274,0.057142,Gaja,Phase 2,2,0.534856,20,15,319,-0.866025404,0.5000000000000001,0.240422,0.171046,0.126305,0.056475,0.055355,0.05449,2.9322,3.2494,3.8192,1007.304,1007.8239,1008.3027,2.630682,1.885088,1.966509,0.1792576666666666,0.057499965,0.1355971666666666
2018-11-15 21:00:00,2.8868,1006.3611,2.974792,0.534856,0.05574,Gaja,Phase 2,2,0.774255,21,15,319,-0.707106781,0.7071067811865474,0.339274,0.240422,0.171046,0.057142,0.056475,0.055355,2.8694,2.9322,3.2494,1006.6496,1007.304,1007.8239,2.873963,2.630682,1.885088,0.2502473333333333,0.08454329,0.1794939999999999
2018-11-15 22:00:00,3.3347,1005.9189,3.252824,0.774255,0.052477,Gaja,Phase 2,2,1.077655,22,15,319,-0.5,0.8660254037844384,0.534856,0.339274,0.240422,0.05574,0.057142,0.056475,2.8868,2.8694,2.9322,1006.3611,1006.6496,1007.304,2.974792,2.873963,2.630682,0.3715173333333333,0.1498418149160438,0.2531166666666666
2018-11-15 23:00:00,4.0014,1006.4371,3.652067,1.077655,0.049314,Gaja,Phase 2,2,1.400366,23,15,319,-0.258819045,0.965925826289068,0.774255,0.534856,0.339274,0.052477,0.05574,0.057142,3.3347,2.8868,2.8694,1005.9189,1006.3611,1006.6496,3.252824,2.974792,2.873963,0.5494616666666667,0.217858008,0.3643596666666666
2018-11-16 00:00:00,4.4981,1006.9257,4.00778,1.400366,0.047071,Gaja,Phase 2,2,1.654784,0,16,320,0.0,1.0,1.077655,0.774255,0.534856,0.049314,0.052477,0.05574,4.0014,3.3347,2.8868,1006.4371,1005.9189,1006.3611,3.652067,3.252824,2.974792,0.7955886666666667,0.2720276320529474,0.522918
2018-11-16 01:00:00,4.7973,1007.9991,4.382753,1.654784,0.045624,Gaja,Phase 2,2,2.001836,1,16,320,0.2588190451025207,0.9659258262890684,1.400366,1.077655,0.774255,0.047071,0.049314,0.052477,4.4981,4.0014,3.3347,1006.9257,1006.4371,1005.9189,4.00778,3.652067,3.252824,1.084092,0.3131051297998808,0.7278046666666667
2018-11-16 02:00:00,5.0937,1009.2161,4.428838,2.001836,0.044514,Gaja,Phase 2,2,2.507384,2,16,320,0.4999999999999999,0.8660254037844387,1.654784,1.400366,1.077655,0.045624,0.047071,0.049314,4.7973,4.4981,4.0014,1007.9991,1006.9257,1006.4371,4.382753,4.00778,3.652067,1.3776016666666668,0.2892371549686058,0.9635316666666668
2018-11-16 03:00:00,5.3189,1010.246,4.321986,2.507384,0.043963,Gaja,Phase 2,2,3.002225,3,16,320,0.7071067811865475,0.7071067811865476,2.001836,1.654784,1.400366,0.044514,0.045624,0.047071,5.0937,4.7973,4.4981,1009.2161,1007.9991,1006.9257,4.428838,4.382753,4.00778,1.685662,0.3019215599919946,1.2406253333333332
2018-11-16 04:00:00,5.4508,1011.2006,3.872024,3.002225,0.043629,Gaja,Phase 2,2,3.282472,4,16,320,0.8660254037844386,0.5000000000000001,2.507384,2.001836,1.654784,0.043963,0.044514,0.045624,5.3189,5.0937,4.7973,1010.246,1009.2161,1007.9991,4.321986,4.428838,4.382753,2.054668,0.4287483004840943,1.56938
2018-11-16 05:00:00,5.4723,1011.478,3.209086,3.282472,0.043239,Gaja,Phase 2,2,3.320319,5,16,320,0.9659258262890684,0.2588190451025207,3.002225,2.507384,2.001836,0.043629,0.043963,0.044514,5.4508,5.3189,5.0937,1011.2006,1010.246,1009.2161,3.872024,4.321986,4.428838,2.503815,0.5002040495147944,1.9407083333333333
2018-11-16 06:00:00,5.1072,1011.1636,2.318888,3.320319,0.043214,Gaja,Phase 2,2,3.086696,6,16,320,1.0,6.123233995736766e-17,3.282472,3.002225,2.507384,0.043239,0.043629,0.043963,5.4723,5.4508,5.3189,1011.478,1011.2006,1010.246,3.209086,3.872024,4.321986,2.9306936666666665,0.392463885,2.308177833333333
2018-11-16 07:00:00,4.5168,1010.587,1.221172,3.086696,0.043342,Gaja,Phase 2,2,2.79385,7,16,320,0.9659258262890684,-0.258819045,3.320319,3.282472,3.002225,0.043214,0.043239,0.043629,5.1072,5.4723,5.4508,1011.1636,1011.478,1011.2006,2.318888,3.209086,3.872024,3.201672,0.1737596852235812,2.6281700000000003
2018-11-16 08:00:00,3.9502,1009.994,0.778985,2.79385,0.04385,Gaja,Phase 2,2,2.701521,8,16,320,0.8660254037844387,-0.5,3.086696,3.320319,3.282472,0.043342,0.043214,0.043239,4.5168,5.1072,5.4723,1010.587,1011.1636,1011.478,1.221172,2.318888,3.209086,3.229829,0.125392944853361,2.8668220000000004
2018-11-16 09:00:00,3.4845,1009.6215,0.398958,2.701521,0.045483,Gaja,Phase 2,2,2.756958,9,16,320,0.7071067811865476,-0.707106781,2.79385,3.086696,3.320319,0.04385,0.043342,0.043214,3.9502,4.5168,5.1072,1009.994,1010.587,1011.1636,0.778985,1.221172,2.318888,3.066955,0.263789087,2.9988243333333333
2018-11-16 10:00:00,3.3771,1008.9624,0.176943,2.756958,0.047831,Gaja,Phase 2,2,2.63675,10,16,320,0.4999999999999999,-0.866025404,2.701521,2.79385,3.086696,0.045483,0.04385,0.043342,3.4845,3.9502,4.5168,1009.6215,1009.994,1010.587,0.398958,0.778985,1.221172,2.8606890000000003,0.2010983194783045,3.0311805
2018-11-16 11:00:00,2.6265,1009.2847,0.084885,2.63675,0.050802,Gaja,Phase 2,2,2.145818,11,16,320,0.258819045,-0.965925826,2.756958,2.701521,2.79385,0.047831,0.045483,0.04385,3.3771,3.4845,3.9502,1008.9624,1009.6215,1009.994,0.176943,0.398958,0.778985,2.750776333333333,0.046473872,2.9903026666666666
2018-11-16 12:00:00,1.7711,1009.7085,0.052697,2.145818,0.053458,Gaja,Phase 2,2,1.526695,12,16,320,1.2246467991473532e-16,-1.0,2.63675,2.756958,2.701521,0.050802,0.047831,0.045483,2.6265,3.3771,3.4845,1009.2847,1008.9624,1009.6215,0.084885,0.176943,0.398958,2.6984096666666666,0.0601643674639041,2.8826823333333333
2018-11-16 13:00:00,1.3339,1010.8666,0.022554,1.526695,0.055538,Gaja,Phase 2,2,1.107056,13,16,320,-0.258819045,-0.965925826,2.145818,2.63675,2.756958,0.053458,0.050802,0.047831,1.7711,2.6265,3.3771,1009.7085,1009.2847,1008.9624,0.052697,0.084885,0.176943,2.5131753333333333,0.3237685107933321,2.6869321666666663
2018-11-16 14:00:00,1.3033,1011.6777,0.01433,1.107056,0.057453,Gaja,Phase 2,2,0.980181,14,16,320,-0.5,-0.866025404,1.526695,2.145818,2.63675,0.055538,0.053458,0.050802,1.3339,1.7711,2.6265,1010.8666,1009.7085,1009.2847,0.022554,0.052697,0.084885,2.1030876666666667,0.5562597745625083,2.426932
2018-11-16 15:00:00,1.4382,1012.4128,0.009496,0.980181,0.058329,Gaja,Phase 2,2,1.028285,15,16,320,-0.707106781,-0.707106781,1.107056,1.526695,2.145818,0.057453,0.055538,0.053458,1.3033,1.3339,1.7711,1011.6777,1010.8666,1009.7085,0.01433,0.022554,0.052697,1.5931896666666665,0.5225636599327714,2.1457996666666665
2018-11-16 16:00:00,1.7145,1012.7088,0.009276,1.028285,0.058299,Gaja,Phase 2,2,1.192505,16,16,320,-0.866025404,-0.5,0.980181,1.107056,1.526695,0.058329,0.057453,0.055538,1.4382,1.3033,1.3339,1012.4128,1011.6777,1010.8666,0.009496,0.01433,0.022554,1.204644,0.2860278856283084,1.858909666666667
2018-11-16 17:00:00,1.8633,1012.853,0.008917,1.192505,0.056907,Gaja,Phase 2,2,1.501893,17,16,320,-0.965925826,-0.258819045,1.028285,0.980181,1.107056,0.058299,0.058329,0.057453,1.7145,1.4382,1.3033,1012.7088,1012.4128,1011.6777,0.009276,0.009496,0.01433,1.0385073333333332,0.064052232,1.5707975
2018-11-16 18:00:00,1.9723,1012.2189,0.008689,1.501893,0.056175,Gaja,Phase 2,2,2.09127,18,16,320,-1.0,-1.84e-16,1.192505,1.028285,0.980181,0.056907,0.058299,0.058329,1.8633,1.7145,1.4382,1012.853,1012.7088,1012.4128,0.008917,0.009276,0.009496,1.0669903333333333,0.111328106807465,1.33009
2018-11-16 19:00:00,1.9571,1012.1928,0.039427,2.09127,0.055661,Gaja,Phase 2,2,2.752639,19,16,320,-0.965925826,0.2588190451025203,1.501893,1.192505,1.028285,0.056175,0.056907,0.058299,1.9723,1.8633,1.7145,1012.2189,1012.853,1012.7088,0.008689,0.008917,0.009276,1.240894333333333,0.2404834299932824,1.222769166666667
2018-11-16 20:00:00,1.8478,1011.3702,0.084152,2.752639,0.054895,Gaja,Phase 2,2,3.147289,20,16,320,-0.866025404,0.5000000000000001,2.09127,1.501893,1.192505,0.055661,0.056175,0.056907,1.9571,1.9723,1.8633,1012.1928,1012.2189,1012.853,0.039427,0.008689,0.008917,1.5952226666666665,0.4565933106346754,1.316865
2018-11-16 21:00:00,1.5433,1011.053,0.082032,3.147289,0.054999,Gaja,Phase 2,2,2.840741,21,16,320,-0.707106781,0.7071067811865474,2.752639,2.09127,1.501893,0.054895,0.055661,0.056175,1.8478,1.9571,1.9723,1011.3702,1012.1928,1012.2189,0.084152,0.039427,0.008689,2.115267333333333,0.6257182218333838,1.591128833333333
2018-11-16 22:00:00,1.1323,1010.5938,0.058084,2.840741,0.055205,Gaja,Phase 2,2,2.15212,22,16,320,-0.5,0.8660254037844384,3.147289,2.752639,2.09127,0.054999,0.054895,0.055661,1.5433,1.8478,1.9571,1011.053,1011.3702,1012.1928,0.082032,0.084152,0.039427,2.6637326666666667,0.5335937445007489,1.9523135
2018-11-16 23:00:00,0.9655,1011.199,0.034332,2.15212,0.056361,Gaja,Phase 2,2,1.926026,23,16,320,-0.258819045,0.965925826289068,2.840741,3.147289,2.752639,0.055205,0.054999,0.054895,1.1323,1.5433,1.8478,1010.5938,1011.053,1011.3702,0.058084,0.082032,0.084152,2.9135563333333327,0.2071562458660859,2.2543895
2018-11-17 00:00:00,0.953,1011.5064,0.060473,1.926026,0.058722,Gaja,Phase 2,2,1.198632,0,17,321,0.0,1.0,2.15212,2.840741,3.147289,0.056361,0.055205,0.054999,0.9655,1.1323,1.5433,1011.199,1010.5938,1011.053,0.034332,0.058084,0.082032,2.7133833333333333,0.5096619625637472,2.4143253333333337
2018-11-17 01:00:00,0.9912,1012.2601,0.041823,1.198632,0.0601,Gaja,Phase 2,2,0.513516,1,17,321,0.2588190451025207,0.9659258262890684,1.926026,2.15212,2.840741,0.058722,0.056361,0.055205,0.953,0.9655,1.1323,1011.5064,1011.199,1010.5938,0.060473,0.034332,0.058084,2.3062956666666667,0.4764488272105737,2.4850141666666663
2018-11-17 02:00:00,1.1552,1012.9017,0.055248,0.513516,0.064715,Gaja,Phase 2,2,0.341654,2,17,321,0.4999999999999999,0.8660254037844387,1.198632,1.926026,2.15212,0.0601,0.058722,0.056361,0.9912,0.953,0.9655,1012.2601,1011.5064,1011.199,0.041823,0.060473,0.034332,1.758926,0.4982234930590878,2.3362411666666665
2018-11-17 03:00:00,1.1526,1013.769,0.041289,0.341654,0.072936,Gaja,Phase 2,2,0.33524,3,17,321,0.7071067811865475,0.7071067811865476,0.513516,1.198632,1.926026,0.064715,0.0601,0.058722,1.1552,0.9912,0.953,1012.9017,1012.2601,1011.5064,0.055248,0.041823,0.060473,1.212724666666667,0.7063604444370688,1.963054
2018-11-17 04:00:00,1.2226,1014.0566,0.051262,0.33524,0.077566,Gaja,Phase 2,2,0.210929,4,17,321,0.8660254037844386,0.5000000000000001,0.341654,0.513516,1.198632,0.072936,0.064715,0.0601,1.1526,1.1552,0.9912,1013.769,1012.9017,1012.2601,0.041289,0.055248,0.041823,0.6846006666666667,0.4533820634931805,1.4954481666666668
2018-11-17 05:00:00,1.2038,1013.4138,0.075454,0.210929,0.075698,Gaja,Phase 2,2,0.138338,5,17,321,0.9659258262890684,0.2588190451025207,0.33524,0.341654,0.513516,0.077566,0.072936,0.064715,1.2226,1.1526,1.1552,1014.0566,1013.769,1012.9017,0.051262,0.041289,0.055248,0.3968033333333333,0.1011269982217161,1.0778646666666667
2018-11-17 06:00:00,1.3022,1012.7007,0.081299,0.138338,0.070925,Gaja,Phase 2,2,0.069426,6,17,321,1.0,6.123233995736766e-17,0.210929,0.33524,0.341654,0.075698,0.077566,0.072936,1.2038,1.2226,1.1526,1013.4138,1014.0566,1013.769,0.075454,0.051262,0.041289,0.295941,0.073692367,0.7543328333333333
2018-11-17 07:00:00,1.3866,1011.1955,0.059352,0.069426,0.063113,Gaja,Phase 2,2,0.040179,7,17,321,0.9659258262890684,-0.258819045,0.138338,0.210929,0.33524,0.070925,0.075698,0.077566,1.3022,1.2038,1.2226,1012.7007,1013.4138,1014.0566,0.081299,0.075454,0.051262,0.2281689999999999,0.099576667,0.4563848333333333
2018-11-17 08:00:00,1.6042,1010.3915,0.059503,0.040179,0.05392,Gaja,Phase 2,2,0.033594,8,17,321,0.8660254037844387,-0.5,0.069426,0.138338,0.210929,0.063113,0.070925,0.075698,1.3866,1.3022,1.2038,1011.1955,1012.7007,1013.4138,0.059352,0.081299,0.075454,0.1395643333333333,0.070759471,0.2681838333333333
2018-11-17 09:00:00,1.8335,1009.4216,0.035596,0.033594,0.049208,Gaja,Phase 2,2,0.149932,9,17,321,0.7071067811865476,-0.707106781,0.040179,0.069426,0.138338,0.05392,0.063113,0.070925,1.6042,1.3866,1.3022,1010.3915,1011.1955,1012.7007,0.059503,0.059352,0.081299,0.082647667,0.050397487,0.1892943333333333
2018-11-17 10:00:00,1.251,1009.1591,0.078658,0.149932,0.048197,Gaja,Phase 2,2,0.257306,10,17,321,0.4999999999999999,-0.866025404,0.033594,0.040179,0.069426,0.049208,0.05392,0.063113,1.8335,1.6042,1.3866,1009.4216,1010.3915,1011.1955,0.035596,0.059503,0.059352,0.047733,0.019073024,0.137951
2018-11-17 11:00:00,1.522,1009.1847,0.212857,0.257306,0.04912,Gaja,Phase 2,2,0.301533,11,17,321,0.258819045,-0.965925826,0.149932,0.033594,0.040179,0.048197,0.049208,0.05392,1.251,1.8335,1.6042,1009.1591,1009.4216,1010.3915,0.078658,0.035596,0.059503,0.074568333,0.065349845,0.1070663333333333
2018-11-17 12:00:00,1.8556,1009.5863,0.152641,0.301533,0.049512,Gaja,Phase 3,3,0.376076,12,17,321,1.2246467991473532e-16,-1.0,0.257306,0.149932,0.033594,0.04912,0.048197,0.049208,1.522,1.251,1.8335,1009.1847,1009.1591,1009.4216,0.212857,0.078658,0.035596,0.146944,0.1118859278193739,0.1147958333333333
2018-11-17 13:00:00,2.2772,1010.6575,0.029038,0.376076,0.054211,Gaja,Phase 3,3,0.367563,13,17,321,-0.258819045,-0.965925826,0.301533,0.257306,0.149932,0.049512,0.04912,0.048197,1.8556,1.522,1.251,1009.5863,1009.1847,1009.1591,0.152641,0.212857,0.078658,0.2362569999999999,0.0779616,0.1419949999999999
2018-11-17 14:00:00,2.5079,1011.3854,0.004459,0.367563,0.058722,Gaja,Phase 3,3,0.016962,14,17,321,-0.5,-0.866025404,0.376076,0.301533,0.257306,0.054211,0.049512,0.04912,2.2772,1.8556,1.522,1010.6575,1009.5863,1009.1847,0.029038,0.152641,0.212857,0.3116383333333333,0.060026382,0.1931033333333333
2018-11-17 15:00:00,2.6092,1012.4433,0.000721,0.016962,0.061558,Gaja,Phase 3,3,0.014683,15,17,321,-0.707106781,-0.707106781,0.367563,0.376076,0.301533,0.058722,0.054211,0.049512,2.5079,2.2772,1.8556,1011.3854,1010.6575,1009.5863,0.004459,0.029038,0.152641,0.3483906666666667,0.0408025548996024,0.2476673333333333
2018-11-17 16:00:00,2.5931,1013.127,0.000872,0.014683,0.066699,Gaja,Phase 3,3,0.022479,16,17,321,-0.866025404,-0.5,0.016962,0.367563,0.376076,0.061558,0.058722,0.054211,2.6092,2.5079,2.2772,1012.4433,1011.3854,1010.6575,0.000721,0.004459,0.029038,0.2535336666666666,0.2049212846298189,0.2448953333333333
2018-11-17 17:00:00,2.4276,1012.8235,0.008779,0.022479,0.071792,Gaja,Phase 3,3,0.037093,17,17,321,-0.965925826,-0.258819045,0.014683,0.016962,0.367563,0.066699,0.061558,0.058722,2.5931,2.6092,2.5079,1013.127,1012.4433,1011.3854,0.000872,0.000721,0.004459,0.1330693333333333,0.2030806692926126,0.2223538333333333
2018-11-17 18:00:00,2.237,1012.6345,0.020887,0.037093,0.076366,Gaja,Phase 3,3,0.051028,18,17,321,-1.0,-1.84e-16,0.022479,0.014683,0.016962,0.071792,0.066699,0.061558,2.4276,2.5931,2.6092,1012.8235,1013.127,1012.4433,0.008779,0.000872,0.000721,0.0180413333333333,0.004008506,0.183216
2018-11-17 19:00:00,1.8268,1011.6833,0.009288,0.051028,0.080733,Gaja,Phase 3,3,0.057041,19,17,321,-0.965925826,0.2588190451025203,0.037093,0.022479,0.014683,0.076366,0.071792,0.066699,2.237,2.4276,2.5931,1012.6345,1012.8235,1013.127,0.020887,0.008779,0.000872,0.0247516666666666,0.0113765454042829,0.1391426666666666
2018-11-17 20:00:00,1.432,1011.2492,0.005221,0.057041,0.086166,Gaja,Phase 3,3,0.120627,20,17,321,-0.866025404,0.5000000000000001,0.051028,0.037093,0.022479,0.080733,0.076366,0.071792,1.8268,2.237,2.4276,1011.6833,1012.6345,1012.8235,0.009288,0.020887,0.008779,0.036866667,0.0142758456959889,0.084968
2018-11-17 21:00:00,1.2153,1010.9352,0.002144,0.120627,0.09202,Gaja,Phase 3,3,0.493588,21,17,321,-0.707106781,0.7071067811865474,0.057041,0.051028,0.037093,0.086166,0.080733,0.076366,1.432,1.8268,2.237,1011.2492,1011.6833,1012.6345,0.005221,0.009288,0.020887,0.048387333,0.010232816,0.033214333
2018-11-17 22:00:00,1.427,1010.0438,0.002641,0.493588,0.1028,Gaja,Phase 3,3,0.616491,22,17,321,-0.5,0.8660254037844384,0.120627,0.057041,0.051028,0.09202,0.086166,0.080733,1.2153,1.432,1.8268,1010.9352,1011.2492,1011.6833,0.002144,0.005221,0.009288,0.076232,0.0385645700222662,0.0504918333333333
2018-11-17 23:00:00,1.5559,1010.7593,0.004561,0.616491,0.112713,Gaja,Phase 3,3,0.642292,23,17,321,-0.258819045,0.965925826289068,0.493588,0.120627,0.057041,0.1028,0.09202,0.086166,1.427,1.2153,1.432,1010.0438,1010.9352,1011.2492,0.002641,0.002144,0.005221,0.2237519999999999,0.2358376454703574,0.1303093333333333
2018-11-18 00:00:00,1.5853,1010.9149,0.007874,0.642292,0.121574,Gaja,Phase 3,3,0.584675,0,18,322,0.0,1.0,0.616491,0.493588,0.120627,0.112713,0.1028,0.09202,1.5559,1.427,1.2153,1010.7593,1010.0438,1010.9352,0.004561,0.002641,0.002144,0.4102353333333333,0.2582266967304794,0.2293113333333333
2018-11-18 01:00:00,1.5416,1011.6473,0.010001,0.584675,0.137355,Gaja,Phase 3,3,0.602356,1,18,322,0.2588190451025207,0.9659258262890684,0.642292,0.616491,0.493588,0.121574,0.112713,0.1028,1.5853,1.5559,1.427,1010.9149,1010.7593,1010.0438,0.007874,0.004561,0.002641,0.5841236666666666,0.079460387,0.3301778333333333
2018-11-18 02:00:00,1.6792,1012.7197,0.013303,0.602356,0.145089,Gaja,Phase 3,3,0.415091,2,18,322,0.4999999999999999,0.8660254037844387,0.584675,0.642292,0.616491,0.137355,0.121574,0.112713,1.5416,1.5853,1.5559,1011.6473,1010.9149,1010.7593,0.010001,0.007874,0.004561,0.614486,0.0288607811918045,0.419119
2018-11-18 03:00:00,2.238,1013.5474,0.027518,0.415091,0.135628,Gaja,Phase 3,3,0.544024,3,18,322,0.7071067811865475,0.7071067811865476,0.602356,0.584675,0.642292,0.145089,0.137355,0.121574,1.6792,1.5416,1.5853,1012.7197,1011.6473,1010.9149,0.013303,0.010001,0.007874,0.6097743333333333,0.0295161553108558,0.5100048333333334
2018-11-18 04:00:00,2.469,1014.1674,0.027432,0.544024,0.134736,Gaja,Phase 3,3,0.8404,4,18,322,0.8660254037844386,0.5000000000000001,0.415091,0.602356,0.584675,0.135628,0.145089,0.137355,2.238,1.6792,1.5416,1013.5474,1012.7197,1011.6473,0.027518,0.013303,0.010001,0.5340406666666665,0.1033920782281443,0.5590821666666667
2018-11-18 05:00:00,2.5856,1013.8928,0.037703,0.8404,0.149908,Gaja,Phase 3,3,1.153386,5,18,322,0.9659258262890684,0.2588190451025207,0.544024,0.415091,0.602356,0.134736,0.135628,0.145089,2.469,2.238,1.6792,1014.1674,1013.5474,1012.7197,0.027432,0.027518,0.013303,0.5204903333333333,0.095824945,0.5674881666666667
2018-11-18 06:00:00,2.6396,1012.9805,0.045923,1.153386,0.164872,Gaja,Phase 3,3,1.21614,6,18,322,1.0,6.123233995736766e-17,0.8404,0.544024,0.415091,0.149908,0.134736,0.135628,2.5856,2.469,2.238,1013.8928,1014.1674,1013.5474,0.037703,0.027432,0.027518,0.5998383333333334,0.2180788073709469,0.6048063333333333
2018-11-18 07:00:00,2.7926,1011.8625,0.044912,1.21614,0.167069,Gaja,Phase 3,3,1.080037,7,18,322,0.9659258262890684,-0.258819045,1.153386,0.8404,0.544024,0.164872,0.149908,0.134736,2.6396,2.5856,2.469,1012.9805,1013.8928,1014.1674,0.045923,0.037703,0.027432,0.8459366666666667,0.3047187273032856,0.6899886666666667
2018-11-18 08:00:00,3.0174,1010.6409,0.084502,1.080037,0.157974,Gaja,Phase 3,3,0.885809,8,18,322,0.8660254037844387,-0.5,1.21614,1.153386,0.8404,0.167069,0.164872,0.149908,2.7926,2.6396,2.5856,1011.8625,1012.9805,1013.8928,0.044912,0.045923,0.037703,1.0699753333333333,0.2012787653612116,0.7952328333333334
2018-11-18 09:00:00,3.3137,1009.582,0.141425,0.885809,0.14732,Gaja,Phase 3,3,0.801498,9,18,322,0.7071067811865476,-0.707106781,1.080037,1.21614,1.153386,0.157974,0.167069,0.164872,3.0174,2.7926,2.6396,1010.6409,1011.8625,1012.9805,0.084502,0.044912,0.045923,1.149854333333333,0.068120196,0.8748463333333332
2018-11-18 10:00:00,3.3978,1009.1974,0.267257,0.801498,0.138751,Gaja,Phase 3,3,0.777465,10,18,322,0.4999999999999999,-0.866025404,0.885809,1.080037,1.21614,0.14732,0.157974,0.167069,3.3137,3.0174,2.7926,1009.582,1010.6409,1011.8625,0.141425,0.084502,0.044912,1.060662,0.1660156178165187,0.9532993333333332
2018-11-18 11:00:00,3.7821,1009.7491,0.281122,0.777465,0.136465,Gaja,Phase 3,3,0.81917,11,18,322,0.258819045,-0.965925826,0.801498,0.885809,1.080037,0.138751,0.14732,0.157974,3.3978,3.3137,3.0174,1009.1974,1009.582,1010.6409,0.267257,0.141425,0.084502,0.9224479999999998,0.1428383907463279,0.9962116666666666
2018-11-18 12:00:00,3.5258,1010.3574,0.381335,0.81917,0.140272,Gaja,Phase 3,3,0.952143,12,18,322,1.2246467991473532e-16,-1.0,0.777465,0.801498,0.885809,0.136465,0.138751,0.14732,3.7821,3.3978,3.3137,1009.7491,1009.1974,1009.582,0.281122,0.267257,0.141425,0.8215906666666667,0.056898085,0.9857225
2018-11-18 13:00:00,3.3632,1011.1948,0.571271,0.952143,0.147944,Gaja,Phase 3,3,0.963416,13,18,322,-0.258819045,-0.965925826,0.81917,0.777465,0.801498,0.140272,0.136465,0.138751,3.5258,3.7821,3.3978,1010.3574,1009.7491,1009.1974,0.381335,0.281122,0.267257,0.7993776666666665,0.020933194,0.9300198333333332
2018-11-18 14:00:00,3.3954,1012.363,0.661695,0.963416,0.158733,Gaja,Phase 3,3,0.788815,14,18,322,-0.5,-0.866025404,0.952143,0.81917,0.777465,0.147944,0.140272,0.136465,3.3632,3.5258,3.7821,1011.1948,1010.3574,1009.7491,0.571271,0.381335,0.281122,0.8495926666666666,0.091226394,0.8860203333333333
2018-11-18 15:00:00,3.3101,1013.3237,0.519528,0.788815,0.159918,Gaja,Phase 3,3,0.848808,15,18,322,-0.707106781,-0.707106781,0.963416,0.952143,0.81917,0.158733,0.147944,0.140272,3.3954,3.3632,3.5258,1012.363,1011.1948,1010.3574,0.661695,0.571271,0.381335,0.9115763333333332,0.080224485,0.8665835
2018-11-18 16:00:00,3.1044,1013.8666,0.480652,0.848808,0.154948,Gaja,Phase 3,3,0.857555,16,18,322,-0.866025404,-0.5,0.788815,0.963416,0.952143,0.159918,0.158733,0.147944,3.3101,3.3954,3.3632,1013.3237,1012.363,1011.1948,0.519528,0.661695,0.571271,0.901458,0.097714401,0.8504178333333333
2018-11-18 17:00:00,2.8269,1013.9451,0.280234,0.857555,0.149521,Gaja,Phase 3,3,0.822518,17,18,322,-0.965925826,-0.258819045,0.848808,0.788815,0.963416,0.154948,0.159918,0.158733,3.1044,3.3101,3.3954,1013.8666,1013.3237,1012.363,0.480652,0.519528,0.661695,0.867013,0.088712704,0.8583028333333332
2018-11-18 18:00:00,2.5343,1013.4031,0.264592,0.822518,0.144829,Gaja,Phase 3,3,0.76686,18,18,322,-1.0,-1.84e-16,0.857555,0.848808,0.788815,0.149521,0.154948,0.159918,2.8269,3.1044,3.3101,1013.9451,1013.8666,1013.3237,0.280234,0.480652,0.519528,0.8317259999999999,0.037418484,0.8716511666666666
2018-11-18 19:00:00,2.3871,1012.7127,0.349656,0.76686,0.136708,Gaja,Phase 3,3,0.682798,19,18,322,-0.965925826,0.2588190451025203,0.822518,0.857555,0.848808,0.144829,0.149521,0.154948,2.5343,2.8269,3.1044,1013.4031,1013.9451,1013.8666,0.264592,0.280234,0.480652,0.8429603333333332,0.0182357957417327,0.8722091666666666
2018-11-18 20:00:00,2.2951,1011.9701,0.362176,0.682798,0.134121,Gaja,Phase 3,3,0.746328,20,18,322,-0.866025404,0.5000000000000001,0.76686,0.822518,0.857555,0.136708,0.144829,0.149521,2.3871,2.5343,2.8269,1012.7127,1013.4031,1013.9451,0.349656,0.264592,0.280234,0.8156443333333332,0.0457365414776225,0.8413286666666667
2018-11-18 21:00:00,2.2308,1011.5916,0.351563,0.746328,0.142072,Gaja,Phase 3,3,0.827524,21,18,322,-0.707106781,0.7071067811865474,0.682798,0.76686,0.822518,0.134121,0.136708,0.144829,2.2951,2.3871,2.5343,1011.9701,1012.7127,1013.4031,0.362176,0.349656,0.264592,0.7573919999999998,0.070339547,0.794559
2018-11-18 22:00:00,2.4045,1011.5862,0.294098,0.827524,0.145965,Gaja,Phase 3,3,0.994473,22,18,322,-0.5,0.8660254037844384,0.746328,0.682798,0.76686,0.142072,0.134121,0.136708,2.2308,2.2951,2.3871,1011.5916,1011.9701,1012.7127,0.351563,0.362176,0.349656,0.7319953333333332,0.0438254944220206,0.7874778333333333
2018-11-18 23:00:00,2.559,1011.8057,0.244728,0.994473,0.14782,Gaja,Phase 3,3,0.985784,23,18,322,-0.258819045,0.965925826289068,0.827524,0.746328,0.682798,0.145965,0.142072,0.134121,2.4045,2.2308,2.2951,1011.5862,1011.5916,1011.9701,0.294098,0.351563,0.362176,0.7522166666666666,0.072542478,0.7839305
2018-11-19 00:00:00,2.6682,1012.0898,0.216757,0.985784,0.147316,Gaja,Phase 3,3,0.761111,0,19,323,0.0,1.0,0.994473,0.827524,0.746328,0.14782,0.145965,0.142072,2.559,2.4045,2.2308,1011.8057,1011.5862,1011.5916,0.244728,0.294098,0.351563,0.8561083333333332,0.1265179170723822,0.8067501666666667
2018-11-19 01:00:00,2.7908,1012.564,0.144645,0.761111,0.14261,Gaja,Phase 3,3,0.634477,1,19,323,0.2588190451025207,0.9659258262890684,0.985784,0.994473,0.827524,0.147316,0.14782,0.145965,2.6682,2.559,2.4045,1012.0898,1011.8057,1011.5862,0.216757,0.244728,0.294098,0.935927,0.093980224,0.8339611666666666
2018-11-19 02:00:00,3.0156,1013.4373,0.120302,0.634477,0.13513,Gaja,Phase 3,3,0.418203,2,19,323,0.4999999999999999,0.8660254037844387,0.761111,0.985784,0.994473,0.14261,0.147316,0.14782,2.7908,2.6682,2.559,1012.564,1012.0898,1011.8057,0.144645,0.216757,0.244728,0.9137893333333332,0.1322946702718367,0.833003
2018-11-19 03:00:00,3.26,1014.0717,0.124939,0.418203,0.12173,Gaja,Phase 3,3,0.265003,3,19,323,0.7071067811865475,0.7071067811865476,0.634477,0.761111,0.985784,0.13513,0.14261,0.147316,3.0156,2.7908,2.6682,1013.4373,1012.564,1012.0898,0.120302,0.144645,0.216757,0.7937906666666666,0.1779188649984435,0.8249495000000001
2018-11-19 04:00:00,3.4088,1014.7157,0.14698,0.265003,0.104724,Gaja,Phase 3,3,0.131649,4,19,323,0.8660254037844386,0.5000000000000001,0.418203,0.634477,0.761111,0.12173,0.13513,0.14261,3.26,3.0156,2.7908,1014.0717,1013.4373,1012.564,0.124939,0.120302,0.144645,0.6045969999999999,0.1733957465337647,0.7702620000000001
2018-11-19 05:00:00,3.4392,1014.2597,0.137582,0.131649,0.086699,Gaja,Phase 3,3,0.10565,5,19,323,0.9659258262890684,0.2588190451025207,0.265003,0.418203,0.634477,0.104724,0.12173,0.13513,3.4088,3.26,3.0156,1014.7157,1014.0717,1013.4373,0.14698,0.124939,0.120302,0.4392276666666665,0.1856321271368061,0.6765085000000001
2018-11-19 06:00:00,3.626,1013.3237,0.139289,0.10565,0.073546,Gaja,Phase 3,3,0.157529,6,19,323,1.0,6.123233995736766e-17,0.131649,0.265003,0.418203,0.086699,0.104724,0.12173,3.4392,3.4088,3.26,1014.2597,1014.7157,1014.0717,0.137582,0.14698,0.124939,0.2716183333333332,0.1433914945362375,0.5327045
2018-11-19 07:00:00,3.8755,1012.2207,0.169668,0.157529,0.065103,Gaja,Phase 3,3,0.184957,7,19,323,0.9659258262890684,-0.258819045,0.10565,0.131649,0.265003,0.073546,0.086699,0.104724,3.626,3.4392,3.4088,1013.3237,1014.2597,1014.7157,0.139289,0.137582,0.14698,0.1674339999999999,0.085491341,0.3860154999999999
2018-11-19 08:00:00,4.127,1011.4978,0.161587,0.184957,0.060831,Gaja,Phase 3,3,0.222893,8,19,323,0.8660254037844387,-0.5,0.157529,0.10565,0.131649,0.065103,0.073546,0.086699,3.8755,3.626,3.4392,1012.2207,1013.3237,1014.2597,0.169668,0.139289,0.137582,0.1316093333333332,0.0259395227468862,0.2854185
2018-11-19 09:00:00,4.4384,1010.6577,0.451928,0.222893,0.062091,Gaja,Phase 3,3,0.216967,9,19,323,0.7071067811865476,-0.707106781,0.184957,0.157529,0.10565,0.060831,0.065103,0.073546,4.127,3.8755,3.626,1011.4978,1012.2207,1013.3237,0.161587,0.169668,0.139289,0.1493786666666665,0.0402768048923469,0.2104985
2018-11-19 10:00:00,3.992,1010.2684,0.714359,0.216967,0.065714,Gaja,Phase 3,3,0.193923,10,19,323,0.4999999999999999,-0.866025404,0.222893,0.184957,0.157529,0.062091,0.060831,0.065103,4.4384,4.127,3.8755,1010.6577,1011.4978,1012.2207,0.451928,0.161587,0.169668,0.1884596666666666,0.032822471,0.1779468333333333
2018-11-19 11:00:00,4.1565,1010.3508,0.660644,0.193923,0.069892,Gaja,Phase 3,3,0.152981,11,19,323,0.258819045,-0.965925826,0.216967,0.222893,0.184957,0.065714,0.062091,0.060831,3.992,4.4384,4.127,1010.2684,1010.6577,1011.4978,0.714359,0.451928,0.161587,0.2082723333333332,0.0204079137918607,0.1699408333333333
2018-11-19 12:00:00,3.9641,1011.3552,0.28585,0.152981,0.075796,Gaja,Phase 3,3,0.101132,12,19,323,1.2246467991473532e-16,-1.0,0.193923,0.216967,0.222893,0.069892,0.065714,0.062091,4.1565,3.992,4.4384,1010.3508,1010.2684,1010.6577,0.660644,0.714359,0.451928,0.2112609999999999,0.0153047068577832,0.1803198333333333
2018-11-19 13:00:00,3.9576,1012.1998,0.411751,0.101132,0.079717,Gaja,Phase 3,3,0.079116,13,19,323,-0.258819045,-0.965925826,0.152981,0.193923,0.216967,0.075796,0.069892,0.065714,3.9641,4.1565,3.992,1011.3552,1010.3508,1010.2684,0.28585,0.660644,0.714359,0.1879569999999999,0.032407513,0.1882083333333333
2018-11-19 14:00:00,4.1027,1013.0254,0.660318,0.079116,0.081803,Gaja,Phase 3,3,0.167188,14,19,323,-0.5,-0.866025404,0.101132,0.152981,0.193923,0.079717,0.075796,0.069892,3.9576,3.9641,4.1565,1012.1998,1011.3552,1010.3508,0.411751,0.28585,0.660644,0.1493453333333332,0.046502215,0.1788088333333333
2018-11-19 15:00:00,4.1922,1014.1699,0.798666,0.167188,0.083302,Gaja,Phase 3,3,0.34164,15,19,323,-0.707106781,-0.707106781,0.079116,0.101132,0.152981,0.081803,0.079717,0.075796,4.1027,3.9576,3.9641,1013.0254,1012.1998,1011.3552,0.660318,0.411751,0.28585,0.1110763333333332,0.037923303,0.1611686666666666
2018-11-19 16:00:00,4.3262,1014.659,0.80764,0.34164,0.082897,Gaja,Phase 3,3,0.476421,16,19,323,-0.866025404,-0.5,0.167188,0.079116,0.101132,0.083302,0.081803,0.079717,4.1922,4.1027,3.9576,1014.1699,1013.0254,1012.1998,0.798666,0.660318,0.411751,0.1158119999999999,0.0458344422460111,0.1518845
2018-11-19 17:00:00,4.3723,1014.4886,0.684249,0.476421,0.082588,Gaja,Phase 3,3,0.589665,17,19,323,-0.965925826,-0.258819045,0.34164,0.167188,0.079116,0.082897,0.083302,0.081803,4.3262,4.1922,4.1027,1014.659,1014.1699,1013.0254,0.80764,0.798666,0.660318,0.1959813333333332,0.1336095231536137,0.1726633333333333
2018-11-19 18:00:00,4.3891,1013.937,0.638033,0.589665,0.081935,Gaja,Phase 3,3,0.669765,18,19,323,-1.0,-1.84e-16,0.476421,0.34164,0.167188,0.082588,0.082897,0.083302,4.3723,4.3262,4.1922,1014.4886,1014.659,1014.1699,0.684249,0.80764,0.798666,0.3284163333333332,0.1550400306125346,0.2197463333333333
2018-11-19 19:00:00,4.3827,1013.2596,0.91525,0.669765,0.079627,Gaja,Phase 3,3,0.710268,19,19,323,-0.965925826,0.2588190451025203,0.589665,0.476421,0.34164,0.081935,0.082588,0.082897,4.3891,4.3723,4.3262,1013.937,1014.4886,1014.659,0.638033,0.684249,0.80764,0.4692419999999999,0.1241682474991169,0.292527
2018-11-19 20:00:00,4.1951,1012.6785,1.052441,0.710268,0.074829,Gaja,Phase 3,3,0.764545,20,19,323,-0.866025404,0.5000000000000001,0.669765,0.589665,0.476421,0.079627,0.081935,0.082588,4.3827,4.3891,4.3723,1013.2596,1013.937,1014.4886,0.91525,0.638033,0.684249,0.5786169999999999,0.097144322,0.3872991666666667
2018-11-19 21:00:00,4.034,1011.7237,1.222076,0.764545,0.069219,Gaja,Phase 3,3,0.707226,21,19,323,-0.707106781,0.7071067811865474,0.710268,0.669765,0.589665,0.074829,0.079627,0.081935,4.1951,4.3827,4.3891,1012.6785,1013.2596,1013.937,1.052441,0.91525,0.638033,0.6565659999999999,0.0613753297588,0.4924911666666667
2018-11-19 22:00:00,4.534,1011.6692,1.34592,0.707226,0.064178,Gaja,Phase 3,3,0.619944,22,19,323,-0.5,0.8660254037844384,0.764545,0.710268,0.669765,0.069219,0.074829,0.079627,4.034,4.1951,4.3827,1011.7237,1012.6785,1013.2596,1.222076,1.052441,0.91525,0.7148593333333332,0.0475565174958661,0.5920506666666667
2019-04-30 06:00:00,4.2934813,1007.3191,0.5299672,24.5255928,0.354769915,Fani,Phase 1,1,24.3331509,6,30,120,1.0,6.123233995736766e-17,22.939642,22.5684967,23.2209816,0.315010339,0.313170046,0.31025514,4.309251,4.3260565,4.3080053,1007.86835,1008.1408,1008.1361,0.5324703,0.53520066,0.5284631,22.909706766666663,0.3272708737850766,23.904976533333336
2019-04-30 07:00:00,4.28398,1006.6471,0.53698945,24.3331509,0.358489811,Fani,Phase 1,1,23.8362446,7,30,120,0.9659258262890684,-0.258819045,24.5255928,22.939642,22.5684967,0.354769915,0.315010339,0.313170046,4.2934813,4.309251,4.3260565,1007.3191,1007.86835,1008.1408,0.5299672,0.5324703,0.53520066,23.344577166666667,1.0394881687933366,23.906255416666667
2019-04-30 08:00:00,4.287126,1005.74384,0.55643654,23.8362446,0.363095164,Fani,Phase 1,1,24.0612431,8,30,120,0.8660254037844387,-0.5,24.3331509,24.5255928,22.939642,0.358489811,0.354769915,0.315010339,4.28398,4.2934813,4.309251,1006.6471,1007.3191,1007.86835,0.53698945,0.5299672,0.5324703,23.932795233333334,0.8654614259915014,23.776353216666664
2019-04-30 09:00:00,4.2901716,1004.8862,0.5774254,24.0612431,0.365019351,Fani,Phase 1,1,23.4066086,9,30,120,0.7071067811865476,-0.707106781,23.8362446,24.3331509,24.5255928,0.363095164,0.358489811,0.354769915,4.287126,4.28398,4.2934813,1005.74384,1006.6471,1007.3191,0.55643654,0.53698945,0.5299672,24.231662766666663,0.3557036914574009,23.570684766666663
2019-04-30 10:00:00,4.3133445,1004.1599,0.5726513,23.4066086,0.364500761,Fani,Phase 1,1,22.8458366,10,30,120,0.4999999999999999,-0.866025404,24.0612431,23.8362446,24.3331509,0.365019351,0.363095164,0.358489811,4.2901716,4.287126,4.28398,1004.8862,1005.74384,1006.6471,0.5774254,0.55643654,0.53698945,24.07687953333333,0.2488219067535328,23.71072835
2019-04-30 11:00:00,4.3017597,1004.2048,0.5507136,22.8458366,0.361815512,Fani,Phase 1,1,22.8053474,11,30,120,0.258819045,-0.965925826,23.4066086,24.0612431,23.8362446,0.364500761,0.365019351,0.363095164,4.3133445,4.2901716,4.287126,1004.1599,1004.8862,1005.74384,0.5726513,0.5774254,0.55643654,23.7680321,0.3326053081578144,23.850413666666665
2019-04-30 12:00:00,4.3075333,1004.49634,0.50930136,22.8053474,0.359657228,Fani,Phase 1,1,23.4149265,12,30,120,1.2246467991473532e-16,-1.0,22.8458366,23.4066086,24.0612431,0.361815512,0.364500761,0.365019351,4.3017597,4.3133445,4.2901716,1004.2048,1004.1599,1004.8862,0.5507136,0.5726513,0.5774254,23.4378961,0.6083070119625117,23.83477943333333
2019-04-30 13:00:00,4.3665104,1005.0758,0.5000853,23.4149265,0.357735157,Fani,Phase 1,1,23.8999367,13,30,120,-0.258819045,-0.965925826,22.8053474,22.8458366,23.4066086,0.359657228,0.361815512,0.364500761,4.3075333,4.3017597,4.3133445,1004.49634,1004.2048,1004.1599,0.50930136,0.5507136,0.5726513,23.0192642,0.3360604216323232,23.548071866666664
2019-04-30 14:00:00,4.492625,1005.9801,0.47615483,23.8999367,0.356655061,Fani,Phase 1,1,24.1602612,14,30,120,-0.5,-0.866025404,23.4149265,22.8053474,22.8458366,0.357735157,0.359657228,0.361815512,4.3665104,4.3075333,4.3017597,1005.0758,1004.49634,1004.2048,0.5000853,0.50930136,0.5507136,23.02203683333333,0.340854164503324,23.39503446666667
2019-04-30 15:00:00,4.638003,1006.69495,0.44187522,24.1602612,0.35830617,Fani,Phase 1,1,24.2091465,15,30,120,-0.707106781,-0.707106781,23.8999367,23.4149265,22.8053474,0.356655061,0.357735157,0.359657228,4.492625,4.3665104,4.3075333,1005.9801,1005.0758,1004.49634,0.47615483,0.5000853,0.50930136,23.37340353333333,0.5484747500926874,23.405649816666667
2019-04-30 16:00:00,4.788959,1007.2545,0.41609192,24.2091465,0.359276026,Fani,Phase 1,1,24.3213806,16,30,120,-0.866025404,-0.5,24.1602612,23.8999367,23.4149265,0.35830617,0.356655061,0.357735157,4.638003,4.492625,4.3665104,1006.69495,1005.9801,1005.0758,0.44187522,0.47615483,0.5000853,23.825041466666665,0.3782696468632761,23.42215283333333
2019-04-30 17:00:00,4.944582,1007.21564,0.42993045,24.3213806,0.358848751,Fani,Phase 1,1,24.250349,17,30,120,-0.965925826,-0.258819045,24.2091465,24.1602612,23.8999367,0.359276026,0.35830617,0.356655061,4.788959,4.638003,4.492625,1007.2545,1006.69495,1005.9801,0.41609192,0.44187522,0.47615483,24.089781466666665,0.1662173869126292,23.55590915
2019-04-30 18:00:00,5.0564175,1006.7732,0.42312184,24.250349,0.361173362,Fani,Phase 1,1,24.1005077,18,30,120,-1.0,-1.84e-16,24.3213806,24.2091465,24.1602612,0.358848751,0.359276026,0.35830617,4.944582,4.788959,4.638003,1007.21564,1007.2545,1006.69495,0.42993045,0.41609192,0.44187522,24.23026276666667,0.082609248,23.80183315
2019-04-30 19:00:00,5.1575475,1006.1289,0.3419132,24.1005077,0.364225715,Fani,Phase 1,1,23.888443,19,30,120,-0.965925826,0.2588190451025203,24.250349,24.3213806,24.2091465,0.361173362,0.358848751,0.359276026,5.0564175,4.944582,4.788959,1006.7732,1007.21564,1007.2545,0.42312184,0.42993045,0.41609192,24.26029203333333,0.05677386,24.04266675
2019-04-30 20:00:00,5.2279973,1005.61475,0.3665657,23.888443,0.365702599,Fani,Phase 1,1,23.7802467,20,30,120,-0.866025404,0.5000000000000001,24.1005077,24.250349,24.3213806,0.364225715,0.361173362,0.358848751,5.1575475,5.0564175,4.944582,1006.1289,1006.7732,1007.21564,0.3419132,0.42312184,0.42993045,24.2240791,0.1127554443169297,24.15693028333333
2019-04-30 21:00:00,5.2525845,1005.1781,0.4084968,23.7802467,0.368349135,Fani,Phase 1,1,23.5989037,21,30,120,-0.707106781,0.7071067811865474,23.888443,24.1005077,24.250349,0.365702599,0.364225715,0.361173362,5.2279973,5.1575475,5.0564175,1005.61475,1006.1289,1006.7732,0.3665657,0.3419132,0.42312184,24.079766566666667,0.1818423332669353,24.15501466666667
2019-04-30 22:00:00,5.0161986,1005.17267,0.43644974,23.5989037,0.369055212,Fani,Phase 1,1,23.6246719,22,30,120,-0.5,0.8660254037844384,23.7802467,23.888443,24.1005077,0.368349135,0.365702599,0.364225715,5.2525845,5.2279973,5.1575475,1005.1781,1005.61475,1006.1289,0.4084968,0.3665657,0.3419132,23.9230658,0.1629135683119477,24.091678916666663
2019-04-30 23:00:00,5.056019,1005.20276,0.42295778,23.6246719,0.370833457,Fani,Phase 1,1,23.752861,23,30,120,-0.258819045,0.965925826289068,23.5989037,23.7802467,23.888443,0.369055212,0.368349135,0.365702599,5.0161986,5.2525845,5.2279973,1005.17267,1005.1781,1005.61475,0.43644974,0.4084968,0.3665657,23.755864466666665,0.1463014748314789,23.98997178333333
2019-05-01 00:00:00,5.042175,1005.53284,0.41547382,23.752861,0.371899337,Fani,Phase 1,1,23.916851,0,1,121,0.0,1.0,23.6246719,23.5989037,23.7802467,0.370833457,0.369055212,0.368349135,5.056019,5.0161986,5.2525845,1005.20276,1005.17267,1005.1781,0.42295778,0.43644974,0.4084968,23.667940766666664,0.098109465,23.873853666666665
2019-05-01 01:00:00,5.072097,1006.0789,0.42894176,23.916851,0.370613813,Fani,Phase 1,1,23.0757351,1,1,121,0.2588190451025207,0.9659258262890684,23.752861,23.6246719,23.5989037,0.371899337,0.370833457,0.369055212,5.042175,5.056019,5.0161986,1005.53284,1005.20276,1005.17267,0.41547382,0.42295778,0.43644974,23.6588122,0.082461401,23.790939
2019-05-01 02:00:00,5.144723,1006.8097,0.41196108,23.0757351,0.368735999,Fani,Phase 1,1,21.7725868,2,1,121,0.4999999999999999,0.8660254037844387,23.916851,23.752861,23.6246719,0.370613813,0.371899337,0.370833457,5.072097,5.042175,5.056019,1006.0789,1005.53284,1005.20276,0.42894176,0.41547382,0.42295778,23.76479463333333,0.1464546527857927,23.76032955
2019-05-01 03:00:00,5.210347,1007.2361,0.40436864,21.7725868,0.36990419,Fani,Phase 1,1,20.9794064,3,1,121,0.7071067811865475,0.7071067811865476,23.0757351,23.916851,23.752861,0.368735999,0.370613813,0.371899337,5.144723,5.072097,5.042175,1006.8097,1006.0789,1005.53284,0.41196108,0.42894176,0.41547382,23.581815700000003,0.4458826754845654,23.62487823333333
2019-05-01 04:00:00,5.2287936,1007.332,0.38083208,20.9794064,0.3684479,Fani,Phase 1,1,20.999609,4,1,121,0.8660254037844386,0.5000000000000001,21.7725868,23.0757351,23.916851,0.36990419,0.368735999,0.370613813,5.210347,5.144723,5.072097,1007.2361,1006.8097,1006.0789,0.40436864,0.41196108,0.42894176,22.9217243,1.0803965636459107,23.29026825
2019-05-01 05:00:00,5.196851,1007.0743,0.36749512,20.999609,0.364843845,Fani,Phase 1,1,20.652956,5,1,121,0.9659258262890684,0.2588190451025207,20.9794064,21.7725868,23.0757351,0.3684479,0.36990419,0.368735999,5.2287936,5.210347,5.144723,1007.332,1007.2361,1006.8097,0.38083208,0.40436864,0.41196108,21.9425761,1.0584520660836665,22.853685366666667
2019-05-01 06:00:00,5.1091156,1006.5465,0.35863435,20.652956,0.357104331,Fani,Phase 1,1,20.3704662,6,1,121,1.0,6.123233995736766e-17,20.999609,20.9794064,21.7725868,0.364843845,0.3684479,0.36990419,5.196851,5.2287936,5.210347,1007.0743,1007.332,1007.2361,0.36749512,0.38083208,0.40436864,21.250534066666663,0.4522237593794457,22.41617488333333
2019-05-01 07:00:00,5.0222597,1005.7879,0.4289286,20.3704662,0.355705172,Fani,Phase 1,1,19.951252,7,1,121,0.9659258262890684,-0.258819045,20.652956,20.999609,20.9794064,0.357104331,0.364843845,0.3684479,5.1091156,5.196851,5.2287936,1006.5465,1007.0743,1007.332,0.35863435,0.36749512,0.38083208,20.8773238,0.1945706003467731,21.89952405
2019-05-01 08:00:00,4.933609,1004.7414,0.4787391,19.951252,0.355035484,Fani,Phase 1,1,20.5070229,8,1,121,0.8660254037844387,-0.5,20.3704662,20.652956,20.999609,0.355705172,0.357104331,0.364843845,5.0222597,5.1091156,5.196851,1005.7879,1006.5465,1007.0743,0.4289286,0.35863435,0.36749512,20.67434373333333,0.3151162357778418,21.308459916666664
2019-05-01 09:00:00,4.8577886,1003.94727,0.5245099,20.5070229,0.368661255,Fani,Phase 1,1,19.9053707,9,1,121,0.7071067811865476,-0.707106781,19.951252,20.3704662,20.652956,0.355035484,0.355705172,0.357104331,4.933609,5.0222597,5.1091156,1004.7414,1005.7879,1006.5465,0.4787391,0.4289286,0.35863435,20.3248914,0.3530650403258025,20.787712733333333
2019-05-01 10:00:00,4.611363,1003.22955,0.5429019,19.9053707,0.368535042,Fani,Phase 1,1,19.3544006,10,1,121,0.4999999999999999,-0.866025404,20.5070229,19.951252,20.3704662,0.368661255,0.355035484,0.355705172,4.8577886,4.933609,5.0222597,1003.94727,1004.7414,1005.7879,0.5245099,0.4787391,0.4289286,20.27624703333333,0.2896174405093791,20.576785416666667
2019-05-01 11:00:00,4.622372,1003.4201,0.52561194,19.3544006,0.367789149,Fani,Phase 1,1,18.9476776,11,1,121,0.258819045,-0.965925826,19.9053707,20.5070229,19.951252,0.368535042,0.368661255,0.355035484,4.611363,4.8577886,4.933609,1003.22955,1003.94727,1004.7414,0.5429019,0.5245099,0.4787391,20.1212152,0.334905896,20.397779466666663
2019-05-01 12:00:00,4.6253953,1003.8197,0.48197368,18.9476776,0.370547682,Fani,Phase 1,1,19.0692501,12,1,121,1.2246467991473532e-16,-1.0,19.3544006,19.9053707,20.5070229,0.367789149,0.368535042,0.368661255,4.622372,4.611363,4.8577886,1003.4201,1003.22955,1003.94727,0.52561194,0.5429019,0.5245099,19.922264733333336,0.5764968325030078,20.123578066666667
2019-05-01 13:00:00,4.6742454,1004.57336,0.43360153,19.0692501,0.371137947,Fani,Phase 1,1,19.1625061,13,1,121,-0.258819045,-0.965925826,18.9476776,19.3544006,19.9053707,0.370547682,0.367789149,0.368535042,4.6253953,4.622372,4.611363,1003.8197,1003.4201,1003.22955,0.48197368,0.52561194,0.5429019,19.402482966666668,0.4806536735894985,19.839365
2019-05-01 14:00:00,4.780675,1005.3482,0.3838286,19.1625061,0.37008065,Fani,Phase 1,1,18.937458,14,1,121,-0.5,-0.866025404,19.0692501,18.9476776,19.3544006,0.371137947,0.370547682,0.367789149,4.6742454,4.6253953,4.622372,1004.57336,1003.8197,1003.4201,0.43360153,0.48197368,0.52561194,19.1237761,0.2087719166679898,19.62249565
2019-05-01 15:00:00,4.9035387,1006.19244,0.36973,18.937458,0.370130688,Fani,Phase 1,1,18.6673069,15,1,121,-0.707106781,-0.707106781,19.1625061,19.0692501,18.9476776,0.37008065,0.371137947,0.370547682,4.780675,4.6742454,4.6253953,1005.3482,1004.57336,1003.8197,0.3838286,0.43360153,0.48197368,19.059811266666667,0.1077248336460034,19.491038
2019-05-01 16:00:00,4.993754,1006.85944,0.35922474,18.6673069,0.368960649,Fani,Phase 1,1,18.6919117,16,1,121,-0.866025404,-0.5,18.937458,19.1625061,19.0692501,0.370130688,0.37008065,0.371137947,4.9035387,4.780675,4.6742454,1006.19244,1005.3482,1004.57336,0.36973,0.3838286,0.43360153,19.05640473333333,0.1130726068151744,19.22944385
2019-05-01 17:00:00,5.0562134,1006.988,0.3803194,18.6919117,0.367239386,Fani,Phase 1,1,18.6431885,17,1,121,-0.965925826,-0.258819045,18.6673069,18.937458,19.1625061,0.368960649,0.370130688,0.37008065,4.993754,4.9035387,4.780675,1006.85944,1006.19244,1005.3482,0.35922474,0.36973,0.3838286,18.922423666666667,0.2479416973891628,19.02309988333333
2019-05-01 18:00:00,5.147196,1006.4547,0.4590621,18.6431885,0.367972851,Fani,Phase 2,2,18.6386204,18,1,121,-1.0,-1.84e-16,18.6919117,18.6673069,18.937458,0.367239386,0.368960649,0.370130688,5.0562134,4.993754,4.9035387,1006.988,1006.85944,1006.19244,0.3803194,0.35922474,0.36973,18.765558866666662,0.1493764810011897,18.91268506666667
2019-05-01 19:00:00,5.2300644,1005.7477,0.35896802,18.6386204,0.368606895,Fani,Phase 2,2,18.6375122,19,1,121,-0.965925826,0.2588190451025203,18.6431885,18.6919117,18.6673069,0.367972851,0.367239386,0.368960649,5.147196,5.0562134,4.993754,1006.4547,1006.988,1006.85944,0.4590621,0.3803194,0.35922474,18.667469033333333,0.0243620046373183,18.86193688333333
2019-05-01 20:00:00,5.2651677,1005.18286,0.3940093,18.6375122,0.367904037,Fani,Phase 2,2,18.8248539,20,1,121,-0.866025404,0.5000000000000001,18.6386204,18.6431885,18.6919117,0.368606895,0.367972851,0.367239386,5.2300644,5.147196,5.0562134,1005.7477,1006.4547,1006.988,0.35896802,0.4590621,0.3803194,18.657906866666668,0.0295374914625247,18.790165266666666
2019-05-01 21:00:00,5.240752,1004.5708,0.40401205,18.8248539,0.367644161,Fani,Phase 2,2,19.1676044,21,1,121,-0.707106781,0.7071067811865474,18.6375122,18.6386204,18.6431885,0.367904037,0.368606895,0.367972851,5.2651677,5.2300644,5.147196,1005.18286,1005.7477,1006.4547,0.3940093,0.35896802,0.4590621,18.639773700000003,0.003008766,18.702666283333333
2019-05-01 22:00:00,4.720077,1004.431,0.36892942,19.1676044,0.36816147,Fani,Phase 2,2,19.5465355,22,1,121,-0.5,0.8660254037844384,18.8248539,18.6375122,18.6386204,0.367644161,0.367904037,0.368606895,5.240752,5.2651677,5.2300644,1004.5708,1005.18286,1005.7477,0.40401205,0.3940093,0.35896802,18.700328833333334,0.107843294636426,18.68389893333333
2019-05-01 23:00:00,4.7190347,1004.5718,0.34166703,19.5465355,0.367877394,Fani,Phase 2,2,19.9295597,23,1,121,-0.258819045,0.965925826289068,19.1676044,18.8248539,18.6375122,0.36816147,0.367644161,0.367904037,4.720077,5.240752,5.2651677,1004.431,1004.5708,1005.18286,0.36892942,0.40401205,0.3940093,18.87665683333333,0.2688160952242983,18.76728185
2019-05-02 00:00:00,4.7578044,1005.0739,0.33536184,19.9295597,0.367475241,Fani,Phase 2,2,19.5885239,0,2,122,0.0,1.0,19.5465355,19.1676044,18.8248539,0.367877394,0.36816147,0.367644161,4.7190347,4.720077,5.240752,1004.5718,1004.431,1004.5708,0.34166703,0.36892942,0.40401205,19.1796646,0.3609919240961594,18.90971915
2019-05-02 01:00:00,4.8666644,1005.73126,0.33189997,19.5885239,0.366996855,Fani,Phase 2,2,18.6529865,1,2,122,0.2588190451025207,0.9659258262890684,19.9295597,19.5465355,19.1676044,0.367475241,0.367877394,0.36816147,4.7578044,4.7190347,4.720077,1005.0739,1004.5718,1004.431,0.33536184,0.34166703,0.36892942,19.54789986666667,0.3809794822845486,19.12411435
2019-05-02 02:00:00,5.030362,1006.55634,0.32999033,18.6529865,0.366852254,Fani,Phase 2,2,18.9689198,2,2,122,0.4999999999999999,0.8660254037844387,19.5885239,19.9295597,19.5465355,0.366996855,0.367475241,0.367877394,4.8666644,4.7578044,4.7190347,1005.73126,1005.0739,1004.5718,0.33189997,0.33536184,0.34166703,19.688206366666662,0.2100698218853741,19.2824316
2019-05-02 03:00:00,5.175272,1007.1182,0.32048425,18.9689198,0.400509626,Fani,Phase 2,2,18.9475727,3,2,122,0.7071067811865475,0.7071067811865476,18.6529865,19.5885239,19.9295597,0.366852254,0.366996855,0.367475241,5.030362,4.8666644,4.7578044,1006.55634,1005.73126,1005.0739,0.32999033,0.33189997,0.33536184,19.3903567,0.660955719,19.28501065
2019-05-02 04:00:00,5.2740426,1007.38525,0.33508232,18.9475727,0.395850182,Fani,Phase 2,2,19.0471992,4,2,122,0.8660254037844386,0.5000000000000001,18.9689198,18.6529865,19.5885239,0.400509626,0.366852254,0.366996855,5.175272,5.030362,4.8666644,1007.1182,1006.55634,1005.73126,0.32048425,0.32999033,0.33189997,19.0701434,0.4759119872385934,19.309021633333334
2019-05-02 05:00:00,5.3039474,1007.1438,0.3656164,19.0471992,0.391291827,Fani,Phase 2,2,18.4710445,5,2,122,0.9659258262890684,0.2588190451025207,18.9475727,18.9689198,18.6529865,0.395850182,0.400509626,0.366852254,5.2740426,5.175272,5.030362,1007.38525,1007.1182,1006.55634,0.33508232,0.32048425,0.32999033,18.856493,0.1765647086092448,19.27234968333333
2019-05-02 06:00:00,5.3157096,1006.69836,0.40168086,18.4710445,0.389639378,Fani,Phase 2,2,18.3842754,6,2,122,1.0,6.123233995736766e-17,19.0471992,18.9475727,18.9689198,0.391291827,0.395850182,0.400509626,5.3039474,5.2740426,5.175272,1007.1438,1007.38525,1007.1182,0.3656164,0.33508232,0.32048425,18.98789723333333,0.0524544288643082,19.189126966666667
2019-05-02 07:00:00,5.3040605,1005.9009,0.33801416,18.3842754,0.389639467,Fani,Phase 2,2,18.1841335,7,2,122,0.9659258262890684,-0.258819045,18.4710445,19.0471992,18.9475727,0.389639378,0.391291827,0.395850182,5.3157096,5.3039474,5.2740426,1006.69836,1007.1438,1007.38525,0.40168086,0.3656164,0.33508232,18.8219388,0.3079390641099428,18.9460411
2019-05-02 08:00:00,5.279385,1005.1623,0.38685125,18.1841335,0.391982347,Fani,Phase 2,2,19.2884693,8,2,122,0.8660254037844387,-0.5,18.3842754,18.4710445,19.0471992,0.389639467,0.389639378,0.391291827,5.3040605,5.3157096,5.3039474,1005.9009,1006.69836,1007.1438,0.33801416,0.40168086,0.3656164,18.634173033333337,0.3603126141869063,18.745333016666667
2019-05-02 09:00:00,5.2505026,1004.32166,0.4175075,19.2884693,0.412682444,Fani,Phase 2,2,19.0809155,9,2,122,0.7071067811865476,-0.707106781,18.1841335,18.3842754,18.4710445,0.391982347,0.389639467,0.389639378,5.279385,5.3040605,5.3157096,1005.1623,1005.9009,1006.69836,0.38685125,0.33801416,0.40168086,18.346484466666663,0.147141416541654,18.66719085
2019-05-02 10:00:00,4.831874,1003.7943,0.41973135,19.0809155,0.415080756,Fani,Phase 2,2,18.9705582,10,2,122,0.4999999999999999,-0.866025404,19.2884693,18.1841335,18.3842754,0.412682444,0.391982347,0.389639467,5.2505026,5.279385,5.3040605,1004.32166,1005.1623,1005.9009,0.4175075,0.38685125,0.33801416,18.6189594,0.5883849290068439,18.7204491
2019-05-02 11:00:00,4.8878503,1003.85205,0.39870378,18.9705582,0.411619604,Fani,Phase 2,2,19.1001873,11,2,122,0.258819045,-0.965925826,19.0809155,19.2884693,18.1841335,0.415080756,0.412682444,0.391982347,4.831874,5.2505026,5.279385,1003.7943,1004.32166,1005.1623,0.41973135,0.4175075,0.38685125,18.851172766666668,0.586920508,18.7426729
2019-05-02 12:00:00,4.971508,1004.1019,0.39243782,19.1001873,0.410954773,Fani,Phase 2,2,19.3883533,12,2,122,1.2246467991473532e-16,-1.0,18.9705582,19.0809155,19.2884693,0.411619604,0.415080756,0.412682444,4.8878503,4.831874,5.2505026,1003.85205,1003.7943,1004.32166,0.39870378,0.41973135,0.4175075,19.11331433333333,0.1614129182463446,18.7298994
2019-05-02 13:00:00,5.086551,1004.7112,0.38936532,19.3883533,0.407952011,Fani,Phase 2,2,19.2367363,13,2,122,-0.258819045,-0.965925826,19.1001873,18.9705582,19.0809155,0.410954773,0.411619604,0.415080756,4.971508,4.8878503,4.831874,1004.1019,1003.85205,1003.7943,0.39243782,0.39870378,0.41973135,19.05055366666667,0.069945025,18.834756533333334
2019-05-02 14:00:00,5.19653,1005.52374,0.41064513,19.2367363,0.403959423,Fani,Phase 2,2,18.9599972,14,2,122,-0.5,-0.866025404,19.3883533,19.1001873,18.9705582,0.407952011,0.410954773,0.411619604,5.086551,4.971508,4.8878503,1004.7112,1004.1019,1003.85205,0.38936532,0.39243782,0.39870378,19.15303293333333,0.2138520098520949,19.00210285
2019-05-02 15:00:00,5.323626,1006.21405,0.39718133,18.9599972,0.401297599,Fani,Phase 2,2,18.7658691,15,2,122,-0.707106781,-0.707106781,19.2367363,19.3883533,19.1001873,0.403959423,0.407952011,0.410954773,5.19653,5.086551,4.971508,1005.52374,1004.7112,1004.1019,0.41064513,0.38936532,0.39243782,19.241758966666666,0.1441486429846278,19.17753665
2019-05-02 16:00:00,5.4451714,1006.80237,0.40346432,18.7658691,0.397799313,Fani,Phase 2,2,18.82477,16,2,122,-0.866025404,-0.5,18.9599972,19.2367363,19.3883533,0.401297599,0.403959423,0.407952011,5.323626,5.19653,5.086551,1006.21405,1005.52374,1004.7112,0.39718133,0.41064513,0.38936532,19.195028933333333,0.217202360547671,19.1227913
2019-05-02 17:00:00,5.524219,1006.68994,0.39189917,18.82477,0.39602831,Fani,Phase 2,2,18.7404785,17,2,122,-0.965925826,-0.258819045,18.7658691,18.9599972,19.2367363,0.397799313,0.401297599,0.403959423,5.4451714,5.323626,5.19653,1006.80237,1006.21405,1005.52374,0.40346432,0.39718133,0.41064513,18.9875342,0.2366383206196521,19.070283566666667
2019-05-02 18:00:00,5.582582,1006.2927,0.41194394,18.7404785,0.396353811,Fani,Phase 2,2,18.6967564,18,2,122,-1.0,-1.84e-16,18.82477,18.7658691,18.9599972,0.39602831,0.397799313,0.401297599,5.524219,5.4451714,5.323626,1006.68994,1006.80237,1006.21405,0.39189917,0.40346432,0.39718133,18.8502121,0.099533437,19.045985533333333
2019-05-02 19:00:00,5.6691003,1005.81305,0.375984,18.6967564,0.395467997,Fani,Phase 2,2,18.6150818,19,2,122,-0.965925826,0.2588190451025203,18.7404785,18.82477,18.7658691,0.396353811,0.39602831,0.397799313,5.582582,5.524219,5.4451714,1006.2927,1006.68994,1006.80237,0.41194394,0.39189917,0.40346432,18.7770392,0.0432416765811758,18.986034066666665
2019-05-02 20:00:00,5.726343,1005.39044,0.36706108,18.6150818,0.393981636,Fani,Phase 2,2,18.5597839,20,2,122,-0.866025404,0.5000000000000001,18.6967564,18.7404785,18.82477,0.395467997,0.396353811,0.39602831,5.6691003,5.582582,5.524219,1005.81305,1006.2927,1006.68994,0.375984,0.41194394,0.39189917,18.75400163333333,0.0650694,18.870767916666665
2019-05-02 21:00:00,5.723653,1005.0034,0.36563057,18.5597839,0.394700527,Fani,Phase 2,2,18.647419,21,2,122,-0.707106781,0.7071067811865474,18.6150818,18.6967564,18.7404785,0.393981636,0.395467997,0.396353811,5.726343,5.6691003,5.582582,1005.39044,1005.81305,1006.2927,0.36706108,0.375984,0.41194394,18.684105566666663,0.063648376,18.767158833333337
2019-05-02 22:00:00,5.6151285,1004.6047,0.36523446,18.647419,0.396869779,Fani,Phase 2,2,18.7371464,22,2,122,-0.5,0.8660254037844384,18.5597839,18.6150818,18.6967564,0.394700527,0.393981636,0.395467997,5.723653,5.726343,5.6691003,1005.0034,1005.39044,1005.81305,0.36563057,0.36706108,0.375984,18.623874033333333,0.068908229,18.700456616666667
2019-05-02 23:00:00,5.6795,1004.9922,0.38305178,18.7371464,0.399766505,Fani,Phase 2,2,18.7726364,23,2,122,-0.258819045,0.965925826289068,18.647419,18.5597839,18.6150818,0.396869779,0.394700527,0.393981636,5.6151285,5.723653,5.726343,1004.6047,1005.0034,1005.39044,0.36523446,0.36563057,0.36706108,18.607428233333334,0.04431603,18.68071493333333
2019-05-03 00:00:00,5.7070026,1005.5146,0.3968605,18.7726364,0.403365493,Fani,Phase 2,2,18.1805668,0,3,123,0.0,1.0,18.7371464,18.647419,18.5597839,0.399766505,0.396869779,0.394700527,5.6795,5.6151285,5.723653,1004.9922,1004.6047,1005.0034,0.38305178,0.36523446,0.36563057,18.64811643333333,0.088683307,18.666111
2019-05-03 01:00:00,5.7061625,1006.5884,0.3995569,18.1805668,0.403391898,Fani,Phase 2,2,17.2478256,1,3,123,0.2588190451025207,0.9659258262890684,18.7726364,18.7371464,18.647419,0.403365493,0.399766505,0.396869779,5.7070026,5.6795,5.6151285,1005.5146,1004.9922,1004.6047,0.3968605,0.38305178,0.36523446,18.719067266666663,0.064536738,18.67147065
2019-05-03 02:00:00,5.711932,1007.4564,0.40643328,17.2478256,0.402028292,Fani,Phase 2,2,16.6304321,2,3,123,0.4999999999999999,0.8660254037844387,18.1805668,18.7726364,18.7371464,0.403391898,0.403365493,0.399766505,5.7061625,5.7070026,5.6795,1006.5884,1005.5146,1004.9922,0.3995569,0.3968605,0.38305178,18.56344986666667,0.332060938804966,18.58543905
2019-05-03 03:00:00,5.7141533,1008.01025,0.39313367,16.6304321,0.400648564,Fani,Phase 2,2,16.6384716,3,3,123,0.7071067811865475,0.7071067811865476,17.2478256,18.1805668,18.7726364,0.402028292,0.403391898,0.403365493,5.711932,5.7061625,5.7070026,1007.4564,1006.5884,1005.5146,0.40643328,0.3995569,0.3968605,18.0670096,0.7687219407581821,18.357563016666663
2019-05-03 04:00:00,5.6910076,1008.42444,0.4024324,16.6384716,0.398406982,Fani,Phase 2,2,16.8721199,4,3,123,0.8660254037844386,0.5000000000000001,16.6304321,17.2478256,18.1805668,0.400648564,0.402028292,0.403391898,5.7141533,5.711932,5.7061625,1008.01025,1007.4564,1006.5884,0.39313367,0.40643328,0.3995569,17.3529415,0.7803950354535977,18.03600438333333
2019-05-03 05:00:00,5.604693,1008.3968,0.42680132,16.8721199,0.395538777,Fani,Phase 2,2,17.7088203,5,3,123,0.9659258262890684,0.2588190451025207,16.6384716,16.6304321,17.2478256,0.398406982,0.400648564,0.402028292,5.6910076,5.7141533,5.711932,1008.42444,1008.01025,1007.4564,0.4024324,0.39313367,0.40643328,16.838909766666664,0.3541543130516387,17.701179816666667
2019-05-03 06:00:00,5.504162,1007.8965,0.45957398,17.7088203,0.426572114,Fani,Phase 2,2,17.7931557,6,3,123,1.0,6.123233995736766e-17,16.8721199,16.6384716,16.6304321,0.395538777,0.398406982,0.400648564,5.604693,5.6910076,5.7141533,1008.3968,1008.42444,1008.01025,0.42680132,0.4024324,0.39313367,16.713674533333332,0.137276578678444,17.390342066666665
2019-05-03 07:00:00,5.413711,1007.1426,0.4585596,17.7931557,0.423281699,Fani,Phase 2,2,17.7461338,7,3,123,0.9659258262890684,-0.258819045,17.7088203,16.8721199,16.6384716,0.426572114,0.395538777,0.398406982,5.504162,5.604693,5.6910076,1007.8965,1008.3968,1008.42444,0.45957398,0.42680132,0.4024324,17.073137266666667,0.5627766618953897,17.213039383333335
2019-05-03 08:00:00,5.3472223,1006.2835,0.4848833,17.7461338,0.419117421,Fani,Phase 2,2,18.0863571,8,3,123,0.8660254037844387,-0.5,17.7931557,17.7088203,16.8721199,0.423281699,0.426572114,0.395538777,5.413711,5.504162,5.604693,1007.1426,1007.8965,1008.3968,0.4585596,0.45957398,0.42680132,17.458031966666667,0.509163851,17.148470866666667
2019-05-03 09:00:00,5.299742,1005.5465,0.47823003,18.0863571,0.448505521,Fani,Phase 2,2,18.1870422,9,3,123,0.7071067811865476,-0.707106781,17.7461338,17.7931557,17.7088203,0.419117421,0.423281699,0.426572114,5.3472223,5.413711,5.504162,1006.2835,1007.1426,1007.8965,0.4848833,0.4585596,0.45957398,17.74936993333333,0.0422607305012349,17.231522233333333
2019-05-03 10:00:00,5.1614532,1005.1101,0.4649093,18.1870422,0.445190579,Fani,Phase 2,2,18.4474182,10,3,123,0.4999999999999999,-0.866025404,18.0863571,17.7461338,17.7931557,0.448505521,0.419117421,0.423281699,5.299742,5.3472223,5.413711,1005.5465,1006.2835,1007.1426,0.47823003,0.4848833,0.4585596,17.875215533333332,0.1843592570248037,17.4741764
2019-05-03 11:00:00,5.1201334,1005.40344,0.44121626,18.4474182,0.4407534,Fani,Phase 2,2,18.6601048,11,3,123,0.258819045,-0.965925826,18.1870422,18.0863571,17.7461338,0.445190579,0.448505521,0.419117421,5.1614532,5.299742,5.3472223,1005.1101,1005.5465,1006.2835,0.4649093,0.47823003,0.4848833,18.006511033333336,0.2310445845918847,17.7322715
2019-05-03 12:00:00,5.104301,1005.6843,0.3919518,18.6601048,0.438675016,Fani,Phase 2,2,19.0102882,12,3,123,1.2246467991473532e-16,-1.0,18.4474182,18.1870422,18.0863571,0.4407534,0.445190579,0.448505521,5.1201334,5.1614532,5.299742,1005.40344,1005.1101,1005.5465,0.44121626,0.4649093,0.47823003,18.240272500000003,0.1863233160714496,17.99482121666667
2019-05-03 13:00:00,5.1308618,1006.3243,0.3695059,19.0102882,0.43449226,Fani,Phase 2,2,19.3664112,13,3,123,-0.258819045,-0.965925826,18.6601048,18.4474182,18.1870422,0.438675016,0.4407534,0.445190579,5.104301,5.1201334,5.1614532,1005.6843,1005.40344,1005.1101,0.3919518,0.44121626,0.4649093,18.431521733333337,0.2369315916441762,18.153368633333333
2019-05-03 14:00:00,5.143412,1007.1983,0.37120286,19.3664112,0.428421766,Fani,Phase 2,2,19.6727123,14,3,123,-0.5,-0.866025404,19.0102882,18.6601048,18.4474182,0.43449226,0.438675016,0.4407534,5.1308618,5.104301,5.1201334,1006.3243,1005.6843,1005.40344,0.3695059,0.3919518,0.44121626,18.705937066666667,0.2842201729748254,18.35622405
2019-05-03 15:00:00,5.144111,1007.9631,0.38179764,19.6727123,0.425786763,Fani,Phase 2,2,20.1502666,15,3,123,-0.707106781,-0.707106781,19.3664112,19.0102882,18.6601048,0.428421766,0.43449226,0.438675016,5.143412,5.1308618,5.104301,1007.1983,1006.3243,1005.6843,0.37120286,0.3695059,0.3919518,19.012268066666667,0.3531573623389963,18.626270283333334
2019-05-03 16:00:00,5.1365232,1008.4634,0.37833437,20.1502666,0.423270583,Fani,Phase 2,2,20.7378464,16,3,123,-0.866025404,-0.5,19.6727123,19.3664112,19.0102882,0.425786763,0.428421766,0.43449226,5.144111,5.143412,5.1308618,1007.9631,1007.1983,1006.3243,0.38179764,0.37120286,0.3695059,19.3498039,0.3315241678598244,18.890662816666666
2019-05-03 17:00:00,5.126141,1008.4171,0.37490857,20.7378464,0.421032488,Fani,Phase 2,2,21.2057457,17,3,123,-0.965925826,-0.258819045,20.1502666,19.6727123,19.3664112,0.423270583,0.425786763,0.428421766,5.1365232,5.144111,5.143412,1008.4634,1007.9631,1007.1983,0.37833437,0.38179764,0.37120286,19.7297967,0.3950332815976179,19.217866883333333
2019-05-03 18:00:00,5.1256695,1008.00024,0.3918178,21.2057457,0.420108765,Fani,Phase 2,2,21.3921356,18,3,123,-1.0,-1.84e-16,20.7378464,20.1502666,19.6727123,0.421032488,0.423270583,0.425786763,5.126141,5.1365232,5.144111,1008.4171,1008.4634,1007.9631,0.37490857,0.37833437,0.38179764,20.186941766666667,0.5335133209519618,19.599604916666667
2019-05-03 19:00:00,5.131264,1007.409,0.40142888,21.3921356,0.417267174,Fani,Phase 2,2,21.4912815,19,3,123,-0.965925826,0.2588190451025203,21.2057457,20.7378464,20.1502666,0.420108765,0.421032488,0.423270583,5.1256695,5.126141,5.1365232,1008.00024,1008.4171,1008.4634,0.3918178,0.37490857,0.37833437,20.6979529,0.5288692193168865,20.0238784
2019-05-03 20:00:00,5.123647,1006.82104,0.41398317,21.4912815,0.414454341,Fani,Phase 2,2,21.6312332,20,3,123,-0.866025404,0.5000000000000001,21.3921356,21.2057457,20.7378464,0.417267174,0.420108765,0.421032488,5.131264,5.1256695,5.126141,1007.409,1008.00024,1008.4171,0.40142888,0.3918178,0.37490857,21.111909233333336,0.3370868599730318,20.42085296666667
2019-05-03 21:00:00,5.087598,1006.3412,0.43699896,21.6312332,0.413725555,Fani,Phase 2,2,21.6883869,21,3,123,-0.707106781,0.7071067811865474,21.4912815,21.3921356,21.2057457,0.414454341,0.417267174,0.420108765,5.123647,5.131264,5.1256695,1006.82104,1007.409,1008.00024,0.41398317,0.40142888,0.3918178,21.363054266666666,0.1449722947038264,20.774998016666668
2019-05-03 22:00:00,4.936858,1006.4674,0.46142906,21.6883869,0.411348969,Fani,Phase 2,2,21.666111,22,3,123,-0.5,0.8660254037844384,21.6312332,21.4912815,21.3921356,0.413725555,0.414454341,0.417267174,5.087598,5.123647,5.131264,1006.3412,1006.82104,1007.409,0.43699896,0.41398317,0.40142888,21.504883433333333,0.1201277446062768,21.101418166666665
2019-05-03 23:00:00,4.9196715,1006.74243,0.43773958,21.666111,0.40755561,Fani,Phase 2,2,21.5222225,23,3,123,-0.258819045,0.965925826289068,21.6883869,21.6312332,21.4912815,0.411348969,0.413725555,0.414454341,4.936858,5.087598,5.123647,1006.4674,1006.3412,1006.82104,0.46142906,0.43699896,0.41398317,21.603633866666662,0.1014096991296615,21.35777155
2019-05-04 00:00:00,4.9236584,1007.17554,0.41097635,21.5222225,0.404753059,Fani,Phase 2,2,21.0633144,0,4,124,0.0,1.0,21.666111,21.6883869,21.6312332,0.40755561,0.411348969,0.413725555,4.9196715,4.936858,5.087598,1006.74243,1006.4674,1006.3412,0.43773958,0.46142906,0.43699896,21.661910366666664,0.02880747,21.512482316666667
2019-05-04 01:00:00,4.90481,1007.8555,0.4349502,21.0633144,0.400239617,Fani,Phase 2,2,20.3682652,1,4,124,0.2588190451025207,0.9659258262890684,21.5222225,21.666111,21.6883869,0.404753059,0.40755561,0.411348969,4.9236584,4.9196715,4.936858,1007.17554,1006.74243,1006.4674,0.41097635,0.43773958,0.46142906,21.62557346666667,0.090194904,21.565228450000003
2019-05-04 02:00:00,4.896786,1008.7185,0.42348793,20.3682652,0.394624442,Fani,Phase 2,2,20.4573135,2,4,124,0.4999999999999999,0.8660254037844387,21.0633144,21.5222225,21.666111,0.400239617,0.404753059,0.40755561,4.90481,4.9236584,4.9196715,1007.8555,1007.17554,1006.74243,0.4349502,0.41097635,0.43773958,21.41721596666667,0.3148185418218833,21.510424916666665
2019-05-04 03:00:00,4.943182,1009.1672,0.37922764,20.4573135,0.433370233,Fani,Phase 2,2,20.3719845,3,4,124,0.7071067811865475,0.7071067811865476,20.3682652,21.0633144,21.5222225,0.394624442,0.400239617,0.404753059,4.896786,4.90481,4.9236584,1008.7185,1007.8555,1007.17554,0.42348793,0.4349502,0.41097635,20.9846007,0.5809916070663698,21.32325553333333
2019-05-04 04:00:00,4.989503,1009.54065,0.35373476,20.3719845,0.425504446,Fani,Phase 2,2,20.7740288,4,4,124,0.8660254037844386,0.5000000000000001,20.4573135,20.3682652,21.0633144,0.433370233,0.394624442,0.400239617,4.943182,4.896786,4.90481,1009.1672,1008.7185,1007.8555,0.37922764,0.42348793,0.4349502,20.629631033333336,0.378210717,21.12760225
2019-05-04 05:00:00,4.984976,1009.5997,0.32436252,20.7740288,0.418195754,Fani,Phase 2,2,21.3961277,5,4,124,0.9659258262890684,0.2588190451025207,20.3719845,20.4573135,20.3682652,0.425504446,0.433370233,0.394624442,4.989503,4.943182,4.896786,1009.54065,1009.1672,1008.7185,0.35373476,0.37922764,0.42348793,20.39918773333333,0.050372729,20.90820185
2019-05-04 06:00:00,4.982161,1009.3488,0.318772,21.3961277,0.424296588,Fani,Phase 2,2,21.7855587,6,4,124,1.0,6.123233995736766e-17,20.7740288,20.3719845,20.4573135,0.418195754,0.425504446,0.433370233,4.984976,4.989503,4.943182,1009.5997,1009.54065,1009.1672,0.32436252,0.35373476,0.37922764,20.53444226666667,0.2118290343089377,20.759521483333334
2019-05-04 07:00:00,4.9770436,1008.8042,0.21959338,21.7855587,0.417699605,Fani,Phase 2,2,21.8892784,7,4,124,0.9659258262890684,-0.258819045,21.3961277,20.7740288,20.3719845,0.424296588,0.418195754,0.425504446,4.982161,4.984976,4.989503,1009.3488,1009.5997,1009.54065,0.318772,0.32436252,0.35373476,20.847380333333334,0.5159967626916876,20.738505683333333
2019-05-04 08:00:00,4.9645658,1008.10876,0.22205597,21.8892784,0.410834134,Fani,Phase 2,2,22.1331615,8,4,124,0.8660254037844387,-0.5,21.7855587,21.3961277,20.7740288,0.417699605,0.424296588,0.418195754,4.9770436,4.982161,4.984976,1008.8042,1009.3488,1009.5997,0.21959338,0.318772,0.32436252,21.31857173333333,0.5102052338252286,20.858879733333332
2019-05-04 09:00:00,4.9434795,1007.49805,0.22990789,22.1331615,0.408181489,Fani,Phase 2,2,22.4465179,9,4,124,0.7071067811865476,-0.707106781,21.8892784,21.7855587,21.3961277,0.410834134,0.417699605,0.424296588,4.9645658,4.9770436,4.982161,1008.10876,1008.8042,1009.3488,0.22205597,0.21959338,0.318772,21.6903216,0.2600038117794907,21.11238193333333
2019-05-04 10:00:00,4.566347,1007.0412,0.2254196,22.4465179,0.401995927,Fani,Phase 2,2,23.0236797,10,4,124,0.4999999999999999,-0.866025404,22.1331615,21.8892784,21.7855587,0.408181489,0.410834134,0.417699605,4.9434795,4.9645658,4.9770436,1007.49805,1008.10876,1008.8042,0.22990789,0.22205597,0.21959338,21.93599953333333,0.1784490820005729,21.391689933333332
2019-05-04 11:00:00,4.439986,1007.1994,0.18866663,23.0236797,0.395181119,Fani,Phase 2,2,23.7738972,11,4,124,0.258819045,-0.965925826,22.4465179,22.1331615,21.8892784,0.401995927,0.408181489,0.410834134,4.566347,4.9434795,4.9645658,1007.0412,1007.49805,1008.10876,0.2254196,0.22990789,0.22205597,22.156319266666667,0.2793406105594337,21.737445500000003
2019-05-04 12:00:00,4.340929,1007.4381,0.15967548,23.7738972,0.389433652,Fani,Phase 2,2,24.5594177,12,4,124,1.2246467991473532e-16,-1.0,23.0236797,22.4465179,22.1331615,0.395181119,0.401995927,0.408181489,4.439986,4.566347,4.9434795,1007.1994,1007.0412,1007.49805,0.18866663,0.2254196,0.22990789,22.53445303333333,0.4517245918571054,22.112387316666663
2019-05-04 13:00:00,4.2627864,1008.2239,0.1468792,24.5594177,0.381849706,Fani,Phase 2,2,25.2669449,13,4,124,-0.258819045,-0.965925826,23.7738972,23.0236797,22.4465179,0.389433652,0.395181119,0.401995927,4.340929,4.439986,4.566347,1007.4381,1007.1994,1007.0412,0.15967548,0.18866663,0.2254196,23.081364933333333,0.6655671574871551,22.50868223333333
2019-05-04 14:00:00,4.244988,1009.1256,0.13620842,25.2669449,0.373540908,Fani,Phase 2,2,25.8349743,14,4,124,-0.5,-0.866025404,24.5594177,23.7738972,23.0236797,0.381849706,0.389433652,0.395181119,4.2627864,4.340929,4.439986,1008.2239,1007.4381,1007.1994,0.1468792,0.15967548,0.18866663,23.785664866666668,0.7679366247581335,22.970992066666668
2019-05-04 15:00:00,4.235644,1009.9313,0.1272435,25.8349743,0.367223412,Fani,Phase 2,2,26.3032513,15,4,124,-0.707106781,-0.707106781,25.2669449,24.5594177,23.7738972,0.373540908,0.381849706,0.389433652,4.244988,4.2627864,4.340929,1009.1256,1008.2239,1007.4381,0.13620842,0.1468792,0.15967548,24.53341993333333,0.7468632883750197,23.53393648333333
2019-05-04 16:00:00,4.239409,1010.27924,0.11861364,26.3032513,0.361785054,Fani,Phase 2,2,26.7978439,16,4,124,-0.866025404,-0.5,25.8349743,25.2669449,24.5594177,0.367223412,0.373540908,0.381849706,4.235644,4.244988,4.2627864,1009.9313,1009.1256,1008.2239,0.1272435,0.13620842,0.1468792,25.220445633333338,0.6390483520838153,24.150905283333334
2019-05-04 17:00:00,4.298907,1010.33826,0.12012478,26.7978439,0.357386947,Fani,Phase 2,2,27.20965,17,4,124,-0.965925826,-0.258819045,26.3032513,25.8349743,25.2669449,0.361785054,0.367223412,0.373540908,4.239409,4.235644,4.244988,1010.27924,1009.9313,1009.1256,0.11861364,0.1272435,0.13620842,25.8017235,0.5189527439424855,24.793694183333333
2019-05-04 18:00:00,4.3895125,1010.1127,0.11143096,27.20965,0.353782505,Fani,Phase 2,2,27.4403019,18,4,124,-1.0,-1.84e-16,26.7978439,26.3032513,25.8349743,0.357386947,0.361785054,0.367223412,4.298907,4.239409,4.235644,1010.33826,1010.27924,1009.9313,0.12012478,0.11861364,0.1272435,26.312023166666663,0.4814947308998711,25.42272155
2019-05-04 19:00:00,4.4699564,1009.573,0.07838313,27.4403019,0.350136101,Fani,Phase 2,2,27.7130222,19,4,124,-0.965925826,0.2588190451025203,27.20965,26.7978439,26.3032513,0.353782505,0.357386947,0.361785054,4.3895125,4.298907,4.239409,1010.1127,1010.33826,1010.27924,0.11143096,0.12012478,0.11861364,26.7702484,0.4538290256861841,25.99534701666667
2019-05-04 20:00:00,4.5183992,1009.0361,0.09557688,27.7130222,0.346301168,Fani,Phase 2,2,27.9763069,20,4,124,-0.866025404,0.5000000000000001,27.4403019,27.20965,26.7978439,0.350136101,0.353782505,0.357386947,4.4699564,4.3895125,4.298907,1009.573,1010.1127,1010.33826,0.07838313,0.11143096,0.12012478,27.149265266666664,0.3254578428236809,26.47549438333333
2019-05-04 21:00:00,4.5270057,1008.5396,0.10867772,27.9763069,0.342592746,Fani,Phase 2,2,28.2052078,21,4,124,-0.707106781,0.7071067811865474,27.7130222,27.4403019,27.20965,0.346301168,0.350136101,0.353782505,4.5183992,4.4699564,4.3895125,1009.0361,1009.573,1010.1127,0.09557688,0.07838313,0.11143096,27.4543247,0.2519789120595494,26.88317393333333
2019-05-04 22:00:00,4.325591,1008.65173,0.11071918,28.2052078,0.339281499,Fani,Phase 2,2,28.4716206,22,4,124,-0.5,0.8660254037844384,27.9763069,27.7130222,27.4403019,0.342592746,0.346301168,0.350136101,4.5270057,4.5183992,4.4699564,1008.5396,1009.0361,1009.573,0.10867772,0.09557688,0.07838313,27.709877,0.2680163413266807,27.2400627
2019-05-04 23:00:00,4.288182,1008.8299,0.11276833,28.4716206,0.336487174,Fani,Phase 2,2,28.9268093,23,4,124,-0.258819045,0.965925826289068,28.2052078,27.9763069,27.7130222,0.339281499,0.342592746,0.346301168,4.325591,4.5270057,4.5183992,1008.65173,1008.5396,1009.0361,0.11071918,0.10867772,0.09557688,27.964845633333336,0.2462928880147342,27.557055450000004
2019-05-05 00:00:00,4.3164515,1009.27905,0.114018485,28.9268093,0.334156513,Fani,Phase 2,2,29.1102047,0,5,125,0.0,1.0,28.4716206,28.2052078,27.9763069,0.336487174,0.339281499,0.342592746,4.288182,4.325591,4.5270057,1008.8299,1008.65173,1008.5396,0.11276833,0.11071918,0.10867772,28.217711766666667,0.2478934796203862,27.83601823333333
2019-05-05 01:00:00,4.3126283,1009.94885,0.12002478,29.1102047,0.331099033,Fani,Phase 2,2,27.3030739,1,5,125,0.2588190451025207,0.9659258262890684,28.9268093,28.4716206,28.2052078,0.334156513,0.336487174,0.339281499,4.3164515,4.288182,4.325591,1009.27905,1008.8299,1008.65173,0.114018485,0.11276833,0.11071918,28.5345459,0.3648929654504039,28.12221145
2019-05-05 02:00:00,4.3387003,1010.56696,0.09733215,27.3030739,0.328571975,Fani,Phase 2,2,23.4203987,2,5,125,0.4999999999999999,0.8660254037844387,29.1102047,28.9268093,28.4716206,0.331099033,0.334156513,0.336487174,4.3126283,4.3164515,4.288182,1009.94885,1009.27905,1008.8299,0.12002478,0.114018485,0.11276833,28.836211533333337,0.3287907840656225,28.400528583333337
2019-05-05 03:00:00,4.4113655,1010.97064,0.07401792,23.4203987,0.326850504,Fani,Phase 2,2,22.5689774,3,5,125,0.7071067811865475,0.7071067811865476,27.3030739,29.1102047,28.9268093,0.328571975,0.331099033,0.334156513,4.3387003,4.3126283,4.3164515,1010.56696,1009.94885,1009.27905,0.09733215,0.12002478,0.114018485,28.446695966666667,0.9946416649779242,28.332203866666664
2019-05-05 04:00:00,4.4395943,1010.9854,0.067917645,22.5689774,0.325832605,Fani,Phase 2,2,22.376442,4,5,125,0.8660254037844386,0.5000000000000001,23.4203987,27.3030739,29.1102047,0.326850504,0.328571975,0.331099033,4.4113655,4.3387003,4.3126283,1010.97064,1010.56696,1009.94885,0.07401792,0.09733215,0.12002478,26.611225766666667,2.9073120677193014,27.57288583333333
2019-05-05 05:00:00,4.488039,1010.77954,0.064602494,22.376442,0.325593114,Fani,Phase 2,2,23.8420792,5,5,125,0.9659258262890684,0.2588190451025207,22.5689774,23.4203987,27.3030739,0.325832605,0.326850504,0.328571975,4.4395943,4.4113655,4.3387003,1010.9854,1010.97064,1010.56696,0.067917645,0.07401792,0.09733215,24.43081666666667,2.523613632937882,26.6335141
2019-05-05 06:00:00,4.559284,1010.22675,0.06629844,23.8420792,0.375255466,Fani,Phase 3,3,23.7111053,6,5,125,1.0,6.123233995736766e-17,22.376442,22.5689774,23.4203987,0.325593114,0.325832605,0.326850504,4.488039,4.4395943,4.4113655,1010.77954,1010.9854,1010.97064,0.064602494,0.067917645,0.07401792,22.788606033333338,0.5555528330442283,25.617651
2019-05-05 07:00:00,4.614327,1009.4503,0.03599421,23.7111053,0.373720676,Fani,Phase 3,3,23.3794193,7,5,125,0.9659258262890684,-0.258819045,23.8420792,22.376442,22.5689774,0.375255466,0.325593114,0.325832605,4.559284,4.488039,4.4395943,1010.22675,1010.77954,1010.9854,0.06629844,0.064602494,0.067917645,22.9291662,0.7964452769901263,24.77019598333333
2019-05-05 08:00:00,4.635262,1008.6665,0.049194023,23.3794193,0.37258786,Fani,Phase 3,3,24.5851059,8,5,125,0.8660254037844387,-0.5,23.7111053,23.8420792,22.376442,0.373720676,0.375255466,0.325593114,4.614327,4.559284,4.488039,1009.4503,1010.22675,1010.77954,0.03599421,0.06629844,0.064602494,23.309875500000004,0.8110253478232438,23.87034608333333
2019-05-05 09:00:00,4.5929084,1008.01874,0.059981756,24.5851059,0.410408229,Fani,Phase 3,3,25.2249241,9,5,125,0.7071067811865476,-0.707106781,23.3794193,23.7111053,23.8420792,0.37258786,0.373720676,0.375255466,4.635262,4.614327,4.559284,1008.6665,1009.4503,1010.22675,0.049194023,0.03599421,0.06629844,23.644201266666663,0.2384756969253126,23.21640365
2019-05-05 10:00:00,4.492315,1007.372,0.06619909,25.2249241,0.408309996,Fani,Phase 3,3,25.8470936,10,5,125,0.4999999999999999,-0.866025404,24.5851059,23.3794193,23.7111053,0.410408229,0.37258786,0.373720676,4.5929084,4.635262,4.614327,1008.01874,1008.6665,1009.4503,0.059981756,0.049194023,0.03599421,23.89187683333333,0.6228393089733927,23.410521516666662
2019-05-05 11:00:00,4.334616,1007.479,0.06014617,25.8470936,0.404091746,Fani,Phase 3,3,26.8372669,11,5,125,0.258819045,-0.965925826,25.2249241,24.5851059,23.3794193,0.408309996,0.410408229,0.37258786,4.492315,4.5929084,4.635262,1007.372,1008.01874,1008.6665,0.06619909,0.059981756,0.049194023,24.3964831,0.937099734,23.8531793
2019-05-05 12:00:00,4.120979,1007.6551,0.068260655,26.8372669,0.401135981,Fani,Phase 3,3,27.8570862,12,5,125,1.2246467991473532e-16,-1.0,25.8470936,25.2249241,24.5851059,0.404091746,0.408309996,0.410408229,4.334616,4.492315,4.5929084,1007.479,1007.372,1008.01874,0.06014617,0.06619909,0.059981756,25.219041200000003,0.6310144175229889,24.43162123333333
2019-05-05 13:00:00,4.066882,1008.22797,0.085936345,27.8570862,0.397449553,Fani,Phase 3,3,28.6363888,13,5,125,-0.258819045,-0.965925826,26.8372669,25.8470936,25.2249241,0.401135981,0.404091746,0.408309996,4.120979,4.334616,4.492315,1007.6551,1007.479,1007.372,0.068260655,0.06014617,0.06619909,25.969761533333337,0.8131407581586817,24.93081918333333
2019-05-05 14:00:00,4.1013207,1009.0296,0.07694011,28.6363888,0.393585831,Fani,Phase 3,3,29.3227272,14,5,125,-0.5,-0.866025404,27.8570862,26.8372669,25.8470936,0.397449553,0.401135981,0.404091746,4.066882,4.120979,4.334616,1008.22797,1007.6551,1007.479,0.085936345,0.068260655,0.06014617,26.847148900000004,1.0050327375047874,25.621816
2019-05-05 15:00:00,4.168191,1009.54474,0.07512933,29.3227272,0.39167726,Fani,Phase 3,3,29.6986103,15,5,125,-0.707106781,-0.707106781,28.6363888,27.8570862,26.8372669,0.393585831,0.397449553,0.401135981,4.1013207,4.066882,4.120979,1009.0296,1008.22797,1007.6551,0.07694011,0.085936345,0.068260655,27.776913966666665,0.9022364396391782,26.49797758333333
2019-05-05 16:00:00,4.2457323,1009.9729,0.05842029,29.6986103,0.390440136,Fani,Phase 3,3,30.0129166,16,5,125,-0.866025404,-0.5,29.3227272,28.6363888,27.8570862,0.39167726,0.393585831,0.397449553,4.168191,4.1013207,4.066882,1009.54474,1009.0296,1008.22797,0.07512933,0.07694011,0.085936345,28.60540073333333,0.7333117211845562,27.287581133333333
2019-05-05 17:00:00,4.349464,1009.95544,0.05539096,30.0129166,0.388888747,Fani,Phase 3,3,30.296793,17,5,125,-0.965925826,-0.258819045,29.6986103,29.3227272,28.6363888,0.390440136,0.39167726,0.393585831,4.2457323,4.168191,4.1013207,1009.9729,1009.54474,1009.0296,0.05842029,0.07512933,0.07694011,29.2192421,0.538619071,28.033195499999994
2019-05-05 18:00:00,4.4614677,1009.6788,0.050721016,30.296793,0.387641728,Fani,Phase 3,3,30.4756069,18,5,125,-1.0,-1.84e-16,30.0129166,29.6986103,29.3227272,0.388888747,0.390440136,0.39167726,4.349464,4.2457323,4.168191,1009.95544,1009.9729,1009.54474,0.05539096,0.05842029,0.07512933,29.6780847,0.3455522061269026,28.72749933333333
2019-05-05 19:00:00,4.548559,1009.11597,0.04150643,30.4756069,0.385604471,Fani,Phase 3,3,30.6991692,19,5,125,-0.965925826,0.2588190451025203,30.296793,30.0129166,29.6986103,0.387641728,0.388888747,0.390440136,4.4614677,4.349464,4.2457323,1009.6788,1009.95544,1009.9729,0.050721016,0.05539096,0.05842029,30.0027733,0.2992203210771905,29.304087016666667
2019-05-05 20:00:00,4.6209426,1008.4652,0.04858336,30.6991692,0.382567018,Fani,Phase 3,3,30.7940464,20,5,125,-0.866025404,0.5000000000000001,30.4756069,30.296793,30.0129166,0.385604471,0.387641728,0.388888747,4.548559,4.4614677,4.349464,1009.11597,1009.6788,1009.95544,0.04150643,0.050721016,0.05539096,30.261772166666663,0.2333247147294532,29.74050713333333
2019-05-05 21:00:00,4.63747,1008.03357,0.051681362,30.7940464,0.378334939,Fani,Phase 3,3,30.7179928,21,5,125,-0.707106781,0.7071067811865474,30.6991692,30.4756069,30.296793,0.382567018,0.385604471,0.387641728,4.6209426,4.548559,4.4614677,1008.4652,1009.11597,1009.6788,0.04858336,0.04150643,0.050721016,30.490523033333336,0.2016023805820599,30.08430386666667
2019-05-05 22:00:00,4.400072,1007.94305,0.047221616,30.7179928,0.372759402,Fani,Phase 3,3,30.66646,22,5,125,-0.5,0.8660254037844384,30.7940464,30.6991692,30.4756069,0.378334939,0.382567018,0.385604471,4.63747,4.6209426,4.548559,1008.03357,1008.4652,1009.11597,0.051681362,0.04858336,0.04150643,30.656274166666662,0.1634959225885736,30.32952373333333
2019-05-05 23:00:00,4.367812,1008.016,0.04575431,30.66646,0.367111504,Fani,Phase 3,3,30.9272003,23,5,125,-0.258819045,0.965925826289068,30.7179928,30.7940464,30.6991692,0.372759402,0.378334939,0.382567018,4.400072,4.63747,4.6209426,1007.94305,1008.03357,1008.4652,0.047221616,0.051681362,0.04858336,30.737069466666668,0.050233059,30.49942081666667
2019-05-06 00:00:00,4.3690124,1008.307,0.03965997,30.9272003,0.361550391,Fani,Phase 3,3,31.0136509,0,6,126,0.0,1.0,30.66646,30.7179928,30.7940464,0.367111504,0.372759402,0.378334939,4.367812,4.400072,4.63747,1008.016,1007.94305,1008.03357,0.04575431,0.047221616,0.051681362,30.7261664,0.064184719,30.608344716666668
2019-05-06 01:00:00,4.43186,1008.81366,0.033838663,31.0136509,0.354442239,Fani,Phase 3,3,29.6198788,1,6,126,0.2588190451025207,0.9659258262890684,30.9272003,30.66646,30.7179928,0.361550391,0.367111504,0.372759402,4.3690124,4.367812,4.400072,1008.307,1008.016,1007.94305,0.03965997,0.04575431,0.047221616,30.770551033333334,0.1380874792618265,30.7134126
2019-05-06 02:00:00,4.4373116,1009.353,0.02645524,29.6198788,0.347362757,Fani,Phase 3,3,26.4425869,2,6,126,0.4999999999999999,0.8660254037844387,31.0136509,30.9272003,30.66646,0.354442239,0.361550391,0.367111504,4.43186,4.3690124,4.367812,1008.81366,1008.307,1008.016,0.033838663,0.03965997,0.04575431,30.869103733333333,0.1807395600140238,30.8030866
2019-05-06 03:00:00,4.459634,1009.7176,0.022481875,26.4425869,0.374998003,Fani,Phase 3,3,25.0702343,3,6,126,0.7071067811865475,0.7071067811865476,29.6198788,31.0136509,30.9272003,0.347362757,0.354442239,0.361550391,4.4373116,4.43186,4.3690124,1009.353,1008.81366,1008.307,0.02645524,0.033838663,0.03965997,30.52024333333333,0.7809357503809334,30.623204866666665
2019-05-06 04:00:00,4.4496593,1009.73517,0.020650618,25.0702343,0.371629089,Fani,Phase 3,3,24.7405148,4,6,126,0.8660254037844386,0.5000000000000001,26.4425869,29.6198788,31.0136509,0.374998003,0.347362757,0.354442239,4.459634,4.4373116,4.43186,1009.7176,1009.353,1008.81366,0.022481875,0.02645524,0.033838663,29.0253722,2.342804963309203,29.897961616666667
2019-05-06 05:00:00,4.41098,1009.4303,0.018898599,24.7405148,0.369713604,Fani,Phase 3,3,23.9597893,5,6,126,0.9659258262890684,0.2588190451025207,25.0702343,26.4425869,29.6198788,0.371629089,0.374998003,0.347362757,4.4496593,4.459634,4.4373116,1009.73517,1009.7176,1009.353,0.020650618,0.022481875,0.02645524,27.04423333333333,2.333730938,28.95666853333333
2019-05-06 06:00:00,4.3804345,1008.7093,0.017941589,23.9597893,0.365303218,Fani,Phase 3,3,23.9397087,6,6,126,1.0,6.123233995736766e-17,24.7405148,25.0702343,26.4425869,0.369713604,0.371629089,0.374998003,4.41098,4.4496593,4.459634,1009.4303,1009.73517,1009.7176,0.018898599,0.020650618,0.022481875,25.417778666666663,0.9026919039741884,27.969010999999995
2019-05-06 07:00:00,4.3606052,1007.89417,0.018088302,23.9397087,0.364440203,Fani,Phase 3,3,23.7888775,7,6,126,0.9659258262890684,-0.258819045,23.9597893,24.7405148,25.0702343,0.365303218,0.369713604,0.371629089,4.3804345,4.41098,4.4496593,1008.7093,1009.4303,1009.73517,0.017941589,0.018898599,0.020650618,24.59017946666667,0.570282876,26.80777583333333
2019-05-06 08:00:00,4.3433886,1007.0642,0.020122435,23.7888775,0.363048077,Fani,Phase 3,3,24.4931278,8,6,126,0.8660254037844387,-0.5,23.9397087,23.9597893,24.7405148,0.364440203,0.365303218,0.369713604,4.3606052,4.3804345,4.41098,1007.89417,1008.7093,1009.4303,0.018088302,0.017941589,0.018898599,24.2133376,0.4566592359447511,25.628785466666667
2019-05-06 09:00:00,4.313148,1006.3588,0.025321025,24.4931278,0.371981174,Fani,Phase 3,3,25.042017,9,6,126,0.7071067811865476,-0.707106781,23.7888775,23.9397087,23.9597893,0.363048077,0.364440203,0.365303218,4.3433886,4.3606052,4.3804345,1007.0642,1007.89417,1008.7093,0.020122435,0.018088302,0.017941589,23.896125166666668,0.093420309,24.656951916666667
2019-05-06 10:00:00,4.1261997,1005.68335,0.025744757,25.042017,0.368907422,Fani,Phase 3,3,26.0154285,10,6,126,0.4999999999999999,-0.866025404,24.4931278,23.7888775,23.9397087,0.371981174,0.363048077,0.364440203,4.313148,4.3433886,4.3606052,1006.3588,1007.0642,1007.89417,0.025321025,0.020122435,0.018088302,24.073904666666667,0.3708079548289117,24.332042066666663
2019-05-06 11:00:00,3.9508457,1005.4942,0.02369292,26.0154285,0.365303159,Fani,Phase 3,3,27.3026848,11,6,126,0.258819045,-0.965925826,25.042017,24.4931278,23.7888775,0.368907422,0.371981174,0.363048077,4.1261997,4.313148,4.3433886,1005.68335,1006.3588,1007.0642,0.025744757,0.025321025,0.020122435,24.441340766666663,0.6281728060261978,24.327339183333333
2019-05-06 12:00:00,3.832941,1005.5704,0.023848068,27.3026848,0.361645043,Fani,Phase 3,3,28.2857208,12,6,126,1.2246467991473532e-16,-1.0,26.0154285,25.042017,24.4931278,0.365303159,0.368907422,0.371981174,3.9508457,4.1261997,4.313148,1005.4942,1005.68335,1006.3588,0.02369292,0.025744757,0.025321025,25.18352443333333,0.7709527356272868,24.5398248
2019-05-06 13:00:00,3.879034,1006.0786,0.021976216,28.2857208,0.357703447,Fani,Phase 3,3,29.3846245,13,6,126,-0.258819045,-0.965925826,27.3026848,26.0154285,25.042017,0.361645043,0.365303159,0.368907422,3.832941,3.9508457,4.1261997,1005.5704,1005.4942,1005.68335,0.023848068,0.02369292,0.025744757,26.120043433333336,1.1339589669366616,25.09697405
2019-05-06 14:00:00,4.008995,1006.7024,0.021424029,29.3846245,0.354293436,Fani,Phase 3,3,30.3388729,14,6,126,-0.5,-0.866025404,28.2857208,27.3026848,26.0154285,0.357703447,0.361645043,0.365303159,3.879034,3.832941,3.9508457,1006.0786,1005.5704,1005.4942,0.021976216,0.023848068,0.02369292,27.20127803333333,1.1385382211870283,25.8213094
2019-05-06 15:00:00,4.139071,1007.3013,0.023683932,30.3388729,0.352441341,Fani,Phase 3,3,30.9275856,15,6,126,-0.707106781,-0.707106781,29.3846245,28.2857208,27.3026848,0.354293436,0.357703447,0.361645043,4.008995,3.879034,3.832941,1006.7024,1006.0786,1005.5704,0.021424029,0.021976216,0.023848068,28.324343366666668,1.0415070837975522,26.753933900000003
2019-05-06 16:00:00,4.25499,1007.7654,0.023485968,30.9275856,0.352104306,Fani,Phase 3,3,31.3184929,16,6,126,-0.866025404,-0.5,30.3388729,29.3846245,28.2857208,0.352441341,0.354293436,0.357703447,4.139071,4.008995,3.879034,1007.3013,1006.7024,1006.0786,0.023683932,0.021424029,0.021976216,29.336406066666665,1.027425009145643,27.72822475
2019-05-06 17:00:00,4.3920507,1007.7757,0.029372983,31.3184929,0.352754653,Fani,Phase 3,3,31.4044571,17,6,126,-0.965925826,-0.258819045,30.9275856,30.3388729,29.3846245,0.352104306,0.352441341,0.354293436,4.25499,4.139071,4.008995,1007.7654,1007.3013,1006.7024,0.023485968,0.023683932,0.021424029,30.217027666666667,0.7786635568024797,28.70915285
2019-05-06 18:00:00,4.523812,1007.4602,0.029649911,31.4044571,0.353866279,Fani,Phase 3,3,31.295105,18,6,126,-1.0,-1.84e-16,31.3184929,30.9275856,30.3388729,0.352754653,0.352104306,0.352441341,4.3920507,4.25499,4.139071,1007.7757,1007.7654,1007.3013,0.029372983,0.023485968,0.023683932,30.861650466666664,0.4931271818255224,29.592996916666667
2019-05-06 19:00:00,4.655393,1006.9509,0.027355623,31.295105,0.354584277,Fani,Phase 3,3,31.2612419,19,6,126,-0.965925826,0.2588190451025203,31.4044571,31.3184929,30.9275856,0.353866279,0.352754653,0.352104306,4.523812,4.3920507,4.25499,1007.4602,1007.7757,1007.7654,0.029649911,0.029372983,0.023485968,31.2168452,0.2541668705081977,30.27662563333333
2019-05-06 20:00:00,4.7336345,1006.49194,0.02967271,31.2612419,0.354938328,Fani,Phase 3,3,31.3755455,20,6,126,-0.866025404,0.5000000000000001,31.295105,31.4044571,31.3184929,0.354584277,0.353866279,0.352754653,4.655393,4.523812,4.3920507,1006.9509,1007.4602,1007.7757,0.027355623,0.029649911,0.029372983,31.33935166666667,0.057582867,30.778189666666663
2019-05-06 21:00:00,4.765688,1006.13245,0.03508011,31.3755455,0.354269058,Fani,Phase 3,3,31.6760445,21,6,126,-0.707106781,0.7071067811865474,31.2612419,31.295105,31.4044571,0.354938328,0.354584277,0.353866279,4.7336345,4.655393,4.523812,1006.49194,1006.9509,1007.4602,0.02967271,0.027355623,0.029649911,31.320268,0.074850055,31.090959233333333
2019-05-06 22:00:00,4.800673,1005.7952,0.03934727,31.6760445,0.352668107,Fani,Phase 3,3,32.0360107,22,6,126,-0.5,0.8660254037844384,31.3755455,31.2612419,31.295105,0.354269058,0.354938328,0.354584277,4.765688,4.7336345,4.655393,1006.13245,1006.49194,1006.9509,0.03508011,0.02967271,0.027355623,31.3106308,0.058712146,31.263738000000004
2019-06-09 06:30:00,6.786796,1006.609,0.656766,17.538187,0.335236132,Vayu,Phase 1,1,17.7109585,6,9,160,1.0,6.123233995736766e-17,16.4150925,16.4285698,16.6168728,0.322241306,0.322392762,0.322454572,6.682053,6.600718,6.4952374,1006.83185,1006.5937,1006.1987,0.67382175,0.6576208,0.6385407,16.486845033333335,0.1128087961200906,16.645022066666666
2019-06-09 07:30:00,6.885704,1006.2226,0.7691916,17.7109585,0.336437166,Vayu,Phase 1,1,17.8713818,7,9,160,0.9659258262890684,-0.258819045,17.538187,16.4150925,16.4285698,0.335236132,0.322241306,0.322392762,6.786796,6.682053,6.600718,1006.609,1006.83185,1006.5937,0.656766,0.67382175,0.6576208,16.793949766666668,0.6445635763937981,16.735678666666665
2019-06-09 08:30:00,6.9762077,1005.68414,0.7792837,17.8713818,0.336762607,Vayu,Phase 1,1,17.797102,8,9,160,0.8660254037844387,-0.5,17.7109585,17.538187,16.4150925,0.336437166,0.335236132,0.322241306,6.885704,6.786796,6.682053,1006.2226,1006.609,1006.83185,0.7691916,0.656766,0.67382175,17.221412666666666,0.7036168390417331,16.88552411666667
2019-06-09 09:30:00,7.0663333,1004.9322,0.7761958,17.797102,0.331221342,Vayu,Phase 1,1,17.6060867,9,9,160,0.7071067811865476,-0.707106781,17.8713818,17.7109585,17.538187,0.336762607,0.336437166,0.335236132,6.9762077,6.885704,6.786796,1005.68414,1006.2226,1006.609,0.7792837,0.7691916,0.656766,17.706842433333335,0.1666355309961098,17.096843733333333
2019-06-09 10:30:00,6.970165,1003.9916,0.795205,17.6060867,0.331687331,Vayu,Phase 1,1,17.3426609,10,9,160,0.4999999999999999,-0.866025404,17.797102,17.8713818,17.7109585,0.331221342,0.336762607,0.336437166,7.0663333,6.9762077,6.885704,1004.9322,1005.68414,1006.2226,0.7761958,0.7792837,0.7691916,17.793147433333335,0.080284729,17.293548599999998
2019-06-09 11:30:00,7.1799617,1003.32806,0.73703086,17.3426609,0.330783814,Vayu,Phase 1,1,16.9366341,11,9,160,0.258819045,-0.965925826,17.6060867,17.797102,17.8713818,0.331687331,0.331221342,0.336762607,6.970165,7.0663333,6.9762077,1003.9916,1004.9322,1005.68414,0.795205,0.7761958,0.7792837,17.75819016666667,0.136861136196567,17.48980141666667
2019-06-09 12:30:00,7.318702,1003.3871,0.66228014,16.9366341,0.330962777,Vayu,Phase 1,1,16.7887993,12,9,160,1.2246467991473532e-16,-1.0,17.3426609,17.6060867,17.797102,0.330783814,0.331687331,0.331221342,7.1799617,6.970165,7.0663333,1003.32806,1003.9916,1004.9322,0.73703086,0.795205,0.7761958,17.581949866666665,0.2281800131142479,17.644396150000002
2019-06-09 13:30:00,7.312994,1003.3345,0.57642114,16.7887993,0.332070678,Vayu,Phase 1,1,16.7574997,13,9,160,-0.258819045,-0.965925826,16.9366341,17.3426609,17.6060867,0.330962777,0.330783814,0.331687331,7.318702,7.1799617,6.970165,1003.3871,1003.32806,1003.9916,0.66228014,0.73703086,0.795205,17.295127233333332,0.3372481030514097,17.544137333333335
2019-06-09 14:30:00,7.281931,1003.8228,0.5237016,16.7574997,0.33190605,Vayu,Phase 1,1,16.6735668,14,9,160,-0.5,-0.866025404,16.7887993,16.9366341,17.3426609,0.332070678,0.330962777,0.330783814,7.312994,7.318702,7.1799617,1003.3345,1003.3871,1003.32806,0.57642114,0.66228014,0.73703086,17.0226981,0.2867855070617172,17.390444133333332
2019-06-09 15:30:00,7.263727,1004.3599,0.48683494,16.6735668,0.332946151,Vayu,Phase 1,1,16.5212326,15,9,160,-0.707106781,-0.707106781,16.7574997,16.7887993,16.9366341,0.33190605,0.332070678,0.330962777,7.281931,7.312994,7.318702,1003.8228,1003.3345,1003.3871,0.5237016,0.57642114,0.66228014,16.827644366666664,0.095676474,17.204797116666665
2019-06-09 16:30:00,7.1949773,1004.81,0.46775416,16.5212326,0.335176975,Vayu,Phase 1,1,16.3293934,16,9,160,-0.866025404,-0.5,16.6735668,16.7574997,16.7887993,0.332946151,0.33190605,0.332070678,7.263727,7.281931,7.312994,1004.3599,1003.8228,1003.3345,0.48683494,0.5237016,0.57642114,16.739955266666666,0.0595859683131584,17.017541249999997
2019-06-09 17:30:00,7.152862,1005.0002,0.48197868,16.3293934,0.33725059,Vayu,Phase 1,1,16.2640362,17,9,160,-0.965925826,-0.258819045,16.5212326,16.6735668,16.7574997,0.335176975,0.332946151,0.33190605,7.1949773,7.263727,7.281931,1004.81,1004.3599,1003.8228,0.46775416,0.48683494,0.5237016,16.65076636666667,0.1197724110793427,16.836732233333333
2019-06-09 18:30:00,7.1879354,1004.9961,0.5031268,16.2640362,0.339648306,Vayu,Phase 1,1,16.2203083,18,9,160,-1.0,-1.84e-16,16.3293934,16.5212326,16.6735668,0.33725059,0.335176975,0.332946151,7.152862,7.1949773,7.263727,1005.0002,1004.81,1004.3599,0.48197868,0.46775416,0.48683494,16.50806426666667,0.1724641587953651,16.667854316666666
2019-06-09 19:30:00,7.262583,1004.6892,0.768959,16.2203083,0.343164712,Vayu,Phase 1,1,16.2549362,19,9,160,-0.965925826,0.2588190451025203,16.2640362,16.3293934,16.5212326,0.339648306,0.33725059,0.335176975,7.1879354,7.152862,7.1949773,1004.9961,1005.0002,1004.81,0.5031268,0.48197868,0.46775416,16.371554066666665,0.133681107130352,16.55575466666667
2019-06-09 20:30:00,7.365935,1004.1403,0.8171872,16.2549362,0.34741509,Vayu,Phase 1,1,16.3035851,20,9,160,-0.866025404,0.5000000000000001,16.2203083,16.2640362,16.3293934,0.343164712,0.339648306,0.33725059,7.262583,7.1879354,7.152862,1004.6892,1004.9961,1005.0002,0.768959,0.5031268,0.48197868,16.271245966666665,0.0548987733202554,16.461006166666667
2019-06-09 21:30:00,7.446834,1003.6239,0.84793794,16.3035851,0.351366967,Vayu,Phase 1,1,16.3469925,21,9,160,-0.707106781,0.7071067811865474,16.2549362,16.2203083,16.2640362,0.34741509,0.343164712,0.339648306,7.365935,7.262583,7.1879354,1004.1403,1004.6892,1004.9961,0.8171872,0.768959,0.5031268,16.2464269,0.023072461,16.377245583333334
2019-06-09 22:30:00,6.966225,1003.2475,0.9016854,16.3469925,0.351008117,Vayu,Phase 1,1,16.5016479,22,9,160,-0.5,0.8660254037844384,16.3035851,16.2549362,16.2203083,0.351366967,0.34741509,0.343164712,7.446834,7.365935,7.262583,1003.6239,1004.1403,1004.6892,0.84793794,0.8171872,0.768959,16.25960986666667,0.041834659,16.315581966666667
2019-06-09 23:30:00,7.153219,1003.18005,0.91327256,16.5016479,0.351545721,Vayu,Phase 1,1,16.5882187,23,9,160,-0.258819045,0.965925826289068,16.3469925,16.3035851,16.2549362,0.351008117,0.351366967,0.34741509,6.966225,7.446834,7.365935,1003.2475,1003.6239,1004.1403,0.9016854,0.84793794,0.8171872,16.30183793333333,0.046053013,16.28654195
2019-06-10 00:30:00,7.2729955,1003.25836,0.91076845,16.5882187,0.35190329,Vayu,Phase 1,1,16.46315,0,10,161,0.0,1.0,16.5016479,16.3469925,16.3035851,0.351545721,0.351008117,0.351366967,7.153219,6.966225,7.446834,1003.18005,1003.2475,1003.6239,0.91327256,0.9016854,0.84793794,16.384075166666666,0.104108411337972,16.315251033333332
2019-06-10 01:30:00,7.368365,1003.5196,0.8772529,16.46315,0.349100024,Vayu,Phase 1,1,16.4371548,1,10,161,0.2588190451025207,0.9659258262890684,16.5882187,16.5016479,16.3469925,0.35190329,0.351545721,0.351008117,7.2729955,7.153219,6.966225,1003.25836,1003.18005,1003.2475,0.91076845,0.91327256,0.9016854,16.47895303333333,0.1222039795644732,16.36928145
2019-06-10 02:30:00,7.486994,1004.02045,0.8366686,16.4371548,0.348104209,Vayu,Phase 1,1,16.5388355,2,10,161,0.4999999999999999,0.8660254037844387,16.46315,16.5882187,16.5016479,0.349100024,0.35190329,0.351545721,7.368365,7.2729955,7.153219,1003.5196,1003.25836,1003.18005,0.8772529,0.91076845,0.91327256,16.517672199999996,0.064055668,16.409755066666666
2019-06-10 03:30:00,7.5950236,1004.46234,0.7943642,16.5388355,0.345178515,Vayu,Phase 1,1,16.3318024,3,10,161,0.7071067811865475,0.7071067811865476,16.4371548,16.46315,16.5882187,0.348104209,0.349100024,0.35190329,7.486994,7.368365,7.2729955,1004.02045,1003.5196,1003.25836,0.8366686,0.8772529,0.91076845,16.4961745,0.080765331,16.440124833333332
2019-06-10 04:30:00,7.6896725,1004.7357,0.7440601,16.3318024,0.34384495,Vayu,Phase 1,1,16.3001957,4,10,161,0.8660254037844386,0.5000000000000001,16.5388355,16.4371548,16.46315,0.345178515,0.348104209,0.349100024,7.5950236,7.486994,7.368365,1004.46234,1004.02045,1003.5196,0.7943642,0.8366686,0.8772529,16.479713433333334,0.052825199299052,16.47933323333333
2019-06-10 05:30:00,7.800835,1004.8664,0.72037536,16.3001957,0.344807982,Vayu,Phase 1,1,16.3022671,5,10,161,0.9659258262890684,0.2588190451025207,16.3318024,16.5388355,16.4371548,0.34384495,0.345178515,0.348104209,7.6896725,7.5950236,7.486994,1004.7357,1004.46234,1004.02045,0.7440601,0.7943642,0.8366686,16.435930900000002,0.1035219762771787,16.476801549999998
2019-06-10 06:30:00,7.949223,1004.85046,0.692535,16.3022671,0.335648119,Vayu,Phase 1,1,16.5503502,6,10,161,1.0,6.123233995736766e-17,16.3001957,16.3318024,16.5388355,0.344807982,0.34384495,0.345178515,7.800835,7.6896725,7.5950236,1004.8664,1004.7357,1004.46234,0.72037536,0.7440601,0.7943642,16.39027786666667,0.1296216559354489,16.443226183333334
2019-06-10 07:30:00,8.127973,1004.267,0.9361156,16.5503502,0.336157441,Vayu,Phase 1,1,16.7069588,7,10,161,0.9659258262890684,-0.258819045,16.3022671,16.3001957,16.3318024,0.335648119,0.344807982,0.34384495,7.949223,7.800835,7.6896725,1004.85046,1004.8664,1004.7357,0.692535,0.72037536,0.7440601,16.311421733333336,0.0176805360453356,16.39556758333333
2019-06-10 08:30:00,8.269008,1003.74664,0.9166349,16.7069588,0.336845964,Vayu,Phase 1,1,16.7986069,8,10,161,0.8660254037844387,-0.5,16.5503502,16.3022671,16.3001957,0.336157441,0.335648119,0.344807982,8.127973,7.949223,7.800835,1004.267,1004.85046,1004.8664,0.9361156,0.692535,0.72037536,16.384271,0.1438325351893487,16.41010095
2019-06-10 09:30:00,8.380395,1003.06635,0.8496853,16.7986069,0.341571569,Vayu,Phase 1,1,16.6663551,9,10,161,0.7071067811865476,-0.707106781,16.7069588,16.5503502,16.3022671,0.336845964,0.336157441,0.335648119,8.269008,8.127973,7.949223,1003.74664,1004.267,1004.85046,0.9166349,0.9361156,0.692535,16.5198587,0.2040616124885607,16.455068283333333
2019-06-10 10:30:00,7.7892437,1002.0609,0.7759604,16.6663551,0.341359615,Vayu,Phase 1,1,16.278511,10,10,161,0.4999999999999999,-0.866025404,16.7986069,16.7069588,16.5503502,0.341571569,0.336845964,0.336157441,8.380395,8.269008,8.127973,1003.06635,1003.74664,1004.267,0.8496853,0.9166349,0.9361156,16.6853053,0.1255368584138873,16.498363516666668
2019-06-10 11:30:00,7.9256606,1001.69904,0.7301797,16.278511,0.340772092,Vayu,Phase 1,1,15.7077923,11,10,161,0.258819045,-0.965925826,16.6663551,16.7986069,16.7069588,0.341359615,0.341571569,0.336845964,7.7892437,8.380395,8.269008,1002.0609,1003.06635,1003.74664,0.7759604,0.8496853,0.9166349,16.7239736,0.067747784,16.5541223
2019-06-10 12:30:00,8.02006,1001.7491,0.64831847,15.7077923,0.341128439,Vayu,Phase 1,1,15.4217453,12,10,161,1.2246467991473532e-16,-1.0,16.278511,16.6663551,16.7986069,0.340772092,0.341359615,0.341571569,7.9256606,7.7892437,8.380395,1001.69904,1002.0609,1003.06635,0.7301797,0.7759604,0.8496853,16.581157666666666,0.2703125751498893,16.550508183333335
2019-06-10 13:30:00,8.05061,1002.0566,0.6209345,15.4217453,0.339809984,Vayu,Phase 1,1,15.2359314,13,10,161,-0.258819045,-0.965925826,15.7077923,16.278511,16.6663551,0.341128439,0.340772092,0.341359615,8.02006,7.9256606,7.7892437,1001.7491,1001.69904,1002.0609,0.64831847,0.7301797,0.7759604,16.2175528,0.4821800358750049,16.45142905
2019-06-10 14:30:00,8.026246,1002.7824,0.5881426,15.2359314,0.338734269,Vayu,Phase 1,1,14.9541435,14,10,161,-0.5,-0.866025404,15.4217453,15.7077923,16.278511,0.339809984,0.341128439,0.340772092,8.05061,8.02006,7.9256606,1002.0566,1001.7491,1001.69904,0.6209345,0.64831847,0.7301797,15.802682866666666,0.4361937997105219,16.263328233333333
2019-06-10 15:30:00,8.087348,1003.2779,0.5805344,14.9541435,0.33768785,Vayu,Phase 1,1,14.6814957,15,10,161,-0.707106781,-0.707106781,15.2359314,15.4217453,15.7077923,0.338734269,0.339809984,0.341128439,8.026246,8.05061,8.02006,1002.7824,1002.0566,1001.7491,0.5881426,0.6209345,0.64831847,15.455156333333331,0.2376981280922273,16.018157
2019-06-10 16:30:00,8.164069,1003.76556,0.5880768,14.6814957,0.337906748,Vayu,Phase 1,1,14.5465813,16,10,161,-0.866025404,-0.5,14.9541435,15.2359314,15.4217453,0.33768785,0.338734269,0.339809984,8.087348,8.026246,8.05061,1003.2779,1002.7824,1002.0566,0.5805344,0.5881426,0.6209345,15.203940066666666,0.2354367110227163,15.710746433333334
2019-06-10 17:30:00,8.254824,1004.2623,0.57036763,14.5465813,0.341582328,Vayu,Phase 1,1,14.4633551,17,10,161,-0.965925826,-0.258819045,14.6814957,14.9541435,15.2359314,0.337906748,0.33768785,0.338734269,8.164069,8.087348,8.026246,1003.76556,1003.2779,1002.7824,0.5880768,0.5805344,0.5881426,14.9571902,0.2772304062406323,15.379936533333334
2019-06-10 18:30:00,8.330949,1004.3406,0.5903037,14.4633551,0.345606804,Vayu,Phase 1,1,14.4007511,18,10,161,-1.0,-1.84e-16,14.5465813,14.6814957,14.9541435,0.341582328,0.337906748,0.33768785,8.254824,8.164069,8.087348,1004.2623,1003.76556,1003.2779,0.57036763,0.5880768,0.5805344,14.727406833333331,0.2076237241748498,15.091281583333334
2019-06-10 19:30:00,8.440116,1004.0346,0.858377,14.4007511,0.352483511,Vayu,Phase 1,1,14.4165621,19,10,161,-0.965925826,0.2588190451025203,14.4633551,14.5465813,14.6814957,0.345606804,0.341582328,0.337906748,8.330949,8.254824,8.164069,1004.3406,1004.2623,1003.76556,0.5903037,0.57036763,0.5880768,14.5638107,0.110086191,14.883875383333333
2019-06-10 20:30:00,8.54988,1003.54156,0.8531609,14.4165621,0.355372667,Vayu,Phase 1,1,14.4494667,20,10,161,-0.866025404,0.5000000000000001,14.4007511,14.4633551,14.5465813,0.352483511,0.345606804,0.341582328,8.440116,8.330949,8.254824,1004.0346,1004.3406,1004.2623,0.858377,0.5903037,0.57036763,14.470229166666668,0.073157716,14.713709683333336
2019-06-10 21:30:00,8.682771,1002.97546,0.8699256,14.4494667,0.3582443,Vayu,Phase 1,1,14.5595608,21,10,161,-0.707106781,0.7071067811865474,14.4165621,14.4007511,14.4633551,0.355372667,0.352483511,0.345606804,8.54988,8.440116,8.330949,1003.54156,1004.0346,1004.3406,0.8531609,0.858377,0.5903037,14.426889433333336,0.032554655,14.577148133333331
2019-06-10 22:30:00,8.536148,1002.19,0.8895461,14.5595608,0.358808726,Vayu,Phase 1,1,14.8230772,22,10,161,-0.5,0.8660254037844384,14.4494667,14.4165621,14.4007511,0.3582443,0.355372667,0.352483511,8.682771,8.54988,8.440116,1002.97546,1003.54156,1004.0346,0.8699256,0.8531609,0.858377,14.422259966666669,0.0248525991461787,14.493035333333331
2019-06-10 23:30:00,8.658811,1002.1101,0.88100487,14.8230772,0.35445118,Vayu,Phase 1,1,15.0069838,23,10,161,-0.258819045,0.965925826289068,14.5595608,14.4494667,14.4165621,0.358808726,0.3582443,0.355372667,8.536148,8.682771,8.54988,1002.19,1002.97546,1003.54156,0.8895461,0.8699256,0.8531609,14.475196533333332,0.07489109,14.47271285
2019-06-11 00:30:00,8.72279,1002.3675,0.8498302,15.0069838,0.34954837,Vayu,Phase 1,1,14.6863728,0,11,162,0.0,1.0,14.8230772,14.5595608,14.4494667,0.35445118,0.358808726,0.3582443,8.658811,8.536148,8.682771,1002.1101,1002.19,1002.97546,0.88100487,0.8895461,0.8699256,14.610701566666668,0.191983684,14.5187955
2019-06-11 01:30:00,8.781945,1002.68896,0.81524134,14.6863728,0.346559465,Vayu,Phase 1,1,14.5393047,1,11,162,0.2588190451025207,0.9659258262890684,15.0069838,14.8230772,14.5595608,0.34954837,0.35445118,0.358808726,8.72279,8.658811,8.536148,1002.3675,1002.1101,1002.19,0.8498302,0.88100487,0.8895461,14.7965406,0.2248888138324754,14.609400283333336
2019-06-11 02:30:00,8.920943,1003.2575,0.7890167,14.5393047,0.341385841,Vayu,Phase 1,1,14.7690907,2,11,162,0.4999999999999999,0.8660254037844387,14.6863728,15.0069838,14.8230772,0.346559465,0.34954837,0.35445118,8.781945,8.72279,8.658811,1002.68896,1002.3675,1002.1101,0.81524134,0.8498302,0.88100487,14.838811266666667,0.1608835727186281,14.6570039
2019-06-11 03:30:00,8.951372,1003.77655,0.7578253,14.7690907,0.335541159,Vayu,Phase 1,1,14.8149977,3,11,162,0.7071067811865475,0.7071067811865476,14.5393047,14.6863728,15.0069838,0.341385841,0.346559465,0.34954837,8.920943,8.781945,8.72279,1003.2575,1002.68896,1002.3675,0.7890167,0.81524134,0.8498302,14.744220433333332,0.2391457644533198,14.677461
2019-06-11 04:30:00,8.926171,1004.05963,0.7390485,14.8149977,0.336155534,Vayu,Phase 1,1,14.7453928,4,11,162,0.8660254037844386,0.5000000000000001,14.7690907,14.5393047,14.6863728,0.335541159,0.341385841,0.346559465,8.951372,8.920943,8.781945,1003.77655,1003.2575,1002.68896,0.7578253,0.7890167,0.81524134,14.664922733333333,0.1163850526015465,14.730731666666664
2019-06-11 05:30:00,8.939325,1004.28125,0.738175,14.7453928,0.338602632,Vayu,Phase 1,1,16.0825386,5,11,162,0.9659258262890684,0.2588190451025207,14.8149977,14.7690907,14.5393047,0.336155534,0.335541159,0.341385841,8.926171,8.951372,8.920943,1004.05963,1003.77655,1003.2575,0.7390485,0.7578253,0.7890167,14.7077977,0.1477135113964193,14.773304483333334
2019-06-11 06:30:00,8.949216,1004.15784,0.7749855,16.0825386,0.374813646,Vayu,Phase 2,2,16.2348518,6,11,162,1.0,6.123233995736766e-17,14.7453928,14.8149977,14.7690907,0.338602632,0.336155534,0.335541159,8.939325,8.926171,8.951372,1004.28125,1004.05963,1003.77655,0.738175,0.7390485,0.7578253,14.776493733333332,0.0353880516977369,14.760357083333332
2019-06-11 07:30:00,9.038814,1003.75977,0.78153825,16.2348518,0.378509223,Vayu,Phase 2,2,16.1289558,7,11,162,0.9659258262890684,-0.258819045,16.0825386,14.7453928,14.8149977,0.374813646,0.338602632,0.336155534,8.949216,8.939325,8.926171,1004.15784,1004.28125,1004.05963,0.7749855,0.738175,0.7390485,15.2143097,0.7527132771663158,14.939616216666666
2019-06-11 08:30:00,9.131712,1003.2709,0.7855428,16.1289558,0.379669547,Vayu,Phase 2,2,16.9647236,8,11,162,0.8660254037844387,-0.5,16.2348518,16.0825386,14.7453928,0.378509223,0.374813646,0.338602632,9.038814,8.949216,8.939325,1003.75977,1004.15784,1004.28125,0.78153825,0.7749855,0.738175,15.6875944,0.8195167594415079,15.19769605
2019-06-11 09:30:00,9.237549,1002.56976,0.75962526,16.9647236,0.40056017,Vayu,Phase 2,2,16.7824306,9,11,162,0.7071067811865476,-0.707106781,16.1289558,16.2348518,16.0825386,0.379669547,0.378509223,0.374813646,9.131712,9.038814,8.949216,1003.2709,1003.75977,1004.15784,0.7855428,0.78153825,0.7749855,16.148782066666666,0.078068165,15.4626379
2019-06-11 10:30:00,8.8891115,1001.29553,0.7361317,16.7824306,0.402057409,Vayu,Phase 2,2,16.4778137,10,11,162,0.4999999999999999,-0.866025404,16.9647236,16.1289558,16.2348518,0.40056017,0.379669547,0.378509223,9.237549,9.131712,9.038814,1002.56976,1003.2709,1003.75977,0.75962526,0.7855428,0.78153825,16.442843733333333,0.4550521257262885,15.828576716666667
2019-06-11 11:30:00,9.000762,1000.96,0.7044549,16.4778137,0.406293124,Vayu,Phase 2,2,16.2035027,11,11,162,0.258819045,-0.965925826,16.7824306,16.9647236,16.1289558,0.402057409,0.40056017,0.379669547,8.8891115,9.237549,9.131712,1001.29553,1002.56976,1003.2709,0.7361317,0.75962526,0.7855428,16.62537,0.4394632839424397,16.1564822
2019-06-11 12:30:00,9.058342,1001.1102,0.6325555,16.2035027,0.410647601,Vayu,Phase 2,2,16.1119003,12,11,162,1.2246467991473532e-16,-1.0,16.4778137,16.7824306,16.9647236,0.406293124,0.402057409,0.40056017,9.000762,8.8891115,9.237549,1000.96,1001.29553,1002.56976,0.7044549,0.7361317,0.75962526,16.741655966666666,0.2460025217799448,16.445219016666666
2019-06-11 13:30:00,9.07261,1001.5792,0.587016,16.1119003,0.410949856,Vayu,Phase 2,2,16.0564976,13,11,162,-0.258819045,-0.965925826,16.2035027,16.4778137,16.7824306,0.410647601,0.406293124,0.402057409,9.058342,9.000762,8.8891115,1001.1102,1000.96,1001.29553,0.6325555,0.7044549,0.7361317,16.487915666666666,0.2895961250560893,16.4653797
2019-06-11 14:30:00,9.085966,1002.1596,0.53810865,16.0564976,0.407233119,Vayu,Phase 2,2,15.9441967,14,11,162,-0.5,-0.866025404,16.1119003,16.2035027,16.4778137,0.410949856,0.410647601,0.406293124,9.07261,9.058342,9.000762,1001.5792,1001.1102,1000.96,0.587016,0.6325555,0.7044549,16.264405566666667,0.1904075194183816,16.444887783333332
2019-06-11 15:30:00,9.088882,1002.7092,0.50841093,15.9441967,0.407104641,Vayu,Phase 2,2,15.8164291,15,11,162,-0.707106781,-0.707106781,16.0564976,16.1119003,16.2035027,0.407233119,0.410949856,0.410647601,9.085966,9.07261,9.058342,1002.1596,1001.5792,1001.1102,0.53810865,0.587016,0.6325555,16.123966866666667,0.074241675,16.432811416666667
2019-06-11 16:30:00,9.084794,1003.1099,0.4772415,15.8164291,0.406736463,Vayu,Phase 2,2,15.6801538,16,11,162,-0.866025404,-0.5,15.9441967,16.0564976,16.1119003,0.407104641,0.407233119,0.410949856,9.088882,9.085966,9.07261,1002.7092,1002.1596,1001.5792,0.50841093,0.53810865,0.587016,16.037531533333333,0.085445352,16.262723599999998
2019-06-11 17:30:00,9.11161,1003.4774,0.4363492,15.6801538,0.405572325,Vayu,Phase 2,2,15.5334129,17,11,162,-0.965925826,-0.258819045,15.8164291,15.9441967,16.0564976,0.406736463,0.407104641,0.407233119,9.084794,9.088882,9.085966,1003.1099,1002.7092,1002.1596,0.4772415,0.50841093,0.53810865,15.939041133333332,0.1201172596833055,16.10172335
2019-06-11 18:30:00,9.118508,1003.5414,0.42781553,15.5334129,0.404420078,Vayu,Phase 2,2,15.4309492,18,11,162,-1.0,-1.84e-16,15.6801538,15.8164291,15.9441967,0.405572325,0.406736463,0.407104641,9.11161,9.084794,9.088882,1003.4774,1003.1099,1002.7092,0.4363492,0.4772415,0.50841093,15.8135932,0.1320442918370176,15.968780033333331
2019-06-11 19:30:00,9.127327,1003.2459,0.62973547,15.4309492,0.405729771,Vayu,Phase 2,2,15.4328547,19,11,162,-0.965925826,0.2588190451025203,15.5334129,15.6801538,15.8164291,0.404420078,0.405572325,0.406736463,9.118508,9.11161,9.084794,1003.5414,1003.4774,1003.1099,0.42781553,0.4363492,0.4772415,15.676665266666667,0.1415403467717207,15.8570984
2019-06-11 20:30:00,9.193037,1002.7875,0.64068305,15.4328547,0.405385137,Vayu,Phase 2,2,15.4783764,20,11,162,-0.866025404,0.5000000000000001,15.4309492,15.5334129,15.6801538,0.405729771,0.404420078,0.405572325,9.127327,9.118508,9.11161,1003.2459,1003.5414,1003.4774,0.62973547,0.42781553,0.4363492,15.548171966666668,0.1252561603354676,15.74360655
2019-06-11 21:30:00,9.230881,1002.16693,0.64693695,15.4783764,0.406109065,Vayu,Phase 2,2,15.4726801,21,11,162,-0.707106781,0.7071067811865474,15.4328547,15.4309492,15.5334129,0.405385137,0.405729771,0.404420078,9.193037,9.127327,9.118508,1002.7875,1003.2459,1003.5414,0.64068305,0.62973547,0.42781553,15.465738933333334,0.058615118,15.639666066666663
2019-06-11 22:30:00,9.08181,1001.3451,0.66395724,15.4726801,0.403714955,Vayu,Phase 2,2,15.5767212,22,11,162,-0.5,0.8660254037844384,15.4783764,15.4328547,15.4309492,0.406109065,0.405385137,0.405729771,9.230881,9.193037,9.127327,1002.16693,1002.7875,1003.2459,0.64693695,0.64068305,0.62973547,15.447393433333334,0.026848946,15.56202935
2019-06-11 23:30:00,9.155279,1001.45593,0.65094835,15.5767212,0.3995969,Vayu,Phase 2,2,15.7368031,23,11,162,-0.258819045,0.965925826289068,15.4726801,15.4783764,15.4328547,0.403714955,0.406109065,0.405385137,9.08181,9.230881,9.193037,1001.3451,1002.16693,1002.7875,0.66395724,0.64693695,0.64068305,15.461303733333333,0.024801665,15.50473785
2019-06-12 00:30:00,9.153905,1001.5525,0.6395924,15.7368031,0.396055877,Vayu,Phase 2,2,15.7684402,0,12,163,0.0,1.0,15.5767212,15.4726801,15.4783764,0.3995969,0.403714955,0.406109065,9.155279,9.08181,9.230881,1001.45593,1001.3451,1002.16693,0.65094835,0.66395724,0.64693695,15.509259233333331,0.058493159158709,15.487499083333333
2019-06-12 01:30:00,9.169779,1002.06055,0.6674623,15.7684402,0.3923437,Vayu,Phase 2,2,15.6423979,1,12,163,0.2588190451025207,0.9659258262890684,15.7368031,15.5767212,15.4726801,0.396055877,0.3995969,0.403714955,9.153905,9.155279,9.08181,1001.5525,1001.45593,1001.3451,0.6395924,0.65094835,0.66395724,15.595401466666663,0.1330486905397485,15.52139745
2019-06-12 02:30:00,9.212885,1002.7137,0.65023124,15.6423979,0.385462135,Vayu,Phase 2,2,15.792366,2,12,163,0.4999999999999999,0.8660254037844387,15.7684402,15.7368031,15.5767212,0.3923437,0.396055877,0.3995969,9.169779,9.153905,9.155279,1002.06055,1001.5525,1001.45593,0.6674623,0.6395924,0.65094835,15.693988166666664,0.1027807502771654,15.57764595
2019-06-12 03:30:00,9.204462,1003.3063,0.6449486,15.792366,0.380506307,Vayu,Phase 2,2,15.8565397,3,12,163,0.7071067811865475,0.7071067811865476,15.6423979,15.7684402,15.7368031,0.385462135,0.3923437,0.396055877,9.212885,9.169779,9.153905,1002.7137,1002.06055,1001.5525,0.65023124,0.6674623,0.6395924,15.715880399999998,0.06557427,15.612569816666667
2019-06-12 04:30:00,9.173858,1003.63794,0.6414013,15.8565397,0.376644075,Vayu,Phase 2,2,15.819664,4,12,163,0.8660254037844386,0.5000000000000001,15.792366,15.6423979,15.7684402,0.380506307,0.385462135,0.3923437,9.204462,9.212885,9.169779,1003.3063,1002.7137,1002.06055,0.6449486,0.65023124,0.6674623,15.734401366666669,0.0805704,15.664901416666666
2019-06-12 05:30:00,9.15511,1003.90063,0.66000783,15.819664,0.374810189,Vayu,Phase 2,2,17.5098953,5,12,163,0.9659258262890684,0.2588190451025207,15.8565397,15.792366,15.6423979,0.376644075,0.380506307,0.385462135,9.173858,9.204462,9.212885,1003.63794,1003.3063,1002.7137,0.6414013,0.6449486,0.65023124,15.763767866666669,0.1098979870127446,15.728878016666664
2019-06-12 06:30:00,9.17456,1003.897,0.6451226,17.5098953,0.427880853,Vayu,Phase 2,2,17.2177544,6,12,163,1.0,6.123233995736766e-17,15.819664,15.8565397,15.792366,0.374810189,0.376644075,0.380506307,9.15511,9.173858,9.204462,1003.90063,1003.63794,1003.3063,0.66000783,0.6414013,0.6449486,15.822856566666667,0.0322057495548589,15.769368483333333
2019-06-12 07:30:00,9.240557,1003.60516,0.7187415,17.2177544,0.421586901,Vayu,Phase 2,2,17.0323734,7,12,163,0.9659258262890684,-0.258819045,17.5098953,15.819664,15.8565397,0.427880853,0.374810189,0.376644075,9.17456,9.15511,9.173858,1003.897,1003.90063,1003.63794,0.6451226,0.66000783,0.6414013,16.39536633333333,0.9653864860598153,16.06488385
2019-06-12 08:30:00,9.313423,1003.13794,0.69436795,17.0323734,0.413936079,Vayu,Phase 2,2,17.983078,8,12,163,0.8660254037844387,-0.5,17.2177544,17.5098953,15.819664,0.421586901,0.427880853,0.374810189,9.240557,9.17456,9.15511,1003.60516,1003.897,1003.90063,0.7187415,0.6451226,0.66000783,16.849104566666668,0.903408814760744,16.306436216666665
2019-06-12 09:30:00,9.385101,1002.4522,0.71945524,17.983078,0.426377684,Vayu,Phase 2,2,17.8094654,9,12,163,0.7071067811865476,-0.707106781,17.0323734,17.2177544,17.5098953,0.413936079,0.421586901,0.427880853,9.313423,9.240557,9.17456,1003.13794,1003.60516,1003.897,0.69436795,0.7187415,0.6451226,17.25334103333333,0.2407417653811827,16.5380988
2019-06-12 10:30:00,8.586017,1001.76807,0.7113438,17.8094654,0.418710589,Vayu,Phase 2,2,17.363903,10,12,163,0.4999999999999999,-0.866025404,17.983078,17.0323734,17.2177544,0.426377684,0.413936079,0.421586901,9.385101,9.313423,9.240557,1002.4522,1003.13794,1003.60516,0.71945524,0.69436795,0.7187415,17.4110686,0.5039718187125704,16.903217466666668
2019-06-12 11:30:00,8.800546,1001.51025,0.6839879,17.363903,0.411748052,Vayu,Phase 2,2,16.75173,11,12,163,0.258819045,-0.965925826,17.8094654,17.983078,17.0323734,0.418710589,0.426377684,0.413936079,8.586017,9.385101,9.313423,1001.76807,1002.4522,1003.13794,0.7113438,0.71945524,0.69436795,17.6083056,0.5062694519396221,17.228705083333335
2019-06-12 12:30:00,8.925439,1001.7436,0.64020926,16.75173,0.406772077,Vayu,Phase 2,2,16.4059448,12,12,163,1.2246467991473532e-16,-1.0,17.363903,17.8094654,17.983078,0.411748052,0.418710589,0.426377684,8.800546,8.586017,9.385101,1001.51025,1001.76807,1002.4522,0.6839879,0.7113438,0.71945524,17.718815466666666,0.319386095,17.486078250000002
2019-06-12 13:30:00,8.964063,1002.2141,0.5630435,16.4059448,0.40236333,Vayu,Phase 2,2,16.140789,13,12,163,-0.258819045,-0.965925826,16.75173,17.363903,17.8094654,0.406772077,0.411748052,0.418710589,8.925439,8.800546,8.586017,1001.7436,1001.51025,1001.76807,0.64020926,0.6839879,0.7113438,17.308366133333333,0.531050188,17.359717366666665
2019-06-12 14:30:00,8.9957285,1002.6711,0.50271386,16.140789,0.398216873,Vayu,Phase 2,2,15.7109671,14,12,163,-0.5,-0.866025404,16.4059448,16.75173,17.363903,0.40236333,0.406772077,0.411748052,8.964063,8.925439,8.800546,1002.2141,1001.7436,1001.51025,0.5630435,0.64020926,0.6839879,16.840525933333335,0.4851128905411414,17.224415766666667
2019-06-12 15:30:00,8.983978,1003.19037,0.4587923,15.7109671,0.392710924,Vayu,Phase 2,2,15.2550678,15,12,163,-0.707106781,-0.707106781,16.140789,16.4059448,16.75173,0.398216873,0.40236333,0.406772077,8.9957285,8.964063,8.925439,1002.6711,1002.2141,1001.7436,0.50271386,0.5630435,0.64020926,16.432821266666668,0.306355977117473,17.075818366666667
2019-06-12 16:30:00,8.942498,1003.7522,0.45138314,15.2550678,0.387969971,Vayu,Phase 2,2,14.882802,16,12,163,-0.866025404,-0.5,15.7109671,16.140789,16.4059448,0.392710924,0.398216873,0.40236333,8.983978,8.9957285,8.964063,1003.19037,1002.6711,1002.2141,0.4587923,0.50271386,0.5630435,16.0859003,0.3507250745457173,16.697133216666668
2019-06-12 17:30:00,8.912885,1004.3839,0.48669094,14.882802,0.38621676,Vayu,Phase 2,2,14.5365782,17,12,163,-0.965925826,-0.258819045,15.2550678,15.7109671,16.140789,0.387969971,0.392710924,0.398216873,8.942498,8.983978,8.9957285,1003.7522,1003.19037,1002.6711,0.45138314,0.4587923,0.50271386,15.702274633333332,0.4429245762711237,16.271400283333335
2019-06-12 18:30:00,8.894393,1004.5505,0.4936053,14.5365782,0.387525707,Vayu,Phase 2,2,14.2414103,18,12,163,-1.0,-1.84e-16,14.882802,15.2550678,15.7109671,0.38621676,0.387969971,0.392710924,8.912885,8.942498,8.983978,1004.3839,1003.7522,1003.19037,0.48669094,0.45138314,0.4587923,15.282945633333334,0.4147857741148769,15.85788345
2019-06-12 19:30:00,8.93082,1004.33307,0.6056156,14.2414103,0.389719635,Vayu,Phase 2,2,13.9079199,19,12,163,-0.965925826,0.2588190451025203,14.5365782,14.882802,15.2550678,0.387525707,0.38621676,0.387969971,8.894393,8.912885,8.942498,1004.5505,1004.3839,1003.7522,0.4936053,0.48669094,0.45138314,14.891482666666668,0.359323450121822,15.488691483333334
2019-06-12 20:30:00,8.986002,1003.8808,0.6218617,13.9079199,0.391631752,Vayu,Phase 2,2,13.7695971,20,12,163,-0.866025404,0.5000000000000001,14.2414103,14.5365782,14.882802,0.389719635,0.387525707,0.38621676,8.93082,8.894393,8.912885,1004.33307,1004.5505,1004.3839,0.6056156,0.4936053,0.48669094,14.553596833333332,0.3210343495916239,15.127935733333333
2019-06-12 21:30:00,9.039094,1003.2614,0.6495194,13.7695971,0.393746287,Vayu,Phase 2,2,13.8073082,21,12,163,-0.707106781,0.7071067811865474,13.9079199,14.2414103,14.5365782,0.391631752,0.389719635,0.387525707,8.986002,8.93082,8.894393,1003.8808,1004.33307,1004.5505,0.6218617,0.6056156,0.4936053,14.228636133333334,0.3145237654619364,14.755790883333336
2019-06-12 22:30:00,8.833277,1002.4663,0.6549207,13.8073082,0.392715216,Vayu,Phase 2,2,13.9211988,22,12,163,-0.5,0.8660254037844384,13.7695971,13.9079199,14.2414103,0.393746287,0.391631752,0.389719635,9.039094,8.986002,8.93082,1003.2614,1003.8808,1004.33307,0.6495194,0.6218617,0.6056156,13.972975766666666,0.2425409723417868,14.432229216666668
2019-06-12 23:30:00,8.925336,1002.3502,0.63867575,13.9211988,0.39401111,Vayu,Phase 2,2,13.9783964,23,12,163,-0.258819045,0.965925826289068,13.8073082,13.7695971,13.9079199,0.392715216,0.393746287,0.391631752,8.833277,9.039094,8.986002,1002.4663,1003.2614,1003.8808,0.6549207,0.6495194,0.6218617,13.828275066666668,0.071505289,14.190935949999998
2019-06-13 00:30:00,8.970595,1002.4116,0.6302486,13.9783964,0.3981556,Vayu,Phase 2,2,13.8625546,0,13,164,0.0,1.0,13.9211988,13.8073082,13.7695971,0.39401111,0.392715216,0.393746287,8.925336,8.833277,9.039094,1002.3502,1002.4663,1003.2614,0.63867575,0.6549207,0.6495194,13.832701366666669,0.078926412,14.030668749999998
2019-06-13 01:30:00,9.032124,1003.1051,0.5991863,13.8625546,0.395849824,Vayu,Phase 2,2,14.003953,1,13,164,0.2588190451025207,0.9659258262890684,13.9783964,13.9211988,13.8073082,0.3981556,0.39401111,0.392715216,8.970595,8.925336,8.833277,1002.4116,1002.3502,1002.4663,0.6302486,0.63867575,0.6549207,13.902301133333332,0.087095548,13.93763845
2019-06-13 02:30:00,9.090691,1003.75134,0.5570325,14.003953,0.394356996,Vayu,Phase 2,2,14.2052727,2,13,164,0.4999999999999999,0.8660254037844387,13.8625546,13.9783964,13.9211988,0.395849824,0.3981556,0.39401111,9.032124,8.970595,8.925336,1003.1051,1002.4116,1002.3502,0.5991863,0.6302486,0.63867575,13.9207166,0.057922405,13.874495833333334
2019-06-13 03:30:00,9.183084,1004.5404,0.52892077,14.2052727,0.392480433,Vayu,Phase 2,2,14.0630417,3,13,164,0.7071067811865475,0.7071067811865476,14.003953,13.8625546,13.9783964,0.394356996,0.395849824,0.3981556,9.090691,9.032124,8.970595,1003.75134,1003.1051,1002.4116,0.5570325,0.5991863,0.6302486,13.948301333333331,0.07535026,13.89050135
2019-06-13 04:30:00,9.2749815,1005.09717,0.50795746,14.0630417,0.391932398,Vayu,Phase 2,2,13.9103012,4,13,164,0.8660254037844386,0.5000000000000001,14.2052727,14.003953,13.8625546,0.392480433,0.394356996,0.395849824,9.183084,9.090691,9.032124,1004.5404,1003.75134,1003.1051,0.52892077,0.5570325,0.5991863,14.023926766666667,0.1722298973267031,13.96311395
2019-06-13 05:30:00,9.383811,1005.30914,0.49642783,13.9103012,0.394186318,Vayu,Phase 2,2,14.8557873,5,13,164,0.9659258262890684,0.2588190451025207,14.0630417,14.2052727,14.003953,0.391932398,0.392480433,0.394356996,9.2749815,9.183084,9.090691,1005.09717,1004.5404,1003.75134,0.50795746,0.52892077,0.5570325,14.090755800000002,0.1034816839167665,14.0057362
2019-06-13 06:30:00,9.469935,1005.3425,0.4734828,14.8557873,0.431184858,Vayu,Phase 2,2,14.6150837,6,13,164,1.0,6.123233995736766e-17,13.9103012,14.0630417,14.2052727,0.394186318,0.391932398,0.392480433,9.383811,9.2749815,9.183084,1005.30914,1005.09717,1004.5404,0.49642783,0.50795746,0.52892077,14.059538533333331,0.147516950164056,14.003919933333334
2019-06-13 07:30:00,9.547495,1004.9997,0.46490604,14.6150837,0.432895035,Vayu,Phase 2,2,14.4070463,7,13,164,0.9659258262890684,-0.258819045,14.8557873,13.9103012,14.0630417,0.431184858,0.394186318,0.391932398,9.469935,9.383811,9.2749815,1005.3425,1005.30914,1005.09717,0.4734828,0.49642783,0.50795746,14.276376733333333,0.5075626746116315,14.15015175
2019-06-13 08:30:00,9.613878,1004.4782,0.42177215,14.4070463,0.431802303,Vayu,Phase 2,2,15.7163916,8,13,164,0.8660254037844387,-0.5,14.6150837,14.8557873,13.9103012,0.432895035,0.431184858,0.394186318,9.547495,9.469935,9.383811,1004.9997,1005.3425,1005.30914,0.46490604,0.4734828,0.49642783,14.460390733333332,0.4913587556719665,14.275573266666669
2019-06-13 09:30:00,9.603484,1003.77936,0.4139211,15.7163916,0.488828659,Vayu,Phase 2,2,15.8311701,9,13,164,0.7071067811865476,-0.707106781,14.4070463,14.6150837,14.8557873,0.431802303,0.432895035,0.431184858,9.613878,9.547495,9.469935,1004.4782,1004.9997,1005.3425,0.42177215,0.46490604,0.4734828,14.625972433333333,0.22456857450575,14.342755483333333
2019-06-13 10:30:00,8.938411,1003.05554,0.42245546,15.8311701,0.483879149,Vayu,Phase 2,2,15.8154316,10,13,164,0.4999999999999999,-0.866025404,15.7163916,14.4070463,14.6150837,0.488828659,0.431802303,0.432895035,9.603484,9.613878,9.547495,1003.77936,1004.4782,1004.9997,0.4139211,0.42177215,0.46490604,14.912840533333332,0.703626767,14.594608633333332
2019-06-13 11:30:00,9.030515,1002.7664,0.44254422,15.8154316,0.478936762,Vayu,Phase 2,2,15.6566629,11,13,164,0.258819045,-0.965925826,15.8311701,15.7163916,14.4070463,0.483879149,0.488828659,0.431802303,8.938411,9.603484,9.613878,1003.05554,1003.77936,1004.4782,0.42245546,0.4139211,0.42177215,15.318202666666666,0.7911687363663427,14.8892967
2019-06-13 12:30:00,9.031584,1002.85864,0.41268054,15.6566629,0.478082329,Vayu,Phase 2,2,15.6310778,12,13,164,1.2246467991473532e-16,-1.0,15.8154316,15.8311701,15.7163916,0.478936762,0.483879149,0.488828659,9.030515,8.938411,9.603484,1002.7664,1003.05554,1003.77936,0.44254422,0.42245546,0.4139211,15.787664433333331,0.062223691,15.206818433333332
2019-06-13 13:30:00,8.971863,1003.0988,0.38826606,15.6310778,0.478062689,Vayu,Phase 2,2,15.5707626,13,13,164,-0.258819045,-0.965925826,15.6566629,15.8154316,15.8311701,0.478082329,0.478936762,0.483879149,9.031584,9.030515,8.938411,1002.85864,1002.7664,1003.05554,0.41268054,0.44254422,0.42245546,15.767754866666666,0.096529756,15.3402977
2019-06-13 14:30:00,8.8063135,1003.56915,0.37581602,15.5707626,0.476194978,Vayu,Phase 2,2,15.3439054,14,13,164,-0.5,-0.866025404,15.6310778,15.6566629,15.8154316,0.478062689,0.478082329,0.478936762,8.971863,9.031584,9.030515,1003.0988,1002.85864,1002.7664,0.38826606,0.41268054,0.44254422,15.701057433333332,0.099873604,15.509630049999998
2019-06-13 15:30:00,8.65228,1004.1124,0.37391672,15.3439054,0.475377798,Vayu,Phase 2,2,15.251894,15,13,164,-0.707106781,-0.707106781,15.5707626,15.6310778,15.6566629,0.476194978,0.478062689,0.478082329,8.8063135,8.971863,9.031584,1003.56915,1003.0988,1002.85864,0.37581602,0.38826606,0.41268054,15.6195011,0.0441047658674679,15.703582766666669
2019-06-13 16:30:00,8.554964,1004.6886,0.36473003,15.251894,0.476394475,Vayu,Phase 2,2,15.0758858,16,13,164,-0.866025404,-0.5,15.3439054,15.5707626,15.6310778,0.475377798,0.476194978,0.478062689,8.65228,8.8063135,8.971863,1004.1124,1003.56915,1003.0988,0.37391672,0.37581602,0.38826606,15.5152486,0.1514211014934183,15.641501733333332
2019-06-13 17:30:00,8.49104,1005.0325,0.36689985,15.0758858,0.477527827,Vayu,Phase 2,2,14.8469086,17,13,164,-0.965925826,-0.258819045,15.251894,15.3439054,15.5707626,0.476394475,0.475377798,0.476194978,8.554964,8.65228,8.8063135,1004.6886,1004.1124,1003.56915,0.36473003,0.37391672,0.37581602,15.388854,0.1641175752258336,15.544955716666667
2019-06-13 18:30:00,8.453979,1005.24896,0.3962712,14.8469086,0.477941781,Vayu,Phase 2,2,14.6060333,18,13,164,-1.0,-1.84e-16,15.0758858,15.251894,15.3439054,0.477527827,0.476394475,0.475377798,8.49104,8.554964,8.65228,1005.0325,1004.6886,1004.1124,0.36689985,0.36473003,0.37391672,15.223895066666666,0.1361858351553105,15.421698083333334
2019-06-13 19:30:00,8.505104,1004.8854,0.36518547,14.6060333,0.482407779,Vayu,Phase 2,2,14.397954,19,13,164,-0.965925826,0.2588190451025203,14.8469086,15.0758858,15.251894,0.477941781,0.477527827,0.476394475,8.453979,8.49104,8.554964,1005.24896,1005.0325,1004.6886,0.3962712,0.36689985,0.36473003,15.058229466666669,0.2030692077431687,15.286739033333332
2019-06-13 20:30:00,8.552558,1004.3789,0.39099094,14.397954,0.489799351,Vayu,Phase 2,2,14.2562256,20,13,164,-0.866025404,0.5000000000000001,14.6060333,14.8469086,15.0758858,0.482407779,0.477941781,0.477527827,8.505104,8.453979,8.49104,1004.8854,1005.24896,1005.0325,0.36518547,0.3962712,0.36689985,14.842942566666666,0.2349513566771636,15.115898283333337
2019-06-13 21:30:00,8.651947,1003.7899,0.40583536,14.2562256,0.498921335,Vayu,Phase 2,2,14.1121931,21,13,164,-0.707106781,0.7071067811865474,14.397954,14.6060333,14.8469086,0.489799351,0.482407779,0.477941781,8.552558,8.505104,8.453979,1004.3789,1004.8854,1005.24896,0.39099094,0.36518547,0.3962712,14.6169653,0.2246768561364927,14.920430183333332
2019-06-13 22:30:00,8.539622,1002.9879,0.41468146,14.1121931,0.50466162,Vayu,Phase 2,2,14.1841736,22,13,164,-0.5,0.8660254037844384,14.2562256,14.397954,14.6060333,0.498921335,0.489799351,0.482407779,8.651947,8.552558,8.505104,1003.7899,1004.3789,1004.8854,0.40583536,0.39099094,0.36518547,14.420070966666666,0.175949501010438,14.739150216666667
2019-06-13 23:30:00,8.7311,1002.8064,0.42850935,14.1841736,0.507119596,Vayu,Phase 2,2,14.2292633,23,13,164,-0.258819045,0.965925826289068,14.1121931,14.2562256,14.397954,0.50466162,0.498921335,0.489799351,8.539622,8.651947,8.552558,1002.9879,1003.7899,1004.3789,0.41468146,0.40583536,0.39099094,14.255457566666667,0.1428819981618089,14.54920006666667
2019-06-14 00:30:00,8.789834,1002.7813,0.44687065,14.2292633,0.512515128,Vayu,Phase 2,2,14.1785336,0,14,165,0.0,1.0,14.1841736,14.1121931,14.2562256,0.507119596,0.50466162,0.498921335,8.7311,8.539622,8.651947,1002.8064,1002.9879,1003.7899,0.42850935,0.41468146,0.40583536,14.184197433333331,0.072016253,14.400581366666666
2019-06-14 01:30:00,8.842928,1003.2165,0.45973808,14.1785336,0.516975999,Vayu,Phase 2,2,14.4392748,1,14,165,0.2588190451025207,0.9659258262890684,14.2292633,14.1841736,14.1121931,0.512515128,0.507119596,0.50466162,8.789834,8.7311,8.539622,1002.7813,1002.8064,1002.9879,0.44687065,0.42850935,0.41468146,14.17521,0.059047587,14.297640483333332
2019-06-14 02:30:00,8.949617,1004.0307,0.45357624,14.4392748,0.515104353,Vayu,Phase 2,2,14.6295109,2,14,165,0.4999999999999999,0.8660254037844387,14.1785336,14.2292633,14.1841736,0.516975999,0.512515128,0.507119596,8.842928,8.789834,8.7311,1003.2165,1002.7813,1002.8064,0.45973808,0.44687065,0.42850935,14.1973235,0.0278040557858192,14.226390533333335
2019-06-14 03:30:00,9.070183,1004.7241,0.43984547,14.6295109,0.509974718,Vayu,Phase 2,2,14.6169767,3,14,165,0.7071067811865475,0.7071067811865476,14.4392748,14.1785336,14.2292633,0.515104353,0.516975999,0.512515128,8.949617,8.842928,8.789834,1004.0307,1003.2165,1002.7813,0.45357624,0.45973808,0.44687065,14.282357233333334,0.1382415193133719,14.233277333333334
2019-06-14 04:30:00,9.125248,1005.0584,0.4319714,14.6169767,0.507936239,Vayu,Phase 2,2,14.7269592,4,14,165,0.8660254037844386,0.5000000000000001,14.6295109,14.4392748,14.1785336,0.509974718,0.515104353,0.516975999,9.070183,8.949617,8.842928,1004.7241,1004.0307,1003.2165,0.43984547,0.45357624,0.45973808,14.4157731,0.2264053416023754,14.29549155
2019-06-14 05:30:00,9.189486,1005.25836,0.41564992,14.7269592,0.505658031,Vayu,Phase 2,2,15.4818869,5,14,165,0.9659258262890684,0.2588190451025207,14.6169767,14.6295109,14.4392748,0.507936239,0.509974718,0.515104353,9.125248,9.070183,8.949617,1005.0584,1004.7241,1004.0307,0.4319714,0.43984547,0.45357624,14.5619208,0.1063992835008773,14.379622149999998
2019-06-14 06:30:00,9.221158,1005.07733,0.39499763,15.4818869,0.509209692,Vayu,Phase 2,2,15.5700092,6,14,165,1.0,6.123233995736766e-17,14.7269592,14.6169767,14.6295109,0.505658031,0.507936239,0.509974718,9.189486,9.125248,9.070183,1005.25836,1005.0584,1004.7241,0.41564992,0.4319714,0.43984547,14.6578156,0.0602071807030894,14.470086416666668
2019-06-14 07:30:00,9.286185,1004.71,0.4209187,15.5700092,0.51530838,Vayu,Phase 2,2,15.7677536,7,14,165,0.9659258262890684,-0.258819045,15.4818869,14.7269592,14.6169767,0.509209692,0.505658031,0.507936239,9.221158,9.189486,9.125248,1005.07733,1005.25836,1005.0584,0.39499763,0.41564992,0.4319714,14.941940933333331,0.4708293456936727,14.678857016666669
2019-06-14 08:30:00,9.332152,1004.1178,0.40773913,15.7677536,0.51977092,Vayu,Phase 2,2,16.4767609,8,14,165,0.8660254037844387,-0.5,15.5700092,15.4818869,14.7269592,0.51530838,0.509209692,0.505658031,9.286185,9.221158,9.189486,1004.71,1005.07733,1005.25836,0.4209187,0.39499763,0.41564992,15.259618433333332,0.4633959204404104,14.910769616666668
2019-06-14 09:30:00,9.339538,1003.5761,0.39797264,16.4767609,0.54089731,Vayu,Phase 2,2,16.6918011,9,14,165,0.7071067811865476,-0.707106781,15.7677536,15.5700092,15.4818869,0.51977092,0.51530838,0.509209692,9.332152,9.286185,9.221158,1004.1178,1004.71,1005.07733,0.40773913,0.4209187,0.39499763,15.6065499,0.1463945340838347,15.13218275
2019-06-14 10:30:00,8.425228,1002.63837,0.38786992,16.6918011,0.536613822,Vayu,Phase 2,2,16.7603683,10,14,165,0.4999999999999999,-0.866025404,16.4767609,15.7677536,15.5700092,0.54089731,0.51977092,0.51530838,9.339538,9.332152,9.286185,1003.5761,1004.1178,1004.71,0.39797264,0.40773913,0.4209187,15.938174566666667,0.4767936039555654,15.44005775
2019-06-14 11:30:00,8.47347,1002.3716,0.37425545,16.7603683,0.532007933,Vayu,Phase 2,2,16.6289082,11,14,165,0.258819045,-0.965925826,16.6918011,16.4767609,15.7677536,0.536613822,0.54089731,0.51977092,8.425228,9.339538,9.332152,1002.63837,1003.5761,1004.1178,0.38786992,0.39797264,0.40773913,16.3121052,0.483528252,15.785861816666667
2019-06-14 12:30:00,8.495284,1002.4414,0.36775157,16.6289082,0.523818314,Vayu,Phase 2,2,16.5818481,12,14,165,1.2246467991473532e-16,-1.0,16.7603683,16.6918011,16.4767609,0.532007933,0.536613822,0.54089731,8.47347,8.425228,9.339538,1002.3716,1002.63837,1003.5761,0.37425545,0.38786992,0.39797264,16.642976766666667,0.1479734806569948,16.12476333333333
2019-06-14 13:30:00,8.4900465,1002.8825,0.36541405,16.5818481,0.514200449,Vayu,Phase 2,2,16.4181767,13,14,165,-0.258819045,-0.965925826,16.6289082,16.7603683,16.6918011,0.523818314,0.532007933,0.536613822,8.495284,8.47347,8.425228,1002.4414,1002.3716,1002.63837,0.36775157,0.37425545,0.38786992,16.693692533333333,0.065750457,16.31593355
2019-06-14 14:30:00,8.452753,1003.3957,0.3603637,16.4181767,0.504310608,Vayu,Phase 2,2,16.0375385,14,14,165,-0.5,-0.866025404,16.5818481,16.6289082,16.7603683,0.514200449,0.523818314,0.532007933,8.4900465,8.495284,8.47347,1002.8825,1002.4414,1002.3716,0.36541405,0.36775157,0.37425545,16.65704153333333,0.092525557,16.484573366666666
2019-06-14 15:30:00,8.491346,1004.0588,0.33810583,16.0375385,0.496819407,Vayu,Phase 2,2,15.6283932,15,14,165,-0.707106781,-0.707106781,16.4181767,16.5818481,16.6289082,0.504310608,0.514200449,0.523818314,8.452753,8.4900465,8.495284,1003.3957,1002.8825,1002.4414,0.3603637,0.36541405,0.36775157,16.54297766666667,0.1106124957393308,16.592977216666664
2019-06-14 16:30:00,8.573276,1004.73346,0.3417244,15.6283932,0.49292475,Vayu,Phase 2,2,15.1811609,16,14,165,-0.866025404,-0.5,16.0375385,16.4181767,16.5818481,0.496819407,0.504310608,0.514200449,8.491346,8.452753,8.4900465,1004.0588,1003.3957,1002.8825,0.33810583,0.3603637,0.36541405,16.345854433333333,0.2792688988320885,16.51977348333333
2019-06-14 17:30:00,8.670405,1005.12585,0.35358602,15.1811609,0.494703889,Vayu,Phase 2,2,14.7575016,17,14,165,-0.965925826,-0.258819045,15.6283932,16.0375385,16.4181767,0.49292475,0.496819407,0.504310608,8.573276,8.491346,8.452753,1004.73346,1004.0588,1003.3957,0.3417244,0.33810583,0.3603637,16.028036133333334,0.3949774872664025,16.342538833333332
2019-06-14 18:30:00,8.790389,1005.30963,0.3672347,14.7575016,0.502220392,Vayu,Phase 2,2,14.30369,18,14,165,-1.0,-1.84e-16,15.1811609,15.6283932,16.0375385,0.494703889,0.49292475,0.496819407,8.670405,8.573276,8.491346,1005.12585,1004.73346,1004.0588,0.35358602,0.3417244,0.33810583,15.615697533333332,0.428329935,16.0793376
2019-06-14 19:30:00,8.886764,1004.9138,0.44720605,14.30369,0.511509478,Vayu,Phase 2,2,13.9262924,19,14,165,-0.965925826,0.2588190451025203,14.7575016,15.1811609,15.6283932,0.502220392,0.494703889,0.49292475,8.790389,8.670405,8.573276,1005.30963,1005.12585,1004.73346,0.3672347,0.35358602,0.3417244,15.189018566666666,0.4354989689216336,15.7674365
2019-06-14 20:30:00,8.987445,1004.46735,0.49385428,13.9262924,0.522114754,Vayu,Phase 2,2,13.5715799,20,14,165,-0.866025404,0.5000000000000001,14.30369,14.7575016,15.1811609,0.511509478,0.502220392,0.494703889,8.886764,8.790389,8.670405,1004.9138,1005.30963,1005.12585,0.44720605,0.3672347,0.35358602,14.747450833333334,0.4388217844635343,15.387743483333333
2019-06-14 21:30:00,9.103182,1003.8437,0.5770452,13.5715799,0.530794024,Vayu,Phase 2,2,13.2885132,21,14,165,-0.707106781,0.7071067811865474,13.9262924,14.30369,14.7575016,0.522114754,0.511509478,0.502220392,8.987445,8.886764,8.790389,1004.46735,1004.9138,1005.30963,0.49385428,0.44720605,0.3672347,14.329161333333332,0.4161895904003875,14.972429433333332
2019-06-14 22:30:00,8.66581,1003.5531,0.6070977,13.2885132,0.537354827,Vayu,Phase 2,2,13.1857977,22,14,165,-0.5,0.8660254037844384,13.5715799,13.9262924,14.30369,0.530794024,0.522114754,0.511509478,9.103182,8.987445,8.886764,1003.8437,1004.46735,1004.9138,0.5770452,0.49385428,0.44720605,13.9338541,0.3661136218591833,14.561436333333331
2019-06-14 23:30:00,8.874835,1003.3469,0.6236117,13.1857977,0.544043005,Vayu,Phase 2,2,13.1299839,23,14,165,-0.258819045,0.965925826289068,13.2885132,13.5715799,13.9262924,0.537354827,0.530794024,0.522114754,8.66581,9.103182,8.987445,1003.5531,1003.8437,1004.46735,0.6070977,0.5770452,0.49385428,13.595461833333331,0.3195595985777419,14.171456333333332
2019-06-15 00:30:00,8.939992,1003.47015,0.64465255,13.1299839,0.543915331,Vayu,Phase 2,2,12.9063959,0,15,166,0.0,1.0,13.1857977,13.2885132,13.5715799,0.544043005,0.537354827,0.530794024,8.874835,8.66581,9.103182,1003.3469,1003.5531,1003.8437,0.6236117,0.6070977,0.5770452,13.348630266666667,0.1997937004459507,13.8388958
2019-06-15 01:30:00,8.938378,1003.875,0.6682546,12.9063959,0.546542883,Vayu,Phase 2,2,13.2064505,1,15,166,0.2588190451025207,0.9659258262890684,13.1299839,13.1857977,13.2885132,0.543915331,0.544043005,0.537354827,8.939992,8.874835,8.66581,1003.47015,1003.3469,1003.5531,0.64465255,0.6236117,0.6070977,13.2014316,0.080412678,13.56764285
2019-06-15 02:30:00,9.039841,1004.50397,0.6715633,13.2064505,0.549200892,Vayu,Phase 2,2,13.5720339,2,15,166,0.4999999999999999,0.8660254037844387,12.9063959,13.1299839,13.1857977,0.546542883,0.543915331,0.544043005,8.938378,8.939992,8.874835,1003.875,1003.47015,1003.3469,0.6682546,0.64465255,0.6236117,13.074059166666666,0.1478581188499903,13.3347605
2019-06-15 03:30:00,9.117915,1005.18896,0.6485376,13.5720339,0.546860456,Vayu,Phase 2,2,13.7638178,3,15,166,0.7071067811865475,0.7071067811865476,13.2064505,12.9063959,13.1299839,0.549200892,0.546542883,0.543915331,9.039841,8.938378,8.939992,1004.50397,1003.875,1003.47015,0.6715633,0.6682546,0.64465255,13.080943433333331,0.1559227894622765,13.214786849999998
2019-06-15 04:30:00,9.206946,1005.6761,0.61539847,13.7638178,0.549985409,Vayu,Phase 2,2,13.9772234,4,15,166,0.8660254037844386,0.5000000000000001,13.5720339,13.2064505,12.9063959,0.546860456,0.549200892,0.546542883,9.117915,9.039841,8.938378,1005.18896,1004.50397,1003.875,0.6485376,0.6715633,0.6682546,13.228293433333333,0.3333561489813642,13.214862516666669
2019-06-15 05:30:00,9.268306,1006.06726,0.55677897,13.9772234,0.553507566,Vayu,Phase 2,2,14.5032692,5,15,166,0.9659258262890684,0.2588190451025207,13.7638178,13.5720339,13.2064505,0.549985409,0.546860456,0.549200892,9.206946,9.117915,9.039841,1005.6761,1005.18896,1004.50397,0.61539847,0.6485376,0.6715633,13.514100733333333,0.2831638494362462,13.294079950000002
2019-06-15 06:30:00,9.353144,1005.92194,0.54387766,14.5032692,0.522663355,Vayu,Phase 2,2,14.6581259,6,15,166,1.0,6.123233995736766e-17,13.9772234,13.7638178,13.5720339,0.553507566,0.549985409,0.546860456,9.268306,9.206946,9.117915,1006.06726,1005.6761,1005.18896,0.55677897,0.61539847,0.6485376,13.771025033333332,0.2026908751942064,13.425984233333333
2019-06-15 07:30:00,9.40037,1005.4496,0.4893363,14.6581259,0.530818939,Vayu,Phase 2,2,14.7912226,7,15,166,0.9659258262890684,-0.258819045,14.5032692,13.9772234,13.7638178,0.522663355,0.553507566,0.549985409,9.353144,9.268306,9.206946,1005.92194,1006.06726,1005.6761,0.54387766,0.55677897,0.61539847,14.0814368,0.380581683,13.654865116666665
2019-06-15 08:30:00,9.474607,1005.04803,0.4732269,14.7912226,0.535301447,Vayu,Phase 2,2,14.8607092,8,15,166,0.8660254037844387,-0.5,14.6581259,14.5032692,13.9772234,0.530818939,0.522663355,0.553507566,9.40037,9.353144,9.268306,1005.4496,1005.92194,1006.06726,0.4893363,0.54387766,0.55677897,14.3795395,0.3569157220175004,13.946820116666666
2019-06-15 09:30:00,9.48621,1004.4118,0.45744076,14.8607092,0.537383258,Vayu,Phase 2,2,15.0833683,9,15,166,0.7071067811865476,-0.707106781,14.7912226,14.6581259,14.5032692,0.535301447,0.530818939,0.522663355,9.474607,9.40037,9.353144,1005.04803,1005.4496,1005.92194,0.4732269,0.4893363,0.54387766,14.650872566666663,0.1441136644331357,14.2109488
2019-06-15 10:30:00,8.869691,1003.66974,0.44006872,15.0833683,0.539772391,Vayu,Phase 2,2,15.0376024,10,15,166,0.4999999999999999,-0.866025404,14.8607092,14.7912226,14.6581259,0.537383258,0.535301447,0.530818939,9.48621,9.474607,9.40037,1004.4118,1005.04803,1005.4496,0.45744076,0.4732269,0.4893363,14.770019233333334,0.1029426317340747,14.425728016666666
2019-06-15 11:30:00,8.882263,1003.4027,0.43092355,15.0376024,0.545823097,Vayu,Phase 2,2,14.826952,11,15,166,0.258819045,-0.965925826,15.0833683,14.8607092,14.7912226,0.539772391,0.537383258,0.535301447,8.869691,9.48621,9.474607,1003.66974,1004.4118,1005.04803,0.44006872,0.45744076,0.4732269,14.9117667,0.1526185727128679,14.6456531
2019-06-15 12:30:00,8.873913,1003.46967,0.43580648,14.826952,0.55296725,Vayu,Phase 2,2,14.8161125,12,15,166,1.2246467991473532e-16,-1.0,15.0376024,15.0833683,14.8607092,0.545823097,0.539772391,0.537383258,8.882263,8.869691,9.48621,1003.4027,1003.66974,1004.4118,0.43092355,0.44006872,0.45744076,14.993893300000002,0.1175888292756013,14.822382933333332
2019-06-15 13:30:00,8.747108,1003.8309,0.41326633,14.8161125,0.560807765,Vayu,Phase 2,2,14.7950468,13,15,166,-0.258819045,-0.965925826,14.826952,15.0376024,15.0833683,0.55296725,0.545823097,0.539772391,8.873913,8.882263,8.869691,1003.46967,1003.4027,1003.66974,0.43580648,0.43092355,0.44006872,14.9826409,0.1367585631257049,14.876330066666668
2019-06-15 14:30:00,8.633599,1004.3045,0.39546642,14.7950468,0.563363612,Vayu,Phase 2,2,14.588932,14,15,166,-0.5,-0.866025404,14.8161125,14.826952,15.0376024,0.560807765,0.55296725,0.545823097,8.747108,8.873913,8.882263,1003.8309,1003.46967,1003.4027,0.41326633,0.43580648,0.43092355,14.893555633333332,0.1248658357218178,14.902661166666668
2019-06-15 15:30:00,8.597111,1004.84607,0.3832714,14.588932,0.561949968,Vayu,Phase 2,2,14.4373055,15,15,166,-0.707106781,-0.707106781,14.7950468,14.8161125,14.826952,0.563363612,0.560807765,0.55296725,8.633599,8.747108,8.873913,1004.3045,1003.8309,1003.46967,0.39546642,0.41326633,0.43580648,14.812703766666669,0.0162234411908912,14.903298533333334
2019-06-15 16:30:00,8.574417,1005.44214,0.36355177,14.4373055,0.560304344,Vayu,Phase 2,2,14.3250418,16,15,166,-0.866025404,-0.5,14.588932,14.7950468,14.8161125,0.561949968,0.563363612,0.560807765,8.597111,8.633599,8.747108,1004.84607,1004.3045,1003.8309,0.3832714,0.39546642,0.41326633,14.733363766666663,0.1255242699484079,14.858002333333332
2019-06-15 17:30:00,8.534103,1005.99603,0.32711303,14.3250418,0.560339093,Vayu,Phase 2,2,14.1056223,17,15,166,-0.965925826,-0.258819045,14.4373055,14.588932,14.7950468,0.560304344,0.561949968,0.563363612,8.574417,8.597111,8.633599,1005.44214,1004.84607,1004.3045,0.36355177,0.3832714,0.39546642,14.607094766666668,0.1795609200279691,14.7503252
2019-06-15 18:30:00,8.4916935,1006.3024,0.3019271,14.1056223,0.557234943,Vayu,Phase 3,3,13.9400597,18,15,166,-1.0,-1.84e-16,14.3250418,14.4373055,14.588932,0.560339093,0.560304344,0.561949968,8.534103,8.574417,8.597111,1005.99603,1005.44214,1004.84607,0.32711303,0.36355177,0.3832714,14.450426433333334,0.1324334873919853,14.6315651
2019-06-15 19:30:00,8.469855,1005.97107,0.26605043,13.9400597,0.553895116,Vayu,Phase 3,3,13.8909969,19,15,166,-0.965925826,0.2588190451025203,14.1056223,14.3250418,14.4373055,0.557234943,0.560339093,0.560304344,8.4916935,8.534103,8.574417,1006.3024,1005.99603,1005.44214,0.3019271,0.32711303,0.36355177,14.2893232,0.1687018081710508,14.511343483333333
2019-06-15 20:30:00,8.466695,1005.50726,0.2778189,13.8909969,0.550534189,Vayu,Phase 3,3,13.9133482,20,15,166,-0.866025404,0.5000000000000001,13.9400597,14.1056223,14.3250418,0.553895116,0.557234943,0.560339093,8.469855,8.4916935,8.534103,1005.97107,1006.3024,1005.99603,0.26605043,0.3019271,0.32711303,14.1235746,0.1931178866307671,14.365334683333332
2019-06-15 21:30:00,8.447405,1005.044,0.2723003,13.9133482,0.545219481,Vayu,Phase 3,3,13.9472008,21,15,166,-0.707106781,0.7071067811865474,13.8909969,13.9400597,14.1056223,0.550534189,0.553895116,0.557234943,8.466695,8.469855,8.4916935,1005.50726,1005.97107,1006.3024,0.2778189,0.26605043,0.3019271,13.978892966666663,0.1124590260115571,14.2146597
2019-06-15 22:30:00,8.044901,1004.82196,0.26187032,13.9472008,0.537100315,Vayu,Phase 3,3,14.0902033,22,15,166,-0.5,0.8660254037844384,13.9133482,13.8909969,13.9400597,0.545219481,0.550534189,0.553895116,8.447405,8.466695,8.469855,1005.044,1005.50726,1005.97107,0.2723003,0.2778189,0.26605043,13.9148016,0.02456367,14.1020624
2019-06-15 23:30:00,8.011053,1004.6594,0.25242963,14.0902033,0.529121697,Vayu,Phase 3,3,14.2401419,23,15,166,-0.258819045,0.965925826289068,13.9472008,13.9133482,13.8909969,0.537100315,0.545219481,0.550534189,8.044901,8.447405,8.466695,1004.82196,1005.044,1005.50726,0.26187032,0.2723003,0.2778189,13.917181966666666,0.0282974012786086,14.020378283333333
2019-06-16 00:30:00,7.9312787,1004.7823,0.25882566,14.2401419,0.521626592,Vayu,Phase 3,3,14.2547026,0,16,167,0.0,1.0,14.0902033,13.9472008,13.9133482,0.529121697,0.537100315,0.545219481,8.011053,8.044901,8.447405,1004.6594,1004.82196,1005.044,0.25242963,0.26187032,0.2723003,13.983584100000002,0.093873532,13.981238533333332
2019-06-16 01:30:00,7.8525143,1005.3901,0.25110695,14.2547026,0.512732565,Vayu,Phase 3,3,14.6027241,1,16,167,0.2588190451025207,0.9659258262890684,14.2401419,14.0902033,13.9472008,0.521626592,0.529121697,0.537100315,7.9312787,8.011053,8.044901,1004.7823,1004.6594,1004.82196,0.25882566,0.25242963,0.26187032,14.092515333333331,0.1464842351281139,14.003658466666666
2019-06-16 02:30:00,7.9078026,1005.96704,0.2646198,14.6027241,0.498829246,Vayu,Phase 3,3,15.183485,2,16,167,0.4999999999999999,0.8660254037844387,14.2547026,14.2401419,14.0902033,0.512732565,0.521626592,0.529121697,7.8525143,7.9312787,8.011053,1005.3901,1004.7823,1004.6594,0.25110695,0.25882566,0.25242963,14.195015933333332,0.0910619,14.05609895
2019-06-16 03:30:00,8.014454,1006.63,0.2736916,15.183485,0.487650156,Vayu,Phase 3,3,15.5299997,3,16,167,0.7071067811865475,0.7071067811865476,14.6027241,14.2547026,14.2401419,0.498829246,0.512732565,0.521626592,7.9078026,7.8525143,7.9312787,1005.96704,1005.3901,1004.7823,0.2646198,0.25110695,0.25882566,14.3658562,0.2052627706966683,14.17472015
2019-06-16 04:30:00,8.02653,1007.142,0.28380498,15.5299997,0.481810421,Vayu,Phase 3,3,15.6331921,4,16,167,0.8660254037844386,0.5000000000000001,15.183485,14.6027241,14.2547026,0.487650156,0.498829246,0.512732565,8.014454,7.9078026,7.8525143,1006.63,1005.96704,1005.3901,0.2736916,0.2646198,0.25110695,14.6803039,0.4692261242339213,14.386409616666668
2019-06-16 05:30:00,8.080122,1007.43146,0.2739403,15.6331921,0.478169918,Vayu,Phase 3,3,16.9261436,5,16,167,0.9659258262890684,0.2588190451025207,15.5299997,15.183485,14.6027241,0.481810421,0.487650156,0.498829246,8.02653,8.014454,7.9078026,1007.142,1006.63,1005.96704,0.28380498,0.2736916,0.2646198,15.105402933333332,0.4685430785318751,14.650209433333332
2019-06-16 06:30:00,8.158293,1007.34375,0.27099082,16.9261436,0.492775917,Vayu,Phase 3,3,16.9939518,6,16,167,1.0,6.123233995736766e-17,15.6331921,15.5299997,15.183485,0.478169918,0.481810421,0.487650156,8.080122,8.02653,8.014454,1007.43146,1007.142,1006.63,0.2739403,0.28380498,0.2736916,15.448892266666666,0.2355693756711604,14.907374233333334
2019-06-16 07:30:00,8.258694,1006.9559,0.15951976,16.9939518,0.490968674,Vayu,Phase 3,3,17.1489964,7,16,167,0.9659258262890684,-0.258819045,16.9261436,15.6331921,15.5299997,0.492775917,0.478169918,0.481810421,8.158293,8.080122,8.02653,1007.34375,1007.43146,1007.142,0.27099082,0.2739403,0.28380498,16.029778466666667,0.7779877936357454,15.355041183333334
2019-06-16 08:30:00,8.327034,1006.5165,0.15936239,17.1489964,0.490000278,Vayu,Phase 3,3,15.9177818,8,16,167,0.8660254037844387,-0.5,16.9939518,16.9261436,15.6331921,0.490968674,0.492775917,0.478169918,8.258694,8.158293,8.080122,1006.9559,1007.34375,1007.43146,0.15951976,0.27099082,0.2739403,16.517762500000003,0.7668103301429275,15.811582716666669
2019-06-16 09:30:00,8.366194,1005.74023,0.1777487,15.9177818,0.469321638,Vayu,Phase 3,3,15.9094944,9,16,167,0.7071067811865476,-0.707106781,17.1489964,16.9939518,16.9261436,0.490000278,0.490968674,0.492775917,8.327034,8.258694,8.158293,1006.5165,1006.9559,1007.34375,0.15936239,0.15951976,0.27099082,17.023030600000002,0.1142367063337322,16.235961433333333
2019-06-16 10:30:00,7.832245,1005.1423,0.18632187,15.9094944,0.470954806,Vayu,Phase 3,3,15.6172009,10,16,167,0.4999999999999999,-0.866025404,15.9177818,17.1489964,16.9939518,0.469321638,0.490000278,0.490968674,8.366194,8.327034,8.258694,1005.74023,1006.5165,1006.9559,0.1777487,0.15936239,0.15951976,16.68691,0.6705806051651674,16.358344233333334
2019-06-16 11:30:00,7.8539305,1004.88617,0.19160268,15.6172009,0.473395556,Vayu,Phase 3,3,15.178978,11,16,167,0.258819045,-0.965925826,15.9094944,15.9177818,17.1489964,0.470954806,0.469321638,0.490000278,7.832245,8.366194,8.327034,1005.1423,1005.74023,1006.5165,0.18632187,0.1777487,0.15936239,16.3254242,0.7132464838394266,16.421593350000002
2019-06-16 12:30:00,7.8173413,1005.0607,0.19644585,15.178978,0.476319462,Vayu,Phase 3,3,14.8445024,12,16,167,1.2246467991473532e-16,-1.0,15.6172009,15.9094944,15.9177818,0.473395556,0.470954806,0.469321638,7.8539305,7.832245,8.366194,1004.88617,1005.1423,1005.74023,0.19160268,0.18632187,0.1777487,15.8148257,0.171198252,16.418928150000003
2019-06-16 13:30:00,7.716512,1005.54443,0.19432513,14.8445024,0.480135769,Vayu,Phase 3,3,14.5841484,13,16,167,-0.258819045,-0.965925826,15.178978,15.6172009,15.9094944,0.476319462,0.473395556,0.470954806,7.8173413,7.8539305,7.832245,1005.0607,1004.88617,1005.1423,0.19644585,0.19160268,0.18632187,15.568557766666666,0.3676794371223872,16.127733883333335
2019-06-16 14:30:00,7.623246,1006.15466,0.17866763,14.5841484,0.482104361,Vayu,Phase 3,3,14.297123,14,16,167,-0.5,-0.866025404,14.8445024,15.178978,15.6172009,0.480135769,0.476319462,0.473395556,7.716512,7.8173413,7.8539305,1005.54443,1005.0607,1004.88617,0.19432513,0.19644585,0.19160268,15.213560433333331,0.3875083244229192,15.769492316666666
2019-06-16 15:30:00,7.6306176,1006.67633,0.1693764,14.297123,0.482533604,Vayu,Phase 3,3,14.0777044,15,16,167,-0.707106781,-0.707106781,14.5841484,14.8445024,15.178978,0.482104361,0.480135769,0.476319462,7.623246,7.716512,7.8173413,1006.15466,1005.54443,1005.0607,0.17866763,0.19432513,0.19644585,14.8692096,0.2981834964547773,15.34201765
2019-06-16 16:30:00,7.6783595,1007.2752,0.1569034,14.0777044,0.483035982,Vayu,Phase 3,3,13.955821,16,16,167,-0.866025404,-0.5,14.297123,14.5841484,14.8445024,0.482533604,0.482104361,0.480135769,7.6306176,7.623246,7.716512,1006.67633,1006.15466,1005.54443,0.1693764,0.17866763,0.19432513,14.575257933333331,0.2737979769544474,15.07190785
2019-06-16 17:30:00,7.7496543,1007.7092,0.1522746,13.955821,0.485740811,Vayu,Phase 3,3,13.8812284,17,16,167,-0.965925826,-0.258819045,14.0777044,14.297123,14.5841484,0.483035982,0.482533604,0.482104361,7.6783595,7.6306176,7.623246,1007.2752,1006.67633,1006.15466,0.1569034,0.1693764,0.17866763,14.3196586,0.2539729734334564,14.766609516666668
2019-06-16 18:30:00,7.8499494,1007.82544,0.13741079,13.8812284,0.489439785,Vayu,Phase 3,3,13.8585539,18,16,167,-1.0,-1.84e-16,13.955821,14.0777044,14.297123,0.485740811,0.483035982,0.482533604,7.7496543,7.6783595,7.6306176,1007.7092,1007.2752,1006.67633,0.1522746,0.1569034,0.1693764,14.110216133333331,0.1729581550675709,14.489712866666666
2019-06-16 19:30:00,7.93313,1007.53784,0.21033387,13.8585539,0.491274446,Vayu,Phase 3,3,13.8944607,19,16,167,-0.965925826,0.2588190451025203,13.8812284,13.955821,14.0777044,0.489439785,0.485740811,0.483035982,7.8499494,7.7496543,7.6783595,1007.82544,1007.7092,1007.2752,0.13741079,0.1522746,0.1569034,13.9715846,0.099182019,14.273421266666666
2019-06-16 20:30:00,8.052021,1006.992,0.21643153,13.8944607,0.49065882,Vayu,Phase 3,3,13.844965,20,16,167,-0.866025404,0.5000000000000001,13.8585539,13.8812284,13.955821,0.491274446,0.489439785,0.485740811,7.93313,7.8499494,7.7496543,1007.53784,1007.82544,1007.7092,0.21033387,0.13741079,0.1522746,13.898534433333332,0.0508905323025975,14.109096516666668
2019-06-16 21:30:00,8.114259,1006.42896,0.21867198,13.844965,0.488913417,Vayu,Phase 3,3,13.8016205,21,16,167,-0.707106781,0.7071067811865474,13.8944607,13.8585539,13.8812284,0.49065882,0.491274446,0.489439785,8.052021,7.93313,7.8499494,1006.992,1007.53784,1007.82544,0.21643153,0.21033387,0.13741079,13.878081,0.0181591345270004,13.994148566666668
2019-06-16 22:30:00,7.94281,1006.4087,0.21659146,13.8016205,0.486071855,Vayu,Phase 3,3,13.8041859,22,16,167,-0.5,0.8660254037844384,13.844965,13.8944607,13.8585539,0.488913417,0.49065882,0.491274446,8.114259,8.052021,7.93313,1006.42896,1006.992,1007.53784,0.21867198,0.21643153,0.21033387,13.8659932,0.0255727094405436,13.9187889
2019-06-16 23:30:00,7.9798064,1006.2402,0.22271755,13.8041859,0.479964554,Vayu,Phase 3,3,13.830307,23,16,167,-0.258819045,0.965925826289068,13.8016205,13.844965,13.8944607,0.486071855,0.488913417,0.49065882,7.94281,8.114259,8.052021,1006.4087,1006.42896,1006.992,0.21659146,0.21867198,0.21643153,13.847015399999998,0.04645405,13.872774916666666
2019-06-17 00:30:00,8.01428,1006.4772,0.21511687,13.830307,0.476232231,Vayu,Phase 3,3,13.6675787,0,17,168,0.0,1.0,13.8041859,13.8016205,13.844965,0.479964554,0.486071855,0.488913417,7.9798064,7.94281,8.114259,1006.2402,1006.4087,1006.42896,0.22271755,0.21659146,0.21867198,13.8169238,0.0243182440261133,13.847502399999998
2019-06-17 01:30:00,7.975217,1006.7726,0.20577355,13.6675787,0.471658587,Vayu,Phase 3,3,13.8974085,1,17,168,0.2588190451025207,0.9659258262890684,13.830307,13.8041859,13.8016205,0.476232231,0.479964554,0.486071855,8.01428,7.9798064,7.94281,1006.4772,1006.2402,1006.4087,0.21511687,0.22271755,0.21659146,13.8120378,0.0158735021628467,13.8390155
2019-06-17 02:30:00,8.067328,1007.31744,0.1862245,13.8974085,0.462250799,Vayu,Phase 3,3,14.3834009,2,17,168,0.4999999999999999,0.8660254037844387,13.6675787,13.830307,13.8041859,0.471658587,0.476232231,0.479964554,7.975217,8.01428,7.9798064,1006.7726,1006.4772,1006.2402,0.20577355,0.21511687,0.22271755,13.7673572,0.087392161,13.8071863
2019-06-17 03:30:00,8.22411,1007.7738,0.16631064,14.3834009,0.449109256,Vayu,Phase 3,3,14.6443415,3,17,168,0.7071067811865475,0.7071067811865476,13.8974085,13.6675787,13.830307,0.462250799,0.471658587,0.476232231,8.067328,7.975217,8.01428,1007.31744,1006.7726,1006.4772,0.1862245,0.20577355,0.21511687,13.798431399999998,0.1181840710445985,13.8076776
2019-06-17 04:30:00,8.273186,1008.12604,0.15220065,14.6443415,0.436423302,Vayu,Phase 3,3,14.6739559,4,17,168,0.8660254037844386,0.5000000000000001,14.3834009,13.8974085,13.6675787,0.449109256,0.462250799,0.471658587,8.22411,8.067328,7.975217,1007.7738,1007.31744,1006.7726,0.16631064,0.1862245,0.20577355,13.982796033333337,0.3654704210191387,13.897416916666666
2019-06-17 05:30:00,8.313313,1008.31885,0.14234903,14.6739559,0.428499848,Vayu,Phase 3,3,15.0098238,5,17,168,0.9659258262890684,0.2588190451025207,14.6443415,14.3834009,13.8974085,0.436423302,0.449109256,0.462250799,8.273186,8.22411,8.067328,1008.12604,1007.7738,1007.31744,0.15220065,0.16631064,0.1862245,14.308383633333332,0.379075084047957,14.037870416666664
2019-06-17 06:30:00,8.3318205,1008.2688,0.13501684,15.0098238,0.406118304,Vayu,Phase 3,3,14.9369345,6,17,168,1.0,6.123233995736766e-17,14.6739559,14.6443415,14.3834009,0.428499848,0.436423302,0.449109256,8.313313,8.273186,8.22411,1008.31885,1008.12604,1007.7738,0.14234903,0.15220065,0.16631064,14.567232766666663,0.1598901797283011,14.182832083333333
2019-06-17 07:30:00,8.307116,1007.8393,0.077922314,14.9369345,0.403333992,Vayu,Phase 3,3,14.8278646,7,17,168,0.9659258262890684,-0.258819045,15.0098238,14.6739559,14.6443415,0.406118304,0.428499848,0.436423302,8.3318205,8.313313,8.273186,1008.2688,1008.31885,1008.12604,0.13501684,0.14234903,0.15220065,14.7760404,0.2030031077559941,14.379418216666666
2019-06-17 08:30:00,8.299677,1007.3632,0.071783446,14.8278646,0.402300984,Vayu,Phase 3,3,15.7425146,8,17,168,0.8660254037844387,-0.5,14.9369345,15.0098238,14.6739559,0.403333992,0.406118304,0.428499848,8.307116,8.3318205,8.313313,1007.8393,1008.2688,1008.31885,0.077922314,0.13501684,0.14234903,14.873571399999998,0.176671937199674,14.590977516666667
2019-06-17 09:30:00,8.2295685,1006.63336,0.07749918,15.7425146,0.401422501,Vayu,Phase 3,3,15.8055429,9,17,168,0.7071067811865476,-0.707106781,14.8278646,14.9369345,15.0098238,0.402300984,0.403333992,0.406118304,8.299677,8.307116,8.3318205,1007.3632,1007.8393,1008.2688,0.071783446,0.077922314,0.13501684,14.9248743,0.091577147,14.746053533333331
2019-06-17 10:30:00,7.8944125,1006.0095,0.088411294,15.8055429,0.399947077,Vayu,Phase 3,3,15.6221781,10,17,168,0.4999999999999999,-0.866025404,15.7425146,14.8278646,14.9369345,0.401422501,0.402300984,0.403333992,8.2295685,8.299677,8.307116,1006.63336,1007.3632,1007.8393,0.07749918,0.071783446,0.077922314,15.169104566666666,0.499573178,14.972572483333332
2019-06-17 11:30:00,7.789606,1005.5793,0.08604577,15.6221781,0.395849288,Vayu,Phase 3,3,15.3861494,11,17,168,0.258819045,-0.965925826,15.8055429,15.7425146,14.8278646,0.399947077,0.401422501,0.402300984,7.8944125,8.2295685,8.299677,1006.0095,1006.63336,1007.3632,0.088411294,0.07749918,0.071783446,15.458640700000002,0.5471763955971317,15.166106049999998
2019-06-17 12:30:00,7.637595,1005.5655,0.08827145,15.3861494,0.39187789,Vayu,Phase 3,3,15.3057909,12,17,168,1.2246467991473532e-16,-1.0,15.6221781,15.8055429,15.7425146,0.395849288,0.399947077,0.401422501,7.789606,7.8944125,8.2295685,1005.5793,1006.0095,1006.63336,0.08604577,0.088411294,0.07749918,15.723411866666666,0.09316302,15.324143083333333
2019-06-17 13:30:00,7.4607635,1005.725,0.08846083,15.3057909,0.390263885,Vayu,Phase 3,3,15.3080997,13,17,168,-0.258819045,-0.965925826,15.3861494,15.6221781,15.8055429,0.39187789,0.395849288,0.399947077,7.637595,7.789606,7.8944125,1005.5655,1005.5793,1006.0095,0.08827145,0.08604577,0.088411294,15.604623466666666,0.2102471184682263,15.386864016666664
2019-06-17 14:30:00,7.287034,1006.0592,0.10542236,15.3080997,0.388404131,Vayu,Phase 3,3,15.1853552,14,17,168,-0.5,-0.866025404,15.3057909,15.3861494,15.6221781,0.390263885,0.39187789,0.395849288,7.4607635,7.637595,7.789606,1005.725,1005.5655,1005.5793,0.08846083,0.08827145,0.08604577,15.438039466666666,0.1644525747594205,15.448340083333337
2019-06-17 15:30:00,7.2039413,1006.6022,0.11161751,15.1853552,0.384329051,Vayu,Phase 3,3,15.0089073,15,17,168,-0.707106781,-0.707106781,15.3080997,15.3057909,15.3861494,0.388404131,0.390263885,0.39187789,7.287034,7.4607635,7.637595,1006.0592,1005.725,1005.5655,0.10542236,0.08846083,0.08827145,15.333346666666666,0.045743077,15.528379266666668
2019-06-17 16:30:00,7.1657166,1007.14514,0.09449474,15.0089073,0.378605664,Vayu,Phase 3,3,14.8414154,16,17,168,-0.866025404,-0.5,15.1853552,15.3080997,15.3057909,0.384329051,0.388404131,0.390263885,7.2039413,7.287034,7.4607635,1006.6022,1006.0592,1005.725,0.11161751,0.10542236,0.08846083,15.266415266666668,0.070209568,15.435519366666666
2019-06-17 17:30:00,7.189317,1007.5684,0.08647781,14.8414154,0.37416634,Vayu,Phase 3,3,14.6877909,17,17,168,-0.965925826,-0.258819045,15.0089073,15.1853552,15.3080997,0.378605664,0.384329051,0.388404131,7.1657166,7.2039413,7.287034,1007.14514,1006.6022,1006.0592,0.09449474,0.11161751,0.10542236,15.167454066666666,0.1503973436782029,15.302746766666669
2019-06-17 18:30:00,7.2818494,1007.7435,0.09575152,14.6877909,0.371895254,Vayu,Phase 3,3,14.6290503,18,17,168,-1.0,-1.84e-16,14.8414154,15.0089073,15.1853552,0.37416634,0.378605664,0.384329051,7.189317,7.1657166,7.2039413,1007.5684,1007.14514,1006.6022,0.08647781,0.09449474,0.11161751,15.011892633333334,0.1719893330047227,15.17261965
2019-06-17 19:30:00,7.4210567,1007.3045,0.15267834,14.6290503,0.370084912,Vayu,Phase 3,3,14.6473675,19,17,168,-0.965925826,0.2588190451025203,14.6877909,14.8414154,15.0089073,0.371895254,0.37416634,0.378605664,7.2818494,7.189317,7.1657166,1007.7435,1007.5684,1007.14514,0.09575152,0.08647781,0.09449474,14.846037866666668,0.1606080975103064,15.056226566666666
2019-06-17 20:30:00,7.620829,1006.72565,0.15403879,14.6473675,0.364929467,Vayu,Phase 3,3,14.5271196,20,17,168,-0.866025404,0.5000000000000001,14.6290503,14.6877909,14.8414154,0.370084912,0.371895254,0.37416634,7.4210567,7.2818494,7.189317,1007.3045,1007.7435,1007.5684,0.15267834,0.09575152,0.08647781,14.719418866666668,0.1096584704032843,14.943436466666666
2019-06-17 21:30:00,7.780371,1006.08984,0.16071896,14.5271196,0.36221981,Vayu,Phase 3,3,14.4372377,21,17,168,-0.707106781,0.7071067811865474,14.6473675,14.6290503,14.6877909,0.364929467,0.370084912,0.371895254,7.620829,7.4210567,7.2818494,1006.72565,1007.3045,1007.7435,0.15403879,0.15267834,0.09575152,14.654736233333333,0.030055585,14.833314433333332
2019-06-17 22:30:00,7.5823894,1005.2927,0.15201989,14.4372377,0.360765308,Vayu,Phase 3,3,14.4658632,22,17,168,-0.5,0.8660254037844384,14.5271196,14.6473675,14.6290503,0.36221981,0.364929467,0.370084912,7.780371,7.620829,7.4210567,1006.08984,1006.72565,1007.3045,0.16071896,0.15403879,0.15267834,14.601179133333334,0.064788045,14.7236085
2019-11-05 06:30:00,3.1708639,1010.2414,0.35097724,38.0400696,0.70530659,Bulbul,Phase 1,1,37.251812,6,5,309,1.0,6.123233995736766e-17,38.2044983,40.4990196,42.8376884,0.651619554,0.652173519,0.656502008,3.226338,3.2108474,3.1475966,1011.2103,1011.9813,1011.86896,0.35783157,0.37099206,0.37676948,40.51373543333333,2.316630104806896,44.317890166666665
2019-11-05 07:30:00,3.0795527,1009.1605,0.37308455,37.251812,0.700464249,Bulbul,Phase 1,1,37.1109657,7,5,309,0.9659258262890684,-0.258819045,38.0400696,38.2044983,40.4990196,0.70530659,0.651619554,0.652173519,3.1708639,3.226338,3.2108474,1010.2414,1011.2103,1011.9813,0.35097724,0.35783157,0.37099206,38.91452916666667,1.374669650985154,42.349486033333335
2019-11-05 08:30:00,2.9692385,1008.0768,0.3066346,37.1109657,0.699222326,Bulbul,Phase 1,1,37.4603691,8,5,309,0.8660254037844387,-0.5,37.251812,38.0400696,38.2044983,0.700464249,0.70530659,0.651619554,3.0795527,3.1708639,3.226338,1009.1605,1010.2414,1011.2103,0.37308455,0.35097724,0.35783157,37.83212663333333,0.5092474885471875,40.50909741666666
2019-11-05 09:30:00,2.9322338,1007.625,0.26438382,37.4603691,0.704840064,Bulbul,Phase 1,1,38.9479179,9,5,309,0.7071067811865476,-0.707106781,37.1109657,37.251812,38.0400696,0.699222326,0.700464249,0.70530659,2.9692385,3.0795527,3.1708639,1008.0768,1009.1605,1010.2414,0.3066346,0.37308455,0.35097724,37.46761576666668,0.5007364212133388,38.9906756
2019-11-05 10:30:00,2.8698006,1007.2981,0.2528502,38.9479179,0.705219507,Bulbul,Phase 1,1,41.2038651,10,5,309,0.4999999999999999,-0.866025404,37.4603691,37.1109657,37.251812,0.704840064,0.699222326,0.700464249,2.9322338,2.9692385,3.0795527,1007.625,1008.0768,1009.1605,0.26438382,0.3066346,0.37308455,37.27438226666667,0.1757917708143412,38.094455716666666
2019-11-05 11:30:00,2.7891703,1007.3896,0.23241606,41.2038651,0.706867337,Bulbul,Phase 1,1,45.0553551,11,5,309,0.258819045,-0.965925826,38.9479179,37.4603691,37.1109657,0.705219507,0.704840064,0.699222326,2.8698006,2.9322338,2.9692385,1007.2981,1007.625,1008.0768,0.2528502,0.26438382,0.3066346,37.839750900000006,0.975472326055296,37.835938766666665
2019-11-05 12:30:00,2.6592555,1007.9743,0.22725779,45.0553551,0.710472465,Bulbul,Phase 1,1,46.5682793,12,5,309,1.2246467991473532e-16,-1.0,41.2038651,38.9479179,37.4603691,0.706867337,0.705219507,0.704840064,2.7891703,2.8698006,2.9322338,1007.3896,1007.2981,1007.625,0.23241606,0.2528502,0.26438382,39.2040507,1.8848457719216596,38.33583323333333
2019-11-05 13:30:00,2.5879226,1008.6609,0.2404946,46.5682793,0.710280597,Bulbul,Phase 1,1,47.4723053,13,5,309,-0.258819045,-0.965925826,45.0553551,41.2038651,38.9479179,0.710472465,0.706867337,0.705219507,2.6592555,2.7891703,2.8698006,1007.9743,1007.3896,1007.2981,0.22725779,0.23241606,0.2528502,41.7357127,3.0882590063343685,39.505047483333335
2019-11-05 14:30:00,2.4630227,1009.36206,0.21882479,47.4723053,0.705618501,Bulbul,Phase 1,1,47.9762611,14,5,309,-0.5,-0.866025404,46.5682793,45.0553551,41.2038651,0.710280597,0.710472465,0.706867337,2.5879226,2.6592555,2.7891703,1008.6609,1007.9743,1007.3896,0.2404946,0.22725779,0.23241606,44.27583316666667,2.7658589553159207,41.057792033333335
2019-11-05 15:30:00,2.3825715,1009.61096,0.2064069,47.9762611,0.704511344,Bulbul,Phase 1,1,47.9819717,15,5,309,-0.707106781,-0.707106781,47.4723053,46.5682793,45.0553551,0.705618501,0.710280597,0.710472465,2.4630227,2.5879226,2.6592555,1009.36206,1008.6609,1007.9743,0.21882479,0.2404946,0.22725779,46.36531323333333,1.2211914204921783,42.78468196666668
2019-11-05 16:30:00,2.23489,1009.9266,0.21706969,47.9819717,0.701893687,Bulbul,Phase 1,1,48.1028366,16,5,309,-0.866025404,-0.5,47.9762611,47.4723053,46.5682793,0.704511344,0.705618501,0.710280597,2.3825715,2.4630227,2.5879226,1009.61096,1009.36206,1008.6609,0.2064069,0.21882479,0.2404946,47.338948566666666,0.7134011501440922,44.53733063333333
2019-11-05 17:30:00,2.0882344,1009.57764,0.22466318,48.1028366,0.697546244,Bulbul,Phase 1,1,48.5149879,17,5,309,-0.965925826,-0.258819045,47.9819717,47.9762611,47.4723053,0.701893687,0.704511344,0.705618501,2.23489,2.3825715,2.4630227,1009.9266,1009.61096,1009.36206,0.21706969,0.2064069,0.21882479,47.81017936666667,0.2926214558650716,46.04300626666667
2019-11-05 18:30:00,1.9848939,1009.2305,0.25039965,48.5149879,0.693751752,Bulbul,Phase 1,1,48.8909225,18,5,309,-1.0,-1.84e-16,48.1028366,47.9819717,47.9762611,0.697546244,0.701893687,0.704511344,2.0882344,2.23489,2.3825715,1009.57764,1009.9266,1009.61096,0.22466318,0.21706969,0.2064069,48.02035646666667,0.071486936,47.19283485
2019-11-05 19:30:00,1.978807,1008.76025,0.27703568,48.8909225,0.690912724,Bulbul,Phase 1,1,49.1728973,19,5,309,-0.965925826,0.2588190451025203,48.5149879,48.1028366,47.9819717,0.693751752,0.697546244,0.701893687,1.9848939,2.0882344,2.23489,1009.2305,1009.57764,1009.9266,0.25039965,0.22466318,0.21706969,48.19993206666667,0.2794587887348137,47.76944031666667
2019-11-05 20:30:00,2.0857184,1008.1551,0.31440112,49.1728973,0.68735671,Bulbul,Phase 1,1,49.4457664,20,5,309,-0.866025404,0.5000000000000001,48.8909225,48.5149879,48.1028366,0.690912724,0.693751752,0.697546244,1.978807,1.9848939,2.0882344,1008.76025,1009.2305,1009.57764,0.27703568,0.25039965,0.22466318,48.50291566666667,0.3941816212839664,48.15654751666667
2019-11-05 21:30:00,2.3510098,1007.96515,0.34523445,49.4457664,0.683164775,Bulbul,Phase 1,1,49.6788445,21,5,309,-0.707106781,0.7071067811865474,49.1728973,48.8909225,48.5149879,0.68735671,0.690912724,0.693751752,2.0857184,1.978807,1.9848939,1008.1551,1008.76025,1009.2305,0.31440112,0.27703568,0.25039965,48.85960256666667,0.3300710504122047,48.43997951666668
2019-11-05 22:30:00,2.4341981,1007.55505,0.38410324,49.6788445,0.678821921,Bulbul,Phase 1,1,49.7943306,22,5,309,-0.5,0.8660254037844384,49.4457664,49.1728973,48.8909225,0.683164775,0.68735671,0.690912724,2.3510098,2.0857184,1.978807,1007.96515,1008.1551,1008.76025,0.34523445,0.31440112,0.27703568,49.16986206666667,0.2774344027386881,48.68489706666667
2019-11-05 23:30:00,2.7882798,1007.58765,0.43909416,49.7943306,0.676124573,Bulbul,Phase 1,1,49.4940605,23,5,309,-0.258819045,0.965925826289068,49.6788445,49.4457664,49.1728973,0.678821921,0.683164775,0.68735671,2.4341981,2.3510098,2.0857184,1007.55505,1007.96515,1008.1551,0.38410324,0.34523445,0.31440112,49.43250273333333,0.2532342511138183,48.9677092
2019-11-06 00:30:00,3.0591433,1008.03174,0.4738546,49.4940605,0.675144196,Bulbul,Phase 1,1,48.6225586,0,6,310,0.0,1.0,49.7943306,49.6788445,49.4457664,0.676124573,0.678821921,0.683164775,2.7882798,2.4341981,2.3510098,1007.58765,1007.55505,1007.96515,0.43909416,0.38410324,0.34523445,49.63964716666666,0.1775572403082439,49.249624866666665
2019-11-06 01:30:00,3.332483,1008.65796,0.58604,48.6225586,0.672406554,Bulbul,Phase 1,1,47.9988556,1,6,310,0.2588190451025207,0.9659258262890684,49.4940605,49.7943306,49.6788445,0.675144196,0.676124573,0.678821921,3.0591433,2.7882798,2.4341981,1008.03174,1007.58765,1007.55505,0.4738546,0.43909416,0.38410324,49.655745200000005,0.1514619308077282,49.41280363333334
2019-11-06 02:30:00,3.4897943,1009.25696,0.63519466,47.9988556,0.663187325,Bulbul,Phase 1,1,44.8175545,2,6,310,0.4999999999999999,0.8660254037844387,48.6225586,49.4940605,49.7943306,0.672406554,0.675144196,0.676124573,3.332483,3.0591433,2.7882798,1008.65796,1008.03174,1007.58765,0.58604,0.4738546,0.43909416,49.3036499,0.6086497781486533,49.36807631666667
2019-11-06 03:30:00,3.6554677,1009.7145,0.6615944,44.8175545,0.649840951,Bulbul,Phase 1,1,40.9133949,3,6,310,0.7071067811865475,0.7071067811865476,47.9988556,48.6225586,49.4940605,0.663187325,0.672406554,0.675144196,3.4897943,3.332483,3.0591433,1009.25696,1008.65796,1008.03174,0.63519466,0.58604,0.4738546,48.70515823333333,0.7510169424295486,49.1724027
2019-11-06 04:30:00,3.840184,1009.68054,0.6605114,40.9133949,0.644106388,Bulbul,Phase 1,1,38.3142166,4,6,310,0.8660254037844386,0.5000000000000001,44.8175545,47.9988556,48.6225586,0.649840951,0.663187325,0.672406554,3.6554677,3.4897943,3.332483,1009.7145,1009.25696,1008.65796,0.6615944,0.63519466,0.58604,47.1463229,2.0407408100200426,48.40103405
2019-11-06 05:30:00,3.8946993,1009.0636,0.6605274,38.3142166,0.643116355,Bulbul,Phase 1,1,36.3124619,5,6,310,0.9659258262890684,0.2588190451025207,40.9133949,44.8175545,47.9988556,0.644106388,0.649840951,0.663187325,3.840184,3.6554677,3.4897943,1009.68054,1009.7145,1009.25696,0.6605114,0.6615944,0.63519466,44.57660166666667,3.5488705292993847,46.940125783333336
2019-11-06 06:30:00,3.85473,1008.1856,0.616869,36.3124619,0.684852123,Bulbul,Phase 1,1,35.5124626,6,6,310,1.0,6.123233995736766e-17,38.3142166,40.9133949,44.8175545,0.643116355,0.644106388,0.649840951,3.8946993,3.840184,3.6554677,1009.0636,1009.68054,1009.7145,0.6605274,0.6605114,0.6615944,41.348388666666665,3.2734180367275507,45.02677345
2019-11-06 07:30:00,3.7734616,1007.15045,0.6650064,35.5124626,0.691557884,Bulbul,Phase 1,1,35.2179756,7,6,310,0.9659258262890684,-0.258819045,36.3124619,38.3142166,40.9133949,0.684852123,0.643116355,0.644106388,3.85473,3.8946993,3.840184,1008.1856,1009.0636,1009.68054,0.616869,0.6605274,0.6605114,38.5133578,2.30692198194376,42.829840350000005
2019-11-06 08:30:00,3.6726775,1006.3834,0.58598876,35.2179756,0.700340033,Bulbul,Phase 1,1,36.6083107,8,6,310,0.8660254037844387,-0.5,35.5124626,36.3124619,38.3142166,0.691557884,0.684852123,0.643116355,3.7734616,3.85473,3.8946993,1007.15045,1008.1856,1009.0636,0.6650064,0.616869,0.6605274,36.71304703333333,1.4431935788087324,40.64482435
2019-11-06 09:30:00,3.6028552,1005.7952,0.53356713,36.6083107,0.697793245,Bulbul,Phase 1,1,37.8735771,9,6,310,0.7071067811865476,-0.707106781,35.2179756,35.5124626,36.3124619,0.700340033,0.691557884,0.684852123,3.6726775,3.7734616,3.85473,1006.3834,1007.15045,1008.1856,0.58598876,0.6650064,0.616869,35.680966700000006,0.5663658614442736,38.51467768333333
2019-11-06 10:30:00,3.461952,1005.692,0.5236295,37.8735771,0.689043403,Bulbul,Phase 1,1,39.1963768,10,6,310,0.4999999999999999,-0.866025404,36.6083107,35.2179756,35.5124626,0.697793245,0.700340033,0.691557884,3.6028552,3.6726775,3.7734616,1005.7952,1006.3834,1007.15045,0.53356713,0.58598876,0.6650064,35.77958296666667,0.7326478624066834,37.14647038333333
2019-11-06 11:30:00,3.431687,1005.87646,0.46339747,39.1963768,0.676008463,Bulbul,Phase 1,1,43.2342033,11,6,310,0.258819045,-0.965925826,37.8735771,36.6083107,35.2179756,0.689043403,0.697793245,0.700340033,3.461952,3.6028552,3.6726775,1005.692,1005.7952,1006.3834,0.5236295,0.53356713,0.58598876,36.566621133333335,1.3282915141930207,36.63983408333333
2019-11-06 12:30:00,3.4155717,1006.4183,0.42902672,43.2342033,0.662485361,Bulbul,Phase 1,1,45.1520081,12,6,310,1.2246467991473532e-16,-1.0,39.1963768,37.8735771,36.6083107,0.676008463,0.689043403,0.697793245,3.431687,3.461952,3.6028552,1005.87646,1005.692,1005.7952,0.46339747,0.5236295,0.53356713,37.89275486666667,1.294139627143477,36.78686078333333
2019-11-06 13:30:00,3.3856726,1007.1473,0.41688284,45.1520081,0.647759974,Bulbul,Phase 1,1,46.5990448,13,6,310,-0.258819045,-0.965925826,43.2342033,39.1963768,37.8735771,0.662485361,0.676008463,0.689043403,3.4155717,3.431687,3.461952,1006.4183,1005.87646,1005.692,0.42902672,0.46339747,0.5236295,40.10138573333333,2.792554241387528,37.94048435
2019-11-06 14:30:00,3.2923648,1007.8624,0.38250214,46.5990448,0.630724192,Bulbul,Phase 1,1,47.1798744,14,6,310,-0.5,-0.866025404,45.1520081,43.2342033,39.1963768,0.647759974,0.662485361,0.676008463,3.3856726,3.4155717,3.431687,1007.1473,1006.4183,1005.87646,0.41688284,0.42902672,0.46339747,42.5275294,3.0400537899995896,39.54707526666667
2019-11-06 15:30:00,3.1320658,1008.32263,0.36187074,47.1798744,0.619467497,Bulbul,Phase 1,1,47.3466873,15,6,310,-0.707106781,-0.707106781,46.5990448,45.1520081,43.2342033,0.630724192,0.647759974,0.662485361,3.2923648,3.3856726,3.4155717,1007.8624,1007.1473,1006.4183,0.38250214,0.41688284,0.42902672,44.9950854,1.6879005096160422,41.443920133333336
2019-11-06 16:30:00,2.9537146,1008.53564,0.3597251,47.3466873,0.613778949,Bulbul,Phase 1,1,47.4967003,16,6,310,-0.866025404,-0.5,47.1798744,46.5990448,45.1520081,0.619467497,0.630724192,0.647759974,3.1320658,3.2923648,3.3856726,1008.32263,1007.8624,1007.1473,0.36187074,0.38250214,0.41688284,46.310309100000005,1.044311572764491,43.20584741666667
2019-11-06 17:30:00,2.7946386,1008.3161,0.37924102,47.4967003,0.607176065,Bulbul,Phase 1,1,47.9344826,17,6,310,-0.965925826,-0.258819045,47.3466873,47.1798744,46.5990448,0.613778949,0.619467497,0.630724192,2.9537146,3.1320658,3.2923648,1008.53564,1008.32263,1007.8624,0.3597251,0.36187074,0.38250214,47.04186883333333,0.3924620736769989,44.78469911666667
2019-11-06 18:30:00,2.7064848,1007.812,0.40607494,47.9344826,0.601240337,Bulbul,Phase 2,2,48.3440285,18,6,310,-1.0,-1.84e-16,47.4967003,47.3466873,47.1798744,0.607176065,0.613778949,0.619467497,2.7946386,2.9537146,3.1320658,1008.3161,1008.53564,1008.32263,0.37924102,0.3597251,0.36187074,47.34108733333333,0.1584871680854501,46.16808636666667
2019-11-06 19:30:00,2.6868331,1007.3016,0.54102093,48.3440285,0.595651448,Bulbul,Phase 2,2,48.2399597,19,6,310,-0.965925826,0.2588190451025203,47.9344826,47.4967003,47.3466873,0.601240337,0.607176065,0.613778949,2.7064848,2.7946386,2.9537146,1007.812,1008.3161,1008.53564,0.40607494,0.37924102,0.3597251,47.5926234,0.3054124416437017,46.95146625
2019-11-06 20:30:00,2.7754765,1006.8166,0.54229707,48.2399597,0.590024412,Bulbul,Phase 2,2,47.2231979,20,6,310,-0.866025404,0.5000000000000001,48.3440285,47.9344826,47.4967003,0.595651448,0.601240337,0.607176065,2.6868331,2.7064848,2.7946386,1007.3016,1007.812,1008.3161,0.54102093,0.40607494,0.37924102,47.92507046666666,0.4237425053251711,47.48346965
2019-11-06 21:30:00,2.871698,1006.6389,0.5786705,47.2231979,0.579994202,Bulbul,Phase 2,2,45.6802177,21,6,310,-0.707106781,0.7071067811865474,48.2399597,48.3440285,47.9344826,0.590024412,0.595651448,0.601240337,2.7754765,2.6868331,2.7064848,1006.8166,1007.3016,1007.812,0.54229707,0.54102093,0.40607494,48.1728236,0.2128671017187312,47.75695546666666
2019-11-06 22:30:00,3.0046964,1006.5831,0.64984405,45.6802177,0.569287241,Bulbul,Phase 2,2,44.0283775,22,6,310,-0.5,0.8660254037844384,47.2231979,48.2399597,48.3440285,0.579994202,0.590024412,0.595651448,2.871698,2.7754765,2.6868331,1006.6389,1006.8166,1007.3016,0.5786705,0.54229707,0.54102093,47.935728700000006,0.6192597875648519,47.76417605
2019-11-06 23:30:00,3.2427166,1006.6717,0.7360688,44.0283775,0.559595227,Bulbul,Phase 2,2,42.391304,23,6,310,-0.258819045,0.965925826289068,45.6802177,47.2231979,48.2399597,0.569287241,0.579994202,0.590024412,3.0046964,2.871698,2.7754765,1006.5831,1006.6389,1006.8166,0.64984405,0.5786705,0.54229707,47.04779176666667,1.2888542432522194,47.486431116666665
2019-11-07 00:30:00,3.3350542,1007.21375,0.78565335,42.391304,0.551494062,Bulbul,Phase 2,2,40.8875999,0,7,311,0.0,1.0,44.0283775,45.6802177,47.2231979,0.559595227,0.569287241,0.579994202,3.2427166,3.0046964,2.871698,1006.6717,1006.5831,1006.6389,0.7360688,0.64984405,0.5786705,45.64393103333333,1.597719277187778,46.90837731666667
2019-11-07 01:30:00,3.409331,1007.855,0.8000921,40.8875999,0.545926273,Bulbul,Phase 2,2,40.5621223,1,7,311,0.2588190451025207,0.9659258262890684,42.391304,44.0283775,45.6802177,0.551494062,0.559595227,0.569287241,3.3350542,3.2427166,3.0046964,1007.21375,1006.6717,1006.5831,0.78565335,0.7360688,0.64984405,44.03329973333333,1.6444623750021616,45.98451421666667
2019-11-07 02:30:00,3.30266,1008.6362,0.8032286,40.5621223,0.541869402,Bulbul,Phase 2,2,39.8661041,2,7,311,0.4999999999999999,0.8660254037844387,40.8875999,42.391304,44.0283775,0.545926273,0.551494062,0.559595227,3.409331,3.3350542,3.2427166,1007.855,1007.21375,1006.6717,0.8000921,0.78565335,0.7360688,42.435760466666665,1.5708606769019688,44.74177611666667
2019-11-07 03:30:00,3.2160025,1009.0199,0.7610226,39.8661041,0.561063826,Bulbul,Phase 2,2,37.3496628,3,7,311,0.7071067811865475,0.7071067811865476,40.5621223,40.8875999,42.391304,0.541869402,0.545926273,0.551494062,3.30266,3.409331,3.3350542,1008.6362,1007.855,1007.21375,0.8032286,0.8000921,0.78565335,41.28034206666666,0.975787492,43.46213655
2019-11-07 04:30:00,3.1995418,1009.20776,0.6983772,37.3496628,0.553612649,Bulbul,Phase 2,2,34.7182312,4,7,311,0.8660254037844386,0.5000000000000001,39.8661041,40.5621223,40.8875999,0.561063826,0.541869402,0.545926273,3.2160025,3.30266,3.409331,1009.0199,1008.6362,1007.855,0.7610226,0.8032286,0.8000921,40.43860876666667,0.5218286232489694,42.23595425
2019-11-07 05:30:00,3.1140702,1008.6119,0.70121145,34.7182312,0.55142796,Bulbul,Phase 2,2,32.63097,5,7,311,0.9659258262890684,0.2588190451025207,37.3496628,39.8661041,40.5621223,0.553612649,0.561063826,0.541869402,3.1995418,3.2160025,3.30266,1009.20776,1009.0199,1008.6362,0.6983772,0.7610226,0.8032286,39.2592964,1.6900105616148304,40.84752843333333
2019-11-07 06:30:00,2.917979,1007.836,0.72442096,32.63097,0.502538443,Bulbul,Phase 2,2,32.2424126,6,7,311,1.0,6.123233995736766e-17,34.7182312,37.3496628,39.8661041,0.55142796,0.553612649,0.561063826,3.1140702,3.1995418,3.2160025,1008.6119,1009.20776,1009.0199,0.70121145,0.6983772,0.7610226,37.3113327,2.574150490174038,39.29583738333333
2019-11-07 07:30:00,2.6953974,1007.00806,0.82405657,32.2424126,0.498752266,Bulbul,Phase 2,2,32.2037201,7,7,311,0.9659258262890684,-0.258819045,32.63097,34.7182312,37.3496628,0.502538443,0.55142796,0.553612649,2.917979,3.1140702,3.1995418,1007.836,1008.6119,1009.20776,0.72442096,0.70121145,0.6983772,34.89962133333333,2.3645701978469718,37.66911505
2019-11-07 08:30:00,2.4574068,1006.1694,0.8114726,32.2037201,0.498395652,Bulbul,Phase 2,2,32.5254097,8,7,311,0.8660254037844387,-0.5,32.2424126,32.63097,34.7182312,0.498752266,0.502538443,0.55142796,2.6953974,2.917979,3.1140702,1007.00806,1007.836,1008.6119,0.82405657,0.72442096,0.70121145,33.1972046,1.3314975222299243,36.2282505
2019-11-07 09:30:00,2.2158225,1005.6125,0.7723551,32.5254097,0.506023705,Bulbul,Phase 2,2,32.8870926,9,7,311,0.7071067811865476,-0.707106781,32.2037201,32.2424126,32.63097,0.498395652,0.498752266,0.502538443,2.4574068,2.6953974,2.917979,1006.1694,1007.00806,1007.836,0.8114726,0.82405657,0.72442096,32.35903423333333,0.2362965790771395,34.83518346666667
2019-11-07 10:30:00,1.7387966,1005.55774,0.7508051,32.8870926,0.509661615,Bulbul,Phase 2,2,33.6054115,10,7,311,0.4999999999999999,-0.866025404,32.5254097,32.2037201,32.2424126,0.506023705,0.498395652,0.498752266,2.2158225,2.4574068,2.6953974,1005.6125,1006.1694,1007.00806,0.7723551,0.8114726,0.82405657,32.32384746666666,0.175626814065673,33.6117344
2019-11-07 11:30:00,1.4744947,1005.8851,0.75604534,33.6054115,0.51340282,Bulbul,Phase 2,2,36.4318619,11,7,311,0.258819045,-0.965925826,32.8870926,32.5254097,32.2037201,0.509661615,0.506023705,0.498395652,1.7387966,2.2158225,2.4574068,1005.55774,1005.6125,1006.1694,0.7508051,0.7723551,0.8114726,32.5387408,0.3418812397741833,32.8679727
2019-11-07 12:30:00,1.3641726,1006.38666,0.76823765,36.4318619,0.51662755,Bulbul,Phase 2,2,38.1227722,12,7,311,1.2246467991473532e-16,-1.0,33.6054115,32.8870926,32.5254097,0.51340282,0.509661615,0.506023705,1.4744947,1.7387966,2.2158225,1005.8851,1005.55774,1005.6125,0.75604534,0.7508051,0.7723551,33.00597126666667,0.5497272733294398,32.68250275
2019-11-07 13:30:00,1.2640396,1006.97943,0.7340014,38.1227722,0.523175061,Bulbul,Phase 2,2,38.6382561,13,7,311,-0.258819045,-0.965925826,36.4318619,33.6054115,32.8870926,0.51662755,0.51340282,0.509661615,1.3641726,1.4744947,1.7387966,1006.38666,1005.8851,1005.55774,0.76823765,0.75604534,0.7508051,34.308122000000004,1.8739527429109395,33.31598473333333
2019-11-07 14:30:00,1.1679553,1007.81946,0.70455164,38.6382561,0.53087002,Bulbul,Phase 2,2,38.7846107,14,7,311,-0.5,-0.866025404,38.1227722,36.4318619,33.6054115,0.523175061,0.51662755,0.51340282,1.2640396,1.3641726,1.4744947,1006.97943,1006.38666,1005.8851,0.7340014,0.76823765,0.75604534,36.053348533333335,2.2823433571737826,34.29604466666667
2019-11-07 15:30:00,1.0116346,1008.4002,0.70857656,38.7846107,0.54033643,Bulbul,Phase 2,2,38.6175728,15,7,311,-0.707106781,-0.707106781,38.6382561,38.1227722,36.4318619,0.53087002,0.523175061,0.51662755,1.1679553,1.2640396,1.3641726,1007.81946,1006.97943,1006.38666,0.70455164,0.7340014,0.76823765,37.7309634,1.1542007811757415,35.368467333333335
2019-11-07 16:30:00,0.8718191,1008.7241,0.6876171,38.6175728,0.546306849,Bulbul,Phase 2,2,38.4749985,16,7,311,-0.866025404,-0.5,38.7846107,38.6382561,38.1227722,0.54033643,0.53087002,0.523175061,1.0116346,1.1679553,1.2640396,1008.4002,1007.81946,1006.97943,0.70857656,0.70455164,0.7340014,38.515213,0.3476524893683211,36.4116675
2019-11-07 17:30:00,0.7543114,1008.53326,0.6681442,38.4749985,0.550831974,Bulbul,Phase 2,2,38.2835655,17,7,311,-0.965925826,-0.258819045,38.6175728,38.7846107,38.6382561,0.546306849,0.54033643,0.53087002,0.8718191,1.0116346,1.1679553,1008.7241,1008.4002,1007.81946,0.6876171,0.70857656,0.70455164,38.680146533333335,0.091057791,37.36674753333333
2019-11-07 18:30:00,0.67430127,1007.81946,0.7134868,38.2835655,0.554485023,Bulbul,Phase 2,2,38.1674957,18,7,311,-1.0,-1.84e-16,38.4749985,38.6175728,38.7846107,0.550831974,0.546306849,0.54033643,0.7543114,0.8718191,1.0116346,1008.53326,1008.7241,1008.4002,0.6681442,0.6876171,0.70857656,38.62572733333334,0.154967096210278,38.17834536666667
2019-11-07 19:30:00,0.66219187,1007.424,0.8754304,38.1674957,0.552711904,Bulbul,Phase 2,2,38.2937469,19,7,311,-0.965925826,0.2588190451025203,38.2835655,38.4749985,38.6175728,0.554485023,0.550831974,0.546306849,0.67430127,0.7543114,0.8718191,1007.81946,1008.53326,1008.7241,0.7134868,0.6681442,0.6876171,38.45871226666667,0.1675981806604131,38.48696263333333
2019-11-07 20:30:00,0.69619846,1007.0079,0.8516859,38.2937469,0.549728096,Bulbul,Phase 2,2,38.2024689,20,7,311,-0.866025404,0.5000000000000001,38.1674957,38.2835655,38.4749985,0.552711904,0.554485023,0.550831974,0.66219187,0.67430127,0.7543114,1007.424,1007.81946,1008.53326,0.8754304,0.7134868,0.6681442,38.308686566666665,0.1552829481785648,38.49441655
2019-11-07 21:30:00,0.7113233,1006.85236,0.83697504,38.2024689,0.550115705,Bulbul,Phase 2,2,38.3967514,21,7,311,-0.707106781,0.7071067811865474,38.2937469,38.1674957,38.2835655,0.549728096,0.552711904,0.554485023,0.69619846,0.66219187,0.67430127,1007.0079,1007.424,1007.81946,0.8516859,0.8754304,0.7134868,38.24826936666667,0.070137038,38.43699835
2019-11-07 22:30:00,0.5206975,1006.7467,0.81572676,38.3967514,0.549233854,Bulbul,Phase 2,2,37.8442268,22,7,311,-0.5,0.8660254037844384,38.2024689,38.2937469,38.1674957,0.550115705,0.549728096,0.552711904,0.7113233,0.69619846,0.66219187,1006.85236,1007.0079,1007.424,0.83697504,0.8516859,0.8754304,38.22123716666667,0.065184563,38.33997471666667
2019-11-07 23:30:00,0.48120704,1006.7219,0.78412896,37.8442268,0.548105657,Bulbul,Phase 2,2,37.7473831,23,7,311,-0.258819045,0.965925826289068,38.3967514,38.2024689,38.2937469,0.549233854,0.550115705,0.549728096,0.5206975,0.7113233,0.69619846,1006.7467,1006.85236,1007.0079,0.81572676,0.83697504,0.8516859,38.297655733333336,0.097200214,38.30317115
2019-11-08 00:30:00,0.5233645,1007.5243,0.7555754,37.7473831,0.547085464,Bulbul,Phase 2,2,37.9190865,0,8,312,0.0,1.0,37.8442268,38.3967514,38.2024689,0.548105657,0.549233854,0.550115705,0.48120704,0.5206975,0.7113233,1006.7219,1006.7467,1006.85236,0.78412896,0.81572676,0.83697504,38.1478157,0.2802875088265228,38.198042533333336
2019-11-08 01:30:00,0.58005375,1008.43195,0.74194694,37.9190865,0.541104615,Bulbul,Phase 2,2,37.6113625,1,8,312,0.2588190451025207,0.9659258262890684,37.7473831,37.8442268,38.3967514,0.547085464,0.548105657,0.549233854,0.5233645,0.48120704,0.5206975,1007.5243,1006.7219,1006.7467,0.7555754,0.78412896,0.81572676,37.99612043333333,0.3503192174957392,38.1086788
2019-11-08 02:30:00,0.730354,1009.37274,0.710448,37.6113625,0.535585701,Bulbul,Phase 2,2,36.1633072,2,8,312,0.4999999999999999,0.8660254037844387,37.9190865,37.7473831,37.8442268,0.541104615,0.547085464,0.548105657,0.58005375,0.5233645,0.48120704,1008.43195,1007.5243,1006.7219,0.74194694,0.7555754,0.78412896,37.8368988,0.08608594,38.06727726666667
2019-11-08 03:30:00,0.88464504,1009.98486,0.6602588,36.1633072,0.53078264,Bulbul,Phase 2,2,32.4337616,3,8,312,0.7071067811865475,0.7071067811865476,37.6113625,37.9190865,37.7473831,0.535585701,0.541104615,0.547085464,0.730354,0.58005375,0.5233645,1009.37274,1008.43195,1007.5243,0.710448,0.74194694,0.7555754,37.75927736666667,0.1542064208418429,37.95354653333333
2019-11-08 04:30:00,1.0008115,1010.14233,0.6270638,32.4337616,0.527065635,Bulbul,Phase 2,2,30.9365387,4,8,312,0.8660254037844386,0.5000000000000001,36.1633072,37.6113625,37.9190865,0.53078264,0.535585701,0.541104615,0.88464504,0.730354,0.58005375,1009.98486,1009.37274,1008.43195,0.6602588,0.710448,0.74194694,37.23125206666666,0.937578366710724,37.61368625
2019-11-08 05:30:00,1.1567644,1009.6994,0.626609,30.9365387,0.523891509,Bulbul,Phase 2,2,28.9953671,5,8,312,0.9659258262890684,0.2588190451025207,32.4337616,36.1633072,37.6113625,0.527065635,0.53078264,0.535585701,1.0008115,0.88464504,0.730354,1010.14233,1009.98486,1009.37274,0.6270638,0.6602588,0.710448,35.402810433333336,2.671264544930582,36.619854616666665
2019-11-08 06:30:00,1.2723784,1008.7366,0.6149729,28.9953671,0.538269222,Bulbul,Phase 2,2,28.5521545,6,8,312,1.0,6.123233995736766e-17,30.9365387,32.4337616,36.1633072,0.523891509,0.527065635,0.53078264,1.1567644,1.0008115,0.88464504,1009.6994,1010.14233,1009.98486,0.626609,0.6270638,0.6602588,33.17786916666666,2.6916629230321663,35.46857326666666
2019-11-08 07:30:00,1.4031788,1007.8875,0.649285,28.5521545,0.531871021,Bulbul,Phase 2,2,28.4293785,7,8,312,0.9659258262890684,-0.258819045,28.9953671,30.9365387,32.4337616,0.538269222,0.523891509,0.527065635,1.2723784,1.1567644,1.0008115,1008.7366,1009.6994,1010.14233,0.6149729,0.626609,0.6270638,30.7885558,1.7239673397216215,34.009903933333334
2019-11-08 08:30:00,1.5201265,1006.9537,0.68692076,28.4293785,0.521956205,Bulbul,Phase 2,2,28.3436413,8,8,312,0.8660254037844387,-0.5,28.5521545,28.9953671,30.9365387,0.531871021,0.538269222,0.523891509,1.4031788,1.2723784,1.1567644,1007.8875,1008.7366,1009.6994,0.649285,0.6149729,0.626609,29.494686766666664,1.2681924540236116,32.448748599999995
2019-11-08 09:30:00,1.5948683,1006.56647,0.70006377,28.3436413,0.56897366,Bulbul,Phase 2,2,28.32374,9,8,312,0.7071067811865476,-0.707106781,28.4293785,28.5521545,28.9953671,0.521956205,0.531871021,0.538269222,1.5201265,1.4031788,1.2723784,1006.9537,1007.8875,1008.7366,0.68692076,0.649285,0.6149729,28.6589667,0.2977287496766678,30.91841793333333
2019-11-08 10:30:00,1.395069,1006.91547,0.7006712,28.32374,0.566930532,Bulbul,Phase 2,2,29.2803974,10,8,312,0.4999999999999999,-0.866025404,28.3436413,28.4293785,28.5521545,0.56897366,0.521956205,0.531871021,1.5948683,1.5201265,1.4031788,1006.56647,1006.9537,1007.8875,0.70006377,0.68692076,0.649285,28.441724766666667,0.1048034415890949,29.615140283333336
2019-11-08 11:30:00,1.4288487,1007.12274,0.672396,29.2803974,0.569543064,Bulbul,Phase 2,2,31.4263916,11,8,312,0.258819045,-0.965925826,28.32374,28.3436413,28.4293785,0.566930532,0.56897366,0.521956205,1.395069,1.5948683,1.5201265,1006.91547,1006.56647,1006.9537,0.7006712,0.70006377,0.68692076,28.3655866,0.056134395,28.93013668333333
2019-11-08 12:30:00,1.4214535,1007.6765,0.65117466,31.4263916,0.576304078,Bulbul,Phase 2,2,32.3133888,12,8,312,1.2246467991473532e-16,-1.0,29.2803974,28.32374,28.3436413,0.569543064,0.566930532,0.56897366,1.4288487,1.395069,1.5948683,1007.12274,1006.91547,1006.56647,0.672396,0.7006712,0.70006377,28.649259566666668,0.546671966,28.654113133333336
2019-11-08 13:30:00,1.4505697,1008.3713,0.61927456,32.3133888,0.57949543,Bulbul,Phase 2,2,32.4253731,13,8,312,-0.258819045,-0.965925826,31.4263916,29.2803974,28.32374,0.576304078,0.569543064,0.566930532,1.4214535,1.4288487,1.395069,1007.6765,1007.12274,1006.91547,0.65117466,0.672396,0.7006712,29.676843,1.5888639252828092,29.059283883333336
2019-11-08 14:30:00,1.5473399,1009.17523,0.5799765,32.4253731,0.576603115,Bulbul,Phase 2,2,32.4661598,14,8,312,-0.5,-0.866025404,32.3133888,31.4263916,29.2803974,0.57949543,0.576304078,0.569543064,1.4505697,1.4214535,1.4288487,1008.3713,1007.6765,1007.12274,0.61927456,0.65117466,0.672396,31.00672593333333,1.559438572676893,29.686156266666668
2019-11-08 15:30:00,1.7763927,1009.59357,0.5584673,32.4661598,0.567554832,Bulbul,Phase 2,2,32.4836884,15,8,312,-0.707106781,-0.707106781,32.4253731,32.3133888,31.4263916,0.576603115,0.57949543,0.576304078,1.5473399,1.4505697,1.4214535,1009.17523,1008.3713,1007.6765,0.5799765,0.61927456,0.65117466,32.055051166666665,0.5473068233932039,30.352155366666665
2019-11-08 16:30:00,2.0275748,1009.93494,0.53903466,32.4836884,0.554674804,Bulbul,Phase 2,2,32.6901054,16,8,312,-0.866025404,-0.5,32.4661598,32.4253731,32.3133888,0.567554832,0.576603115,0.57949543,1.7763927,1.5473399,1.4505697,1009.59357,1009.17523,1008.3713,0.5584673,0.5799765,0.61927456,32.401640566666664,0.079102272,31.03924178333333
2019-11-08 17:30:00,2.2738016,1009.6688,0.5259784,32.6901054,0.541843712,Bulbul,Phase 2,2,32.879818,17,8,312,-0.965925826,-0.258819045,32.4836884,32.4661598,32.4253731,0.554674804,0.567554832,0.576603115,2.0275748,1.7763927,1.5473399,1009.93494,1009.59357,1009.17523,0.53903466,0.5584673,0.5799765,32.458407099999995,0.0299206754852932,31.732566516666665
2019-11-08 18:30:00,2.5406094,1009.12616,0.56727016,32.879818,0.532116413,Bulbul,Phase 2,2,32.923996,18,8,312,-1.0,-1.84e-16,32.6901054,32.4836884,32.4661598,0.541843712,0.554674804,0.567554832,2.2738016,2.0275748,1.7763927,1009.6688,1009.93494,1009.59357,0.5259784,0.53903466,0.5584673,32.5466512,0.1245437416240971,32.30085118333333
2019-11-08 19:30:00,2.745408,1008.6507,0.53567195,32.923996,0.524533331,Bulbul,Phase 2,2,33.0199509,19,8,312,-0.965925826,0.2588190451025203,32.879818,32.6901054,32.4836884,0.532116413,0.541843712,0.554674804,2.5406094,2.2738016,2.0275748,1009.12616,1009.6688,1009.93494,0.56727016,0.5259784,0.53903466,32.684537266666666,0.19812349199595,32.54308891666667
2019-11-08 20:30:00,2.914747,1008.081,0.5650423,33.0199509,0.511238754,Bulbul,Phase 2,2,33.056118,20,8,312,-0.866025404,0.5000000000000001,32.923996,32.879818,32.6901054,0.524533331,0.532116413,0.541843712,2.745408,2.5406094,2.2738016,1008.6507,1009.12616,1009.6688,0.53567195,0.56727016,0.5259784,32.83130646666667,0.1242627451888733,32.64485678333333
2019-11-08 21:30:00,3.003606,1007.84076,0.5558766,33.056118,0.502653718,Bulbul,Phase 2,2,32.800312,21,8,312,-0.707106781,0.7071067811865474,33.0199509,32.923996,32.879818,0.511238754,0.524533331,0.532116413,2.914747,2.745408,2.5406094,1008.081,1008.6507,1009.12616,0.5650423,0.53567195,0.56727016,32.94125496666667,0.071642944,32.74395308333333
2019-11-08 22:30:00,3.0470948,1007.33344,0.5698967,32.800312,0.492014021,Bulbul,Phase 2,2,32.1075516,22,8,312,-0.5,0.8660254037844384,33.056118,33.0199509,32.923996,0.502653718,0.511238754,0.524533331,3.003606,2.914747,2.745408,1007.84076,1008.081,1008.6507,0.5558766,0.5650423,0.53567195,33.00002163333333,0.068278382,32.84227945
2019-11-08 23:30:00,3.1009855,1007.5037,0.56266093,32.1075516,0.473702997,Bulbul,Phase 2,2,30.8607998,23,8,312,-0.258819045,0.965925826289068,32.800312,33.056118,33.0199509,0.492014021,0.502653718,0.511238754,3.0470948,3.003606,2.914747,1007.33344,1007.84076,1008.081,0.5698967,0.5558766,0.5650423,32.95879363333333,0.1384353129032817,32.89505005
2019-11-09 00:30:00,3.1842473,1008.22534,0.5826308,30.8607998,0.463296175,Bulbul,Phase 2,2,29.7539654,0,9,313,0.0,1.0,32.1075516,32.800312,33.056118,0.473702997,0.492014021,0.502653718,3.1009855,3.0470948,3.003606,1007.5037,1007.33344,1007.84076,0.56266093,0.5698967,0.5558766,32.654660533333335,0.4907701255260572,32.79795775
2019-11-09 01:30:00,3.2585983,1009.0813,0.54660916,29.7539654,0.451607227,Bulbul,Phase 2,2,29.1479549,1,9,313,0.2588190451025207,0.9659258262890684,30.8607998,32.1075516,32.800312,0.463296175,0.473702997,0.492014021,3.1842473,3.1009855,3.0470948,1008.22534,1007.5037,1007.33344,0.5826308,0.56266093,0.5698967,31.9228878,0.9828542276248337,32.46145471666667
2019-11-09 02:30:00,3.3300593,1010.18195,0.51906484,29.1479549,0.432899028,Bulbul,Phase 2,2,27.9701252,2,9,313,0.4999999999999999,0.8660254037844387,29.7539654,30.8607998,32.1075516,0.451607227,0.463296175,0.473702997,3.2585983,3.1842473,3.1009855,1009.0813,1008.22534,1007.5037,0.54660916,0.5826308,0.56266093,30.90743893333333,1.1774860537501448,31.933116283333334
2019-11-09 03:30:00,3.3367693,1010.5281,0.5225995,27.9701252,0.441644132,Bulbul,Phase 2,2,26.6086445,3,9,313,0.7071067811865475,0.7071067811865476,29.1479549,29.7539654,30.8607998,0.432899028,0.451607227,0.463296175,3.3300593,3.2585983,3.1842473,1010.18195,1009.0813,1008.22534,0.51906484,0.54660916,0.5826308,29.9209067,0.8685398442778112,31.287783616666665
2019-11-09 04:30:00,3.3814423,1010.79956,0.5280222,26.6086445,0.429011345,Bulbul,Phase 2,2,25.6452255,4,9,313,0.8660254037844386,0.5000000000000001,27.9701252,29.1479549,29.7539654,0.441644132,0.432899028,0.451607227,3.3367693,3.3300593,3.2585983,1010.5281,1010.18195,1009.0813,0.5225995,0.51906484,0.54660916,28.9573485,0.9070664609467848,30.44011815
2019-11-09 05:30:00,3.4338307,1010.3113,0.49152178,25.6452255,0.414420962,Bulbul,Phase 2,2,25.0706406,5,9,313,0.9659258262890684,0.2588190451025207,26.6086445,27.9701252,29.1479549,0.429011345,0.441644132,0.432899028,3.3814423,3.3367693,3.3300593,1010.79956,1010.5281,1010.18195,0.5280222,0.5225995,0.51906484,27.9089082,1.2707615699664172,29.408173566666665
2019-11-09 06:30:00,3.4392283,1009.3342,0.48080498,25.0706406,0.48163566,Bulbul,Phase 2,2,25.1059284,6,9,313,1.0,6.123233995736766e-17,25.6452255,26.6086445,27.9701252,0.414420962,0.429011345,0.441644132,3.4338307,3.3814423,3.3367693,1010.3113,1010.79956,1010.5281,0.49152178,0.5280222,0.5225995,26.74133173333333,1.1681156107945465,28.331119216666664
2019-11-09 07:30:00,3.4452395,1008.57245,0.5739575,25.1059284,0.465964645,Bulbul,Phase 2,2,25.2527256,7,9,313,0.9659258262890684,-0.258819045,25.0706406,25.6452255,26.6086445,0.48163566,0.414420962,0.429011345,3.4392283,3.4338307,3.3814423,1009.3342,1010.3113,1010.79956,0.48080498,0.49152178,0.5280222,25.774836866666664,0.7771507761562718,27.36609268333333
2019-11-09 08:30:00,3.4672174,1007.6306,0.54735106,25.2527256,0.446397603,Bulbul,Phase 2,2,25.8592243,8,9,313,0.8660254037844387,-0.5,25.1059284,25.0706406,25.6452255,0.465964645,0.48163566,0.414420962,3.4452395,3.4392283,3.4338307,1008.57245,1009.3342,1010.3113,0.5739575,0.48080498,0.49152178,25.273931500000003,0.3220337451786267,26.59141985
2019-11-09 09:30:00,3.455999,1007.1845,0.5592381,25.8592243,0.454179585,Bulbul,Phase 2,2,26.5202084,9,9,313,0.7071067811865476,-0.707106781,25.2527256,25.1059284,25.0706406,0.446397603,0.465964645,0.48163566,3.4672174,3.4452395,3.4392283,1007.6306,1008.57245,1009.3342,0.54735106,0.5739575,0.48080498,25.1430982,0.096565689,25.94221496666667
2019-11-09 10:30:00,3.4941385,1007.6013,0.5349838,26.5202084,0.440218329,Bulbul,Phase 2,2,28.0851612,10,9,313,0.4999999999999999,-0.866025404,25.8592243,25.2527256,25.1059284,0.454179585,0.446397603,0.465964645,3.455999,3.4672174,3.4452395,1007.1845,1007.6306,1008.57245,0.5592381,0.54735106,0.5739575,25.405959433333333,0.3993421264996902,25.59039815
2019-11-09 11:30:00,3.3566296,1007.7643,0.4892717,28.0851612,0.423547477,Bulbul,Phase 2,2,30.0516758,11,9,313,0.258819045,-0.965925826,26.5202084,25.8592243,25.2527256,0.440218329,0.454179585,0.446397603,3.4941385,3.455999,3.4672174,1007.6013,1007.1845,1007.6306,0.5349838,0.5592381,0.54735106,25.8773861,0.6339365506957215,25.5756588
2019-11-09 12:30:00,3.1825037,1008.1407,0.43549442,30.0516758,0.412731618,Bulbul,Phase 2,2,31.1122704,12,9,313,1.2246467991473532e-16,-1.0,28.0851612,26.5202084,25.8592243,0.423547477,0.440218329,0.454179585,3.3566296,3.4941385,3.455999,1007.7643,1007.6013,1007.1845,0.4892717,0.5349838,0.5592381,26.8215313,1.143151515873277,25.98231475
2019-11-09 13:30:00,3.0139093,1008.8549,0.4097307,31.1122704,0.399852723,Bulbul,Phase 2,2,31.7676659,13,9,313,-0.258819045,-0.965925826,30.0516758,28.0851612,26.5202084,0.412731618,0.423547477,0.440218329,3.1825037,3.3566296,3.4941385,1008.1407,1007.7643,1007.6013,0.43549442,0.4892717,0.5349838,28.21901513333334,1.7695347286552623,26.812487283333336
2019-11-09 14:30:00,2.8240533,1009.68744,0.39934778,31.7676659,0.385769904,Bulbul,Phase 2,2,32.4839821,14,9,313,-0.5,-0.866025404,31.1122704,30.0516758,28.0851612,0.399852723,0.412731618,0.423547477,3.0139093,3.1825037,3.3566296,1008.8549,1008.1407,1007.7643,0.4097307,0.43549442,0.4892717,29.749702466666676,1.5359812654177658,27.81354428333333
2019-11-09 15:30:00,2.7410176,1010.34985,0.3634909,32.4839821,0.377366483,Bulbul,Phase 2,2,32.7440453,15,9,313,-0.707106781,-0.707106781,31.7676659,31.1122704,30.0516758,0.385769904,0.399852723,0.412731618,2.8240533,3.0139093,3.1825037,1009.68744,1008.8549,1008.1407,0.39934778,0.4097307,0.43549442,30.977204033333336,0.8659316938291748,28.899367666666667
2019-11-09 16:30:00,2.699015,1010.6822,0.3528597,32.7440453,0.368302792,Bulbul,Phase 2,2,32.7350731,16,9,313,-0.866025404,-0.5,32.4839821,31.7676659,31.1122704,0.377366483,0.385769904,0.399852723,2.7410176,2.8240533,3.0139093,1010.34985,1009.68744,1008.8549,0.3634909,0.39934778,0.4097307,31.787972799999995,0.6860812813507976,30.003493966666667
2019-11-09 17:30:00,2.7137017,1010.47314,0.34563386,32.7350731,0.356930047,Bulbul,Phase 2,2,33.0071526,17,9,313,-0.965925826,-0.258819045,32.7440453,32.4839821,31.7676659,0.368302792,0.377366483,0.385769904,2.699015,2.7410176,2.8240533,1010.6822,1010.34985,1009.68744,0.3528597,0.3634909,0.39934778,32.331897766666664,0.5056445555132977,31.04080011666667
2019-11-09 18:30:00,2.7205846,1010.0443,0.3552385,33.0071526,0.351967216,Bulbul,Phase 2,2,33.2707176,18,9,313,-1.0,-1.84e-16,32.7350731,32.7440453,32.4839821,0.356930047,0.368302792,0.377366483,2.7137017,2.699015,2.7410176,1010.47314,1010.6822,1010.34985,0.34563386,0.3528597,0.3634909,32.654366833333334,0.1476256858006205,31.81578543333333
2019-11-09 19:30:00,2.7458198,1009.5768,0.26291957,33.2707176,0.344147623,Bulbul,Phase 2,2,33.4212456,19,9,313,-0.965925826,0.2588190451025203,33.0071526,32.7350731,32.7440453,0.351967216,0.356930047,0.368302792,2.7205846,2.7137017,2.699015,1010.0443,1010.47314,1010.6822,0.3552385,0.34563386,0.3528597,32.828757,0.1545602396084743,32.3083649
2019-11-09 20:30:00,2.7365685,1008.98724,0.29941264,33.4212456,0.331400901,Bulbul,Phase 2,2,33.6053238,20,9,313,-0.866025404,0.5000000000000001,33.2707176,33.0071526,32.7350731,0.344147623,0.351967216,0.356930047,2.7458198,2.7205846,2.7137017,1009.5768,1010.0443,1010.47314,0.26291957,0.3552385,0.34563386,33.00431443333333,0.2678335284980048,32.6681061
2019-11-09 21:30:00,2.6752517,1008.7689,0.33527774,33.6053238,0.319855928,Bulbul,Phase 2,2,33.4664154,21,9,313,-0.707106781,0.7071067811865474,33.4212456,33.2707176,33.0071526,0.331400901,0.344147623,0.351967216,2.7365685,2.7458198,2.7205846,1008.98724,1009.5768,1010.0443,0.29941264,0.26291957,0.3552385,33.23303859999999,0.2096020835848784,32.94370271666667
2019-11-09 22:30:00,2.3703918,1008.9215,0.36577022,33.4664154,0.306483209,Bulbul,Phase 2,2,33.0457191,22,9,313,-0.5,0.8660254037844384,33.6053238,33.4212456,33.2707176,0.319855928,0.331400901,0.344147623,2.6752517,2.7365685,2.7458198,1008.7689,1008.98724,1009.5768,0.33527774,0.29941264,0.26291957,33.43242899999999,0.1675831990278641,33.130593000000005
2019-11-09 23:30:00,2.2379158,1009.1156,0.39641106,33.0457191,0.290830553,Bulbul,Phase 2,2,32.257843,23,9,313,-0.258819045,0.965925826289068,33.4664154,33.6053238,33.4212456,0.306483209,0.319855928,0.331400901,2.3703918,2.6752517,2.7365685,1008.9215,1008.7689,1008.98724,0.36577022,0.33527774,0.29941264,33.497661599999994,0.095934559,33.25098801666667
2019-11-10 00:30:00,2.18359,1009.5675,0.39711475,32.257843,0.2798841,Bulbul,Phase 2,2,31.7253265,0,10,314,0.0,1.0,33.0457191,33.4664154,33.6053238,0.290830553,0.306483209,0.319855928,2.2379158,2.3703918,2.6752517,1009.1156,1008.9215,1008.7689,0.39641106,0.36577022,0.33527774,33.3724861,0.2913870108884767,33.302762349999995
2019-11-10 01:30:00,2.0592883,1010.40295,0.3840202,31.7253265,0.270317435,Bulbul,Phase 2,2,31.4687138,1,10,314,0.2588190451025207,0.9659258262890684,32.257843,33.0457191,33.4664154,0.2798841,0.290830553,0.306483209,2.18359,2.2379158,2.3703918,1009.5675,1009.1156,1008.9215,0.39711475,0.39641106,0.36577022,32.92332583333333,0.6135119357474311,33.17787741666667
2019-11-10 02:30:00,1.9118471,1011.18463,0.37482256,31.4687138,0.258492529,Bulbul,Phase 2,2,32.9058838,2,10,314,0.4999999999999999,0.8660254037844387,31.7253265,32.257843,33.0457191,0.270317435,0.2798841,0.290830553,2.0592883,2.18359,2.2379158,1010.40295,1009.5675,1009.1156,0.3840202,0.39711475,0.39641106,32.34296286666666,0.6642990277802585,32.920312233333334
2019-11-10 03:30:00,1.6509905,1011.64825,0.3618716,32.9058838,0.32824555,Bulbul,Phase 2,2,31.0637074,3,10,314,0.7071067811865475,0.7071067811865476,31.4687138,31.7253265,32.257843,0.258492529,0.270317435,0.2798841,1.9118471,2.0592883,2.18359,1011.18463,1010.40295,1009.5675,0.37482256,0.3840202,0.39711475,31.81729443333333,0.4025230417559174,32.59489026666667
2019-11-10 04:30:00,1.4471602,1011.76917,0.34936574,31.0637074,0.314469874,Bulbul,Phase 2,2,30.25947,4,10,314,0.8660254037844386,0.5000000000000001,32.9058838,31.4687138,31.7253265,0.32824555,0.258492529,0.270317435,1.6509905,1.9118471,2.0592883,1011.64825,1011.18463,1010.40295,0.3618716,0.37482256,0.3840202,32.03330803333333,0.7664880109178762,32.47831693333334
2019-11-10 05:30:00,1.344451,1011.25586,0.34828964,30.25947,0.302565426,Bulbul,Phase 2,2,29.5155239,5,10,314,0.9659258262890684,0.2588190451025207,31.0637074,32.9058838,31.4687138,0.314469874,0.32824555,0.258492529,1.4471602,1.6509905,1.9118471,1011.76917,1011.64825,1011.18463,0.34936574,0.3618716,0.37482256,31.812768333333327,0.9680824415357018,32.0778656
2019-11-10 06:30:00,1.4069076,1010.2713,0.3526372,29.5155239,0.295960277,Bulbul,Phase 3,3,29.264473,6,10,314,1.0,6.123233995736766e-17,30.25947,31.0637074,32.9058838,0.302565426,0.314469874,0.32824555,1.344451,1.4471602,1.6509905,1011.25586,1011.76917,1011.64825,0.34828964,0.34936574,0.3618716,31.409687066666663,1.356706654924987,31.61349075
2019-11-10 07:30:00,1.5111486,1009.3223,0.30724338,29.264473,0.290796429,Bulbul,Phase 3,3,29.1304474,7,10,314,0.9659258262890684,-0.258819045,29.5155239,30.25947,31.0637074,0.295960277,0.302565426,0.314469874,1.4069076,1.344451,1.4471602,1010.2713,1011.25586,1011.76917,0.3526372,0.34828964,0.34936574,30.2795671,0.7742873868851171,31.156437566666668
2019-11-10 08:30:00,1.6572031,1008.54443,0.2864576,29.1304474,0.286422223,Bulbul,Phase 3,3,29.7071648,8,10,314,0.8660254037844387,-0.5,29.264473,29.5155239,30.25947,0.290796429,0.295960277,0.302565426,1.5111486,1.4069076,1.344451,1009.3223,1010.2713,1011.25586,0.30724338,0.3526372,0.34828964,29.6798223,0.5174458722264218,30.746295316666664
2019-11-10 09:30:00,1.6893016,1008.0211,0.27462643,29.7071648,0.30314365,Bulbul,Phase 3,3,30.1073151,9,10,314,0.7071067811865476,-0.707106781,29.1304474,29.264473,29.5155239,0.286422223,0.290796429,0.295960277,1.6572031,1.5111486,1.4069076,1008.54443,1009.3223,1010.2713,0.2864576,0.30724338,0.3526372,29.30348143333333,0.1954794646922797,30.35658425
2019-11-10 10:30:00,1.5756247,1008.40314,0.24695298,30.1073151,0.297145784,Bulbul,Phase 3,3,31.3366795,10,10,314,0.4999999999999999,-0.866025404,29.7071648,29.1304474,29.264473,0.30314365,0.286422223,0.290796429,1.6893016,1.6572031,1.5111486,1008.0211,1008.54443,1009.3223,0.27462643,0.2864576,0.30724338,29.36736173333333,0.3018117102613357,29.823464416666667
2019-11-10 11:30:00,1.5564048,1008.5535,0.23164272,31.3366795,0.291552633,Bulbul,Phase 3,3,33.064949,11,10,314,0.258819045,-0.965925826,30.1073151,29.7071648,29.1304474,0.297145784,0.30314365,0.286422223,1.5756247,1.6893016,1.6572031,1008.40314,1008.0211,1008.54443,0.24695298,0.27462643,0.2864576,29.648309099999995,0.4910861644280759,29.6640657
2019-11-10 12:30:00,1.4327633,1008.771,0.20894377,33.064949,0.289646208,Bulbul,Phase 3,3,34.3225365,12,10,314,1.2246467991473532e-16,-1.0,31.3366795,30.1073151,29.7071648,0.291552633,0.297145784,0.30314365,1.5564048,1.5756247,1.6893016,1008.5535,1008.40314,1008.0211,0.23164272,0.24695298,0.27462643,30.3837198,0.8491932689415317,29.843600616666667
2019-11-10 13:30:00,1.2939446,1009.5643,0.19228691,34.3225365,0.286857069,Bulbul,Phase 3,3,35.6002808,13,10,314,-0.258819045,-0.965925826,33.064949,31.3366795,30.1073151,0.289646208,0.291552633,0.297145784,1.4327633,1.5564048,1.5756247,1008.771,1008.5535,1008.40314,0.20894377,0.23164272,0.24695298,31.5029812,1.4858135021511034,30.435171466666663
2019-11-10 14:30:00,1.1417667,1010.3445,0.16076851,35.6002808,0.282105595,Bulbul,Phase 3,3,36.5903549,14,10,314,-0.5,-0.866025404,34.3225365,33.064949,31.3366795,0.286857069,0.289646208,0.291552633,1.2939446,1.4327633,1.5564048,1009.5643,1008.771,1008.5535,0.19228691,0.20894377,0.23164272,32.908055,1.499098829810552,31.27818205
2019-11-10 15:30:00,1.0129585,1010.92,0.13437444,36.5903549,0.277217299,Bulbul,Phase 3,3,37.174324,15,10,314,-0.707106781,-0.707106781,35.6002808,34.3225365,33.064949,0.282105595,0.286857069,0.289646208,1.1417667,1.2939446,1.4327633,1010.3445,1009.5643,1008.771,0.16076851,0.19228691,0.20894377,34.32925543333334,1.2676792544140836,32.35648761666667
2019-11-10 16:30:00,0.9309637,1011.3342,0.098394975,37.174324,0.272605538,Bulbul,Phase 3,3,37.4303055,16,10,314,-0.866025404,-0.5,36.5903549,35.6002808,34.3225365,0.277217299,0.282105595,0.286857069,1.0129585,1.1417667,1.2939446,1010.92,1010.3445,1009.5643,0.13437444,0.16076851,0.19228691,35.50439073333333,1.1369460200505943,33.503685966666666
2019-11-10 17:30:00,0.90557903,1011.0617,0.07790546,37.4303055,0.268062741,Bulbul,Phase 3,3,37.7615204,17,10,314,-0.965925826,-0.258819045,37.174324,36.5903549,35.6002808,0.272605538,0.277217299,0.282105595,0.9309637,1.0129585,1.1417667,1011.3342,1010.92,1010.3445,0.098394975,0.13437444,0.16076851,36.45498656666667,0.7957049944036638,34.68152078333333
2019-11-10 18:30:00,1.0074239,1010.7713,0.06894395,37.7615204,0.263286799,Bulbul,Phase 3,3,38.2188148,18,10,314,-1.0,-1.84e-16,37.4303055,37.174324,36.5903549,0.268062741,0.272605538,0.277217299,0.90557903,0.9309637,1.0129585,1011.0617,1011.3342,1010.92,0.07790546,0.098394975,0.13437444,37.0649948,0.4305158627622145,35.69712511666666
2019-11-10 19:30:00,1.0984542,1010.2304,0.04540636,38.2188148,0.258475244,Bulbul,Phase 3,3,38.2345848,19,10,314,-0.965925826,0.2588190451025203,37.7615204,37.4303055,37.174324,0.263286799,0.268062741,0.272605538,1.0074239,0.90557903,0.9309637,1010.7713,1011.0617,1011.3342,0.06894395,0.07790546,0.098394975,37.4553833,0.2944003652905532,36.479887016666666
2019-11-10 20:30:00,1.3033733,1009.79095,0.04835691,38.2345848,0.252513617,Bulbul,Phase 3,3,37.686924,20,10,314,-0.866025404,0.5000000000000001,38.2188148,37.7615204,37.4303055,0.258475244,0.263286799,0.268062741,1.0984542,1.0074239,0.90557903,1010.2304,1010.7713,1011.0617,0.04540636,0.06894395,0.07790546,37.8035469,0.3959310534343845,37.12926673333333
2019-11-10 21:30:00,1.4189725,1009.3223,0.04416355,37.686924,0.247269332,Bulbul,Phase 3,3,36.8754501,21,10,314,-0.707106781,0.7071067811865474,38.2345848,38.2188148,37.7615204,0.252513617,0.258475244,0.263286799,1.3033733,1.0984542,1.0074239,1009.79095,1010.2304,1010.7713,0.04835691,0.04540636,0.06894395,38.07164,0.2686871748957958,37.5683174
2019-11-10 22:30:00,1.3580458,1009.44977,0.047996417,36.8754501,0.240450472,Bulbul,Phase 3,3,35.3816833,22,10,314,-0.5,0.8660254037844384,37.686924,38.2345848,38.2188148,0.247269332,0.252513617,0.258475244,1.4189725,1.3033733,1.0984542,1009.3223,1009.79095,1010.2304,0.04416355,0.04835691,0.04540636,38.04677453333333,0.3117394392446643,37.75107891666666
2019-11-10 23:30:00,1.4955457,1009.5796,0.042060282,35.3816833,0.231676459,Bulbul,Phase 3,3,33.7542953,23,10,314,-0.258819045,0.965925826289068,36.8754501,37.686924,38.2345848,0.240450472,0.247269332,0.252513617,1.3580458,1.4189725,1.3033733,1009.44977,1009.3223,1009.79095,0.047996417,0.04416355,0.04835691,37.5989863,0.6838212942701777,37.7012666
2019-11-11 00:30:00,1.598939,1010.2297,0.03981428,33.7542953,0.225901306,Bulbul,Phase 3,3,33.1174355,0,11,315,0.0,1.0,35.3816833,36.8754501,37.686924,0.231676459,0.240450472,0.247269332,1.4955457,1.3580458,1.4189725,1009.5796,1009.44977,1009.3223,0.042060282,0.047996417,0.04416355,36.648019133333335,1.169327714836028,37.35982956666667
2019-11-11 01:30:00,1.6607751,1010.9133,0.036348615,33.1174355,0.220366746,Bulbul,Phase 3,3,33.0884285,1,11,315,0.2588190451025207,0.9659258262890684,33.7542953,35.3816833,36.8754501,0.225901306,0.231676459,0.240450472,1.598939,1.4955457,1.3580458,1010.2297,1009.5796,1009.44977,0.03981428,0.042060282,0.047996417,35.3371429,1.5610540371220825,36.69195871666667
2019-11-11 02:30:00,1.7235727,1011.71735,0.030699015,33.0884285,0.210368097,Bulbul,Phase 3,3,31.3217907,2,11,315,0.4999999999999999,0.8660254037844387,33.1174355,33.7542953,35.3816833,0.220366746,0.225901306,0.231676459,1.6607751,1.598939,1.4955457,1010.9133,1010.2297,1009.5796,0.036348615,0.03981428,0.042060282,34.08447136666667,1.167675768867812,35.841728833333335
2019-11-11 03:30:00,1.7998167,1012.1445,0.025524735,31.3217907,0.201140046,Bulbul,Phase 3,3,29.8186226,3,11,315,0.7071067811865475,0.7071067811865476,33.0884285,33.1174355,33.7542953,0.210368097,0.220366746,0.225901306,1.7235727,1.6607751,1.598939,1011.71735,1010.9133,1010.2297,0.030699015,0.036348615,0.03981428,33.3200531,0.3763443472513948,34.984036116666665
2019-11-11 04:30:00,1.9143816,1012.33734,0.023245865,29.8186226,0.195553496,Bulbul,Phase 3,3,29.1140175,4,11,315,0.8660254037844386,0.5000000000000001,31.3217907,33.0884285,33.1174355,0.201140046,0.210368097,0.220366746,1.7998167,1.7235727,1.6607751,1012.1445,1011.71735,1010.9133,0.025524735,0.030699015,0.036348615,32.509218233333335,1.0284446809143304,33.923180566666666
2019-11-11 05:30:00,1.9858023,1011.8871,0.027060563,29.1140175,0.191331998,Bulbul,Phase 3,3,30.0313377,5,11,315,0.9659258262890684,0.2588190451025207,29.8186226,31.3217907,33.0884285,0.195553496,0.201140046,0.210368097,1.9143816,1.7998167,1.7235727,1012.33734,1012.1445,1011.71735,0.023245865,0.025524735,0.030699015,31.409613933333333,1.6366711172846171,32.747042650000004
2019-11-11 06:30:00,2.0343428,1011.04767,0.025978003,30.0313377,0.237034515,Bulbul,Phase 3,3,29.9584866,6,11,315,1.0,6.123233995736766e-17,29.1140175,29.8186226,31.3217907,0.191331998,0.195553496,0.201140046,1.9858023,1.9143816,1.7998167,1011.8871,1012.33734,1012.1445,0.027060563,0.023245865,0.025524735,30.084810266666665,1.1277001068873536,31.702431683333334
2019-11-11 07:30:00,2.0844853,1010.28625,0.028459935,29.9584866,0.230914101,Bulbul,Phase 3,3,30.1301498,7,11,315,0.9659258262890684,-0.258819045,30.0313377,29.1140175,29.8186226,0.237034515,0.191331998,0.195553496,2.0343428,1.9858023,1.9143816,1011.04767,1011.8871,1012.33734,0.025978003,0.027060563,0.023245865,29.65465926666667,0.480137551,31.08193875
2019-11-11 08:30:00,2.0930772,1009.4255,0.027717538,30.1301498,0.226368323,Bulbul,Phase 3,3,32.6499367,8,11,315,0.8660254037844387,-0.5,29.9584866,30.0313377,29.1140175,0.230914101,0.237034515,0.191331998,2.0844853,2.0343428,1.9858023,1010.28625,1011.04767,1011.8871,0.028459935,0.025978003,0.027060563,29.7012806,0.5098875191246626,30.555447266666665
2019-11-11 09:30:00,2.1139,1008.9833,0.023991937,32.6499367,0.255416811,Bulbul,Phase 3,3,33.0688171,9,11,315,0.7071067811865476,-0.707106781,30.1301498,29.9584866,30.0313377,0.226368323,0.230914101,0.237034515,2.0930772,2.0844853,2.0343428,1009.4255,1010.28625,1011.04767,0.027717538,0.028459935,0.025978003,30.03999136666667,0.086158157,30.062400816666667
2019-11-11 10:30:00,2.091648,1009.15314,0.020272825,33.0688171,0.254769415,Bulbul,Phase 3,3,34.2538948,10,11,315,0.4999999999999999,-0.866025404,32.6499367,30.1301498,29.9584866,0.255416811,0.226368323,0.230914101,2.1139,2.0930772,2.0844853,1008.9833,1009.4255,1010.28625,0.023991937,0.027717538,0.028459935,30.9128577,1.506801132445626,30.283758483333333
2019-11-11 11:30:00,1.9497409,1009.2565,0.017179113,34.2538948,0.252557129,Bulbul,Phase 3,3,37.2607307,11,11,315,0.258819045,-0.965925826,33.0688171,32.6499367,30.1301498,0.254769415,0.255416811,0.226368323,2.091648,2.1139,2.0930772,1009.15314,1008.9833,1009.4255,0.020272825,0.023991937,0.027717538,31.94963453333333,1.5895781574055958,30.825457566666667
2019-11-11 12:30:00,1.9223094,1009.59265,0.012807349,37.2607307,0.251630217,Bulbul,Phase 3,3,39.7092094,12,11,315,1.2246467991473532e-16,-1.0,34.2538948,33.0688171,32.6499367,0.252557129,0.254769415,0.255416811,1.9497409,2.091648,2.1139,1009.2565,1009.15314,1008.9833,0.017179113,0.020272825,0.023991937,33.3242162,0.8319206223250342,31.68210378333333
2019-11-11 13:30:00,1.9153116,1010.06555,0.012365328,39.7092094,0.249646038,Bulbul,Phase 3,3,41.4759865,13,11,315,-0.258819045,-0.965925826,37.2607307,34.2538948,33.0688171,0.251630217,0.252557129,0.254769415,1.9223094,1.9497409,2.091648,1009.59265,1009.2565,1009.15314,0.012807349,0.017179113,0.020272825,34.86114753333334,2.1609261484539584,32.88700261666667
2019-11-11 14:30:00,1.8634602,1011.00397,0.012059115,41.4759865,0.245749339,Bulbul,Phase 3,3,42.7141571,14,11,315,-0.5,-0.866025404,39.7092094,37.2607307,34.2538948,0.249646038,0.251630217,0.252557129,1.9153116,1.9223094,1.9497409,1010.06555,1009.59265,1009.2565,0.012365328,0.012807349,0.017179113,37.07461163333334,2.7324155204646727,34.51212308333333
2019-11-11 15:30:00,1.7958322,1011.5496,0.015204726,42.7141571,0.242688462,Bulbul,Phase 3,3,43.1045799,15,11,315,-0.707106781,-0.707106781,41.4759865,39.7092094,37.2607307,0.245749339,0.249646038,0.251630217,1.8634602,1.9153116,1.9223094,1011.00397,1010.06555,1009.59265,0.012059115,0.012365328,0.012807349,39.48197553333333,2.116795168994628,36.40309586666667
2019-11-11 16:30:00,1.6831735,1011.8578,0.018596,43.1045799,0.239788994,Bulbul,Phase 3,3,43.2402344,16,11,315,-0.866025404,-0.5,42.7141571,41.4759865,39.7092094,0.242688462,0.245749339,0.249646038,1.7958322,1.8634602,1.9153116,1011.5496,1011.00397,1010.06555,0.015204726,0.012059115,0.012365328,41.299784333333335,1.5102029905240573,38.080465933333336
2019-11-11 17:30:00,1.5634384,1011.87335,0.022242887,43.2402344,0.236822024,Bulbul,Phase 3,3,43.69524,17,11,315,-0.965925826,-0.258819045,43.1045799,42.7141571,41.4759865,0.239788994,0.242688462,0.245749339,1.6831735,1.7958322,1.8634602,1011.8578,1011.5496,1011.00397,0.018596,0.015204726,0.012059115,42.4315745,0.850275726,39.753093066666665
2019-11-11 18:30:00,1.4610816,1011.7777,0.025564093,43.69524,0.235231727,Bulbul,Phase 3,3,44.0209274,18,11,315,-1.0,-1.84e-16,43.2402344,43.1045799,42.7141571,0.236822024,0.239788994,0.242688462,1.5634384,1.6831735,1.7958322,1011.87335,1011.8578,1011.5496,0.022242887,0.018596,0.015204726,43.01965713333334,0.273126781,41.25081633333333
2019-11-11 19:30:00,1.4436498,1011.47675,0.020926123,44.0209274,0.233830079,Bulbul,Phase 3,3,44.057148,19,11,315,-0.965925826,0.2588190451025203,43.69524,43.2402344,43.1045799,0.235231727,0.236822024,0.239788994,1.4610816,1.5634384,1.6831735,1011.7777,1011.87335,1011.8578,0.025564093,0.022242887,0.018596,43.34668476666667,0.3093842252864914,42.32323455
2019-11-11 20:30:00,1.4612641,1011.12976,0.022926461,44.057148,0.231576532,Bulbul,Phase 3,3,43.5779915,20,11,315,-0.866025404,0.5000000000000001,44.0209274,43.69524,43.2402344,0.233830079,0.235231727,0.236822024,1.4436498,1.4610816,1.5634384,1011.47675,1011.7777,1011.87335,0.020926123,0.025564093,0.022242887,43.65213393333334,0.3921275172700572,43.04185421666667
2019-11-11 21:30:00,1.587659,1010.8663,0.025935184,43.5779915,0.228941724,Bulbul,Phase 3,3,42.952198,21,11,315,-0.707106781,0.7071067811865474,44.057148,44.0209274,43.69524,0.231576532,0.233830079,0.235231727,1.4612641,1.4436498,1.4610816,1011.12976,1011.47675,1011.7777,0.022926461,0.020926123,0.025564093,43.924438466666665,0.1993161704638762,43.472047800000006
2019-11-11 22:30:00,1.9123341,1010.9852,0.02133376,42.952198,0.225860253,Bulbul,Phase 3,3,41.6674919,22,11,315,-0.5,0.8660254037844384,43.5779915,44.057148,44.0209274,0.228941724,0.231576532,0.233830079,1.587659,1.4612641,1.4436498,1010.8663,1011.12976,1011.47675,0.025935184,0.022926461,0.020926123,43.885355633333326,0.2668005168874915,43.6160202
2020-05-13 06:00:00,0.90910226,1008.8006,0.20139343,12.8591585,0.218557328,Amphan,Phase 1,1,12.5751791,6,13,134,1.0,6.123233995736766e-17,14.5307732,14.3693371,14.3261528,0.223657131,0.225928143,0.228871316,1.017507,1.0960083,1.150326,1009.38367,1009.61633,1009.4975,0.1979852,0.19129406,0.19393173,14.408754366666663,0.1078548455455244,15.456908066666664
2020-05-13 07:00:00,0.7956571,1008.02936,0.2909825,12.5751791,0.219176009,Amphan,Phase 1,1,12.1070004,7,13,134,0.9659258262890684,-0.258819045,12.8591585,14.5307732,14.3693371,0.218557328,0.223657131,0.225928143,0.90910226,1.017507,1.0960083,1008.8006,1009.38367,1009.61633,0.20139343,0.1979852,0.19129406,13.919756266666669,0.9220445328667972,14.624965666666668
2020-05-13 08:00:00,0.677653,1007.15283,0.31403598,12.1070004,0.220637724,Amphan,Phase 1,1,11.7908659,8,13,134,0.8660254037844387,-0.5,12.5751791,12.8591585,14.5307732,0.219176009,0.218557328,0.223657131,0.7956571,0.90910226,1.017507,1008.02936,1008.8006,1009.38367,0.2909825,0.20139343,0.1979852,13.3217036,1.0566683718836385,13.883821333333332
2020-05-13 09:00:00,0.5772519,1006.1843,0.33614904,11.7908659,0.222360089,Amphan,Phase 1,1,11.4345169,9,13,134,0.7071067811865476,-0.707106781,12.1070004,12.5751791,12.8591585,0.220637724,0.219176009,0.218557328,0.677653,0.7956571,0.90910226,1007.15283,1008.02936,1008.8006,0.31403598,0.2909825,0.20139343,12.513779333333332,0.3798195628965856,13.46126685
2020-05-13 10:00:00,0.5164215,1005.46423,0.3583883,11.4345169,0.221184731,Amphan,Phase 1,1,11.4301214,10,13,134,0.4999999999999999,-0.866025404,11.7908659,12.1070004,12.5751791,0.222360089,0.220637724,0.219176009,0.5772519,0.677653,0.7956571,1006.1843,1007.15283,1008.02936,0.33614904,0.31403598,0.2909825,12.1576818,0.394605185,13.038719033333331
2020-05-13 11:00:00,0.6099241,1005.2902,0.36036986,11.4301214,0.217410624,Amphan,Phase 1,1,12.1224947,11,13,134,0.258819045,-0.965925826,11.4345169,11.7908659,12.1070004,0.221184731,0.222360089,0.220637724,0.5164215,0.5772519,0.677653,1005.46423,1006.1843,1007.15283,0.3583883,0.33614904,0.31403598,11.777461066666667,0.3364420925071591,12.549582333333332
2020-05-13 12:00:00,0.813307,1005.6507,0.30927542,12.1224947,0.214890331,Amphan,Phase 1,1,13.2397499,12,13,134,1.2246467991473532e-16,-1.0,11.4301214,11.4345169,11.7908659,0.217410624,0.221184731,0.222360089,0.6099241,0.5164215,0.5772519,1005.2902,1005.46423,1006.1843,0.36036986,0.3583883,0.33614904,11.551834733333337,0.2070187288232542,12.032807033333334
2020-05-13 13:00:00,0.9783392,1006.1587,0.26375896,13.2397499,0.211506531,Amphan,Phase 1,1,14.3144789,13,13,134,-0.258819045,-0.965925826,12.1224947,11.4301214,11.4345169,0.214890331,0.217410624,0.221184731,0.813307,0.6099241,0.5164215,1005.6507,1005.2902,1005.46423,0.30927542,0.36036986,0.3583883,11.662377666666666,0.3984791003022319,11.910029733333332
2020-05-13 14:00:00,1.17014,1006.8069,0.25204903,14.3144789,0.208393931,Amphan,Phase 1,1,15.3557472,14,13,134,-0.5,-0.866025404,13.2397499,12.1224947,11.4301214,0.211506531,0.214890331,0.217410624,0.9783392,0.813307,0.6099241,1006.1587,1005.6507,1005.2902,0.26375896,0.30927542,0.36036986,12.264122,0.9130895608219608,12.020791533333332
2020-05-13 15:00:00,1.3015523,1007.4914,0.25412232,15.3557472,0.207017228,Amphan,Phase 1,1,16.1668606,15,13,134,-0.707106781,-0.707106781,14.3144789,13.2397499,12.1224947,0.208393931,0.211506531,0.214890331,1.17014,0.9783392,0.813307,1006.8069,1006.1587,1005.6507,0.25204903,0.26375896,0.30927542,13.2255745,1.0960608512926144,12.388704616666669
2020-05-13 16:00:00,1.391868,1007.9363,0.2438754,16.1668606,0.206932709,Amphan,Phase 1,1,16.8010826,16,13,134,-0.866025404,-0.5,15.3557472,14.3144789,13.2397499,0.207017228,0.208393931,0.211506531,1.3015523,1.17014,0.9783392,1007.4914,1006.8069,1006.1587,0.25412232,0.25204903,0.26375896,14.303325333333332,1.0580427424914711,12.9828515
2020-05-13 17:00:00,1.4199198,1008.08875,0.2501953,16.8010826,0.206998393,Amphan,Phase 1,1,17.0465126,17,13,134,-0.965925826,-0.258819045,16.1668606,15.3557472,14.3144789,0.206932709,0.207017228,0.208393931,1.391868,1.3015523,1.17014,1007.9363,1007.4914,1006.8069,0.2438754,0.25412232,0.25204903,15.2790289,0.928570818,13.77157545
2020-05-13 18:00:00,1.3928647,1007.8393,0.27115846,17.0465126,0.207517996,Amphan,Phase 1,1,16.9530487,18,13,134,-1.0,-1.84e-16,16.8010826,16.1668606,15.3557472,0.206998393,0.206932709,0.207017228,1.4199198,1.391868,1.3015523,1008.08875,1007.9363,1007.4914,0.2501953,0.2438754,0.25412232,16.107896800000002,0.724469566,14.66673565
2020-05-13 19:00:00,1.3589926,1007.4023,0.3415373,16.9530487,0.208256036,Amphan,Phase 1,1,16.684618,19,13,134,-0.965925826,0.2588190451025203,17.0465126,16.8010826,16.1668606,0.207517996,0.206998393,0.206932709,1.3928647,1.4199198,1.391868,1007.8393,1008.08875,1007.9363,0.27115846,0.2501953,0.2438754,16.671485266666668,0.4539201602499446,15.4874053
2020-05-13 20:00:00,1.2905129,1006.95197,0.35652578,16.684618,0.208162293,Amphan,Phase 1,1,16.3731422,20,13,134,-0.866025404,0.5000000000000001,16.9530487,17.0465126,16.8010826,0.208256036,0.207517996,0.206998393,1.3589926,1.3928647,1.4199198,1007.4023,1007.8393,1008.08875,0.3415373,0.27115846,0.2501953,16.933547966666666,0.1238716278063893,16.106288433333333
2020-05-13 21:00:00,1.1914194,1006.5591,0.34970143,16.3731422,0.207818523,Amphan,Phase 1,1,16.1861897,21,13,134,-0.707106781,0.7071067811865474,16.684618,16.9530487,17.0465126,0.208162293,0.208256036,0.207517996,1.2905129,1.3589926,1.3928647,1006.95197,1007.4023,1007.8393,0.35652578,0.3415373,0.27115846,16.894726433333332,0.1878644204450234,16.501311616666666
2020-05-13 22:00:00,1.1375307,1006.5478,0.34299058,16.1861897,0.207240298,Amphan,Phase 1,1,16.1427422,22,13,134,-0.5,0.8660254037844384,16.3731422,16.684618,16.9530487,0.207818523,0.208162293,0.208256036,1.1914194,1.2905129,1.3589926,1006.5591,1006.95197,1007.4023,0.34970143,0.35652578,0.3415373,16.670269633333334,0.2902193892645081,16.670877450000003
2020-05-13 23:00:00,1.1826371,1006.6412,0.33337954,16.1427422,0.206308246,Amphan,Phase 1,1,16.0745258,23,13,134,-0.258819045,0.965925826289068,16.1861897,16.3731422,16.684618,0.207240298,0.207818523,0.208162293,1.1375307,1.1914194,1.2905129,1006.5478,1006.5591,1006.95197,0.34299058,0.34970143,0.35652578,16.41464996666667,0.2517932953445446,16.674098966666666
2020-05-14 00:00:00,1.3025391,1007.15436,0.3260996,16.0745258,0.204974771,Amphan,Phase 1,1,15.6404371,0,14,135,0.0,1.0,16.1427422,16.1861897,16.3731422,0.206308246,0.207240298,0.207818523,1.1826371,1.1375307,1.1914194,1006.6412,1006.5478,1006.5591,0.33337954,0.34299058,0.34970143,16.234024700000003,0.1224221402310569,16.564375566666666
2020-05-14 01:00:00,1.4599994,1007.94446,0.3264073,15.6404371,0.202583984,Amphan,Phase 1,1,13.4528265,1,14,135,0.2588190451025207,0.9659258262890684,16.0745258,16.1427422,16.1861897,0.204974771,0.206308246,0.207240298,1.3025391,1.1826371,1.1375307,1007.15436,1006.6412,1006.5478,0.3260996,0.33337954,0.34299058,16.134485899999998,0.0562879339474567,16.402377766666664
2020-05-14 02:00:00,1.5956688,1008.57556,0.32875645,13.4528265,0.200034708,Amphan,Phase 1,1,12.2836018,2,14,135,0.4999999999999999,0.8660254037844387,15.6404371,16.0745258,16.1427422,0.202583984,0.204974771,0.206308246,1.4599994,1.3025391,1.1826371,1007.94446,1007.15436,1006.6412,0.3264073,0.3260996,0.33337954,15.952568366666668,0.2724569966626796,16.183609166666667
2020-05-14 03:00:00,1.6975553,1008.99133,0.32780224,12.2836018,0.198753297,Amphan,Phase 1,1,12.1580324,3,14,135,0.7071067811865475,0.7071067811865476,13.4528265,15.6404371,16.0745258,0.200034708,0.202583984,0.204974771,1.5956688,1.4599994,1.3025391,1008.57556,1007.94446,1007.15436,0.32875645,0.3264073,0.3260996,15.0559298,1.4051915857704589,15.644977249999998
2020-05-14 04:00:00,1.7832023,1008.9568,0.33079052,12.1580324,0.198580548,Amphan,Phase 1,1,12.308322,4,14,135,0.8660254037844386,0.5000000000000001,12.2836018,13.4528265,15.6404371,0.198753297,0.200034708,0.202583984,1.6975553,1.5956688,1.4599994,1008.99133,1008.57556,1007.94446,0.32780224,0.32875645,0.3264073,13.792288466666667,1.7039693741207425,14.963387183333332
2020-05-14 05:00:00,1.8379308,1008.63416,0.33781412,12.308322,0.199374706,Amphan,Phase 1,1,14.7131805,5,14,135,0.9659258262890684,0.2588190451025207,12.1580324,12.2836018,13.4528265,0.198580548,0.198753297,0.200034708,1.7832023,1.6975553,1.5956688,1008.9568,1008.99133,1008.57556,0.33079052,0.32780224,0.32875645,12.6314869,0.7140665042208765,14.292027633333332
2020-05-14 06:00:00,1.8370514,1008.12744,0.3502584,14.7131805,0.223086655,Amphan,Phase 1,1,14.5311041,6,14,135,1.0,6.123233995736766e-17,12.308322,12.1580324,12.2836018,0.199374706,0.198580548,0.198753297,1.8379308,1.7832023,1.6975553,1008.63416,1008.9568,1008.99133,0.33781412,0.33079052,0.32780224,12.2499854,0.080587144,13.6529576
2020-05-14 07:00:00,1.8242116,1007.3643,0.19656089,14.5311041,0.225998729,Amphan,Phase 1,1,14.2204723,7,14,135,0.9659258262890684,-0.258819045,14.7131805,12.308322,12.1580324,0.223086655,0.199374706,0.198580548,1.8370514,1.8379308,1.7832023,1008.12744,1008.63416,1008.9568,0.3502584,0.33781412,0.33079052,13.059844966666668,1.4338010776617556,13.426066716666668
2020-05-14 08:00:00,1.7742189,1006.46783,0.19969025,14.2204723,0.229766756,Amphan,Phase 1,1,14.4506931,8,14,135,0.8660254037844387,-0.5,14.5311041,14.7131805,12.308322,0.225998729,0.223086655,0.199374706,1.8242116,1.8370514,1.8379308,1007.3643,1008.12744,1008.63416,0.19656089,0.3502584,0.33781412,13.850868866666668,1.338983226465742,13.241177883333334
2020-05-14 09:00:00,1.6992961,1005.5648,0.23214692,14.4506931,0.236418962,Amphan,Phase 1,1,14.0719757,9,14,135,0.7071067811865476,-0.707106781,14.2204723,14.5311041,14.7131805,0.229766756,0.225998729,0.223086655,1.7742189,1.8242116,1.8370514,1006.46783,1007.3643,1008.12744,0.19969025,0.19656089,0.3502584,14.4882523,0.249133599,13.36911885
2020-05-14 10:00:00,1.5050241,1004.8611,0.28012124,14.0719757,0.237366602,Amphan,Phase 1,1,13.9863234,10,14,135,0.4999999999999999,-0.866025404,14.4506931,14.2204723,14.5311041,0.236418962,0.229766756,0.225998729,1.6992961,1.7742189,1.8242116,1005.5648,1006.46783,1007.3643,0.23214692,0.19969025,0.19656089,14.4007565,0.1612243058830923,13.730300733333335
2020-05-14 11:00:00,1.5844498,1004.8221,0.29213858,13.9863234,0.235961363,Amphan,Phase 1,1,14.5867186,11,14,135,0.258819045,-0.965925826,14.0719757,14.4506931,14.2204723,0.237366602,0.236418962,0.229766756,1.5050241,1.6992961,1.7742189,1004.8611,1005.5648,1006.46783,0.28012124,0.23214692,0.19969025,14.2477137,0.1908226602664524,14.049291283333332
2020-05-14 12:00:00,1.7048923,1005.093,0.26462364,14.5867186,0.238353238,Amphan,Phase 1,1,15.6758366,12,14,135,1.2246467991473532e-16,-1.0,13.9863234,14.0719757,14.4506931,0.235961363,0.237366602,0.236418962,1.5844498,1.5050241,1.6992961,1004.8221,1004.8611,1005.5648,0.29213858,0.28012124,0.23214692,14.169664066666668,0.2471175171978499,14.328958183333334
2020-05-14 13:00:00,1.7567564,1005.56354,0.23872332,15.6758366,0.240067929,Amphan,Phase 1,1,16.5322208,13,14,135,-0.258819045,-0.965925826,14.5867186,13.9863234,14.0719757,0.238353238,0.235961363,0.237366602,1.7048923,1.5844498,1.5050241,1005.093,1004.8221,1004.8611,0.26462364,0.29213858,0.28012124,14.2150059,0.3247488685581454,14.3078812
2020-05-14 14:00:00,1.8424716,1006.3127,0.2137496,16.5322208,0.240510449,Amphan,Phase 1,1,17.2432346,14,14,135,-0.5,-0.866025404,15.6758366,14.5867186,13.9863234,0.240067929,0.238353238,0.235961363,1.7567564,1.7048923,1.5844498,1005.56354,1005.093,1004.8221,0.23872332,0.26462364,0.29213858,14.7496262,0.8564565825813258,14.49866995
2020-05-14 15:00:00,1.8856846,1007.11774,0.22669859,17.2432346,0.243069321,Amphan,Phase 1,1,17.6614895,15,14,135,-0.707106781,-0.707106781,16.5322208,15.6758366,14.5867186,0.240510449,0.240067929,0.238353238,1.8424716,1.7567564,1.7048923,1006.3127,1005.56354,1005.093,0.2137496,0.23872332,0.26462364,15.598258666666666,0.9750684357297256,14.883961366666668
2020-05-14 16:00:00,1.8788793,1007.46216,0.23647861,17.6614895,0.244529277,Amphan,Phase 1,1,17.8915215,16,14,135,-0.866025404,-0.5,17.2432346,16.5322208,15.6758366,0.243069321,0.240510449,0.240067929,1.8856846,1.8424716,1.7567564,1007.11774,1006.3127,1005.56354,0.22669859,0.2137496,0.23872332,16.483764,0.784821743,15.34938495
2020-05-14 17:00:00,1.8408424,1007.5594,0.26373738,17.8915215,0.245789379,Amphan,Phase 1,1,17.9192047,17,14,135,-0.965925826,-0.258819045,17.6614895,17.2432346,16.5322208,0.244529277,0.243069321,0.240510449,1.8788793,1.8856846,1.8424716,1007.46216,1007.11774,1006.3127,0.23647861,0.22669859,0.2137496,17.1456483,0.570924044,15.94763725
2020-05-14 18:00:00,1.7273327,1007.14514,0.31018043,17.9192047,0.248577982,Amphan,Phase 1,1,17.6837654,18,14,135,-1.0,-1.84e-16,17.8915215,17.6614895,17.2432346,0.245789379,0.244529277,0.243069321,1.8408424,1.8788793,1.8856846,1007.5594,1007.46216,1007.11774,0.26373738,0.23647861,0.22669859,17.598748533333332,0.3286659365550451,16.5985036
2020-05-14 19:00:00,1.6022874,1006.56415,0.3264212,17.6837654,0.250467956,Amphan,Phase 1,1,17.3994942,19,14,135,-0.965925826,0.2588190451025203,17.9192047,17.8915215,17.6614895,0.248577982,0.245789379,0.244529277,1.7273327,1.8408424,1.8788793,1007.14514,1007.5594,1007.46216,0.31018043,0.26373738,0.23647861,17.8240719,0.1414792121934628,17.15391795
2020-05-14 20:00:00,1.4568591,1006.04016,0.37610853,17.3994942,0.250671089,Amphan,Phase 1,1,17.0194588,20,14,135,-0.866025404,0.5000000000000001,17.6837654,17.9192047,17.8915215,0.250467956,0.248577982,0.245789379,1.6022874,1.7273327,1.8408424,1006.56415,1007.14514,1007.5594,0.3264212,0.31018043,0.26373738,17.8314972,0.128686065442195,17.48857275
2020-05-14 21:00:00,1.2637548,1005.63025,0.41452423,17.0194588,0.250245571,Amphan,Phase 1,1,16.6083088,21,14,135,-0.707106781,0.7071067811865474,17.3994942,17.6837654,17.9192047,0.250671089,0.250467956,0.248577982,1.4568591,1.6022874,1.7273327,1006.04016,1006.56415,1007.14514,0.37610853,0.3264212,0.31018043,17.6674881,0.2602373221197038,17.633118316666668
2020-05-14 22:00:00,1.325226,1005.5002,0.4505285,16.6083088,0.249087319,Amphan,Phase 1,1,16.2513905,22,14,135,-0.5,0.8660254037844384,17.0194588,17.3994942,17.6837654,0.250245571,0.250671089,0.250467956,1.2637548,1.4568591,1.6022874,1005.63025,1006.04016,1006.56415,0.41452423,0.37610853,0.3264212,17.3675728,0.3333017349705312,17.595822350000002
2020-05-14 23:00:00,1.2074094,1005.5332,0.46596178,16.2513905,0.246693179,Amphan,Phase 1,1,16.0101261,23,14,135,-0.258819045,0.965925826289068,16.6083088,17.0194588,17.3994942,0.249087319,0.250245571,0.250671089,1.325226,1.2637548,1.4568591,1005.5002,1005.63025,1006.04016,0.4505285,0.41452423,0.37610853,17.009087266666665,0.3956946560430927,17.42029223333333
2020-05-15 00:00:00,1.1254822,1006.0114,0.468146,16.0101261,0.244908974,Amphan,Phase 1,1,15.3594255,0,15,136,0.0,1.0,16.2513905,16.6083088,17.0194588,0.246693179,0.249087319,0.250245571,1.2074094,1.325226,1.2637548,1005.5332,1005.5002,1005.63025,0.46596178,0.4505285,0.41452423,16.626386033333333,0.3843531164697047,17.146937066666666
2020-05-15 01:00:00,1.0730968,1006.5891,0.45622227,15.3594255,0.24266693,Amphan,Phase 1,1,13.9979153,1,15,136,0.2588190451025207,0.9659258262890684,16.0101261,16.2513905,16.6083088,0.244908974,0.246693179,0.249087319,1.1254822,1.2074094,1.325226,1006.0114,1005.5332,1005.5002,0.468146,0.46596178,0.4505285,16.2899418,0.3009489785555099,16.8287573
2020-05-15 02:00:00,1.0060647,1007.1663,0.4426085,13.9979153,0.24063392,Amphan,Phase 1,1,14.0072527,2,15,136,0.4999999999999999,0.8660254037844387,15.3594255,16.0101261,16.2513905,0.24266693,0.244908974,0.246693179,1.0730968,1.1254822,1.2074094,1006.5891,1006.0114,1005.5332,0.45622227,0.468146,0.46596178,15.873647366666669,0.4613786121998659,16.441367316666668
2020-05-15 03:00:00,0.9589179,1007.4881,0.44366443,14.0072527,0.260403156,Amphan,Phase 1,1,14.1557341,3,15,136,0.7071067811865475,0.7071067811865476,13.9979153,15.3594255,16.0101261,0.24063392,0.24266693,0.244908974,1.0060647,1.0730968,1.1254822,1007.1663,1006.5891,1006.0114,0.4426085,0.45622227,0.468146,15.122488966666667,1.0268165690765834,15.8744375
2020-05-15 04:00:00,0.89506453,1007.35864,0.4395995,14.1557341,0.261692673,Amphan,Phase 1,1,14.5376225,4,15,136,0.8660254037844386,0.5000000000000001,14.0072527,13.9979153,15.3594255,0.260403156,0.24063392,0.24266693,0.9589179,1.0060647,1.0730968,1007.4881,1007.1663,1006.5891,0.44366443,0.4426085,0.45622227,14.4548645,0.783386717,15.372403149999998
2020-05-15 05:00:00,0.79675156,1006.99744,0.42965698,14.5376225,0.261919111,Amphan,Phase 1,1,14.5951614,5,15,136,0.9659258262890684,0.2588190451025207,14.1557341,14.0072527,13.9979153,0.261692673,0.260403156,0.24063392,0.89506453,0.9589179,1.0060647,1007.35864,1007.4881,1007.1663,0.4395995,0.44366443,0.4426085,14.053634033333331,0.088544421,14.9636407
2020-05-15 06:00:00,0.69435674,1006.34937,0.4329634,14.5951614,0.258944571,Amphan,Phase 1,1,14.6769953,6,15,136,1.0,6.123233995736766e-17,14.5376225,14.1557341,14.0072527,0.261919111,0.261692673,0.260403156,0.79675156,0.89506453,0.9589179,1006.99744,1007.35864,1007.4881,0.42965698,0.4395995,0.44366443,14.233536433333333,0.2736109162517827,14.678012700000002
2020-05-15 07:00:00,0.58907586,1005.5982,0.40500408,14.6769953,0.259873033,Amphan,Phase 1,1,14.5832748,7,15,136,0.9659258262890684,-0.258819045,14.5951614,14.5376225,14.1557341,0.258944571,0.261919111,0.261692673,0.69435674,0.79675156,0.89506453,1006.34937,1006.99744,1007.35864,0.4329634,0.42965698,0.4395995,14.429505999999998,0.2388325169979017,14.44218525
2020-05-15 08:00:00,0.5237341,1004.76776,0.42358,14.5832748,0.261771172,Amphan,Phase 1,1,15.9121456,8,15,136,0.8660254037844387,-0.5,14.6769953,14.5951614,14.5376225,0.259873033,0.258944571,0.261919111,0.58907586,0.69435674,0.79675156,1005.5982,1006.34937,1006.99744,0.40500408,0.4329634,0.42965698,14.603259733333331,0.070038429,14.328446883333331
2020-05-15 09:00:00,0.48516017,1004.1322,0.48244125,15.9121456,0.273344815,Amphan,Phase 1,1,15.5986814,9,15,136,0.7071067811865476,-0.707106781,14.5832748,14.6769953,14.5951614,0.261771172,0.259873033,0.258944571,0.5237341,0.58907586,0.69435674,1004.76776,1005.5982,1006.34937,0.42358,0.40500408,0.4329634,14.618477166666668,0.0510255010905564,14.4260068
2020-05-15 10:00:00,0.3491914,1003.4162,0.5411141,15.5986814,0.275315166,Amphan,Phase 1,1,15.5600033,10,15,136,0.4999999999999999,-0.866025404,15.9121456,14.5832748,14.6769953,0.273344815,0.261771172,0.259873033,0.48516017,0.5237341,0.58907586,1004.1322,1004.76776,1005.5982,0.48244125,0.42358,0.40500408,15.0574719,0.7416510184270366,14.74348895
2020-05-15 11:00:00,0.5596844,1003.3658,0.5026351,15.5600033,0.274707288,Amphan,Phase 1,1,16.1620426,11,15,136,0.258819045,-0.965925826,15.5986814,15.9121456,14.5832748,0.275315166,0.273344815,0.261771172,0.3491914,0.48516017,0.5237341,1003.4162,1004.1322,1004.76776,0.5411141,0.48244125,0.42358,15.3647006,0.6946471491697522,14.983980166666669
2020-05-15 12:00:00,0.88849866,1003.7095,0.4804563,16.1620426,0.274875969,Amphan,Phase 1,1,16.999136,12,15,136,1.2246467991473532e-16,-1.0,15.5600033,15.5986814,15.9121456,0.274707288,0.275315166,0.273344815,0.5596844,0.3491914,0.48516017,1003.3658,1003.4162,1004.1322,0.5026351,0.5411141,0.48244125,15.690276766666663,0.1931148188473361,15.154376966666668
2020-05-15 13:00:00,1.1995031,1004.12054,0.46653783,16.999136,0.274459511,Amphan,Phase 1,1,17.5615177,13,15,136,-0.258819045,-0.965925826,16.1620426,15.5600033,15.5986814,0.274875969,0.274707288,0.275315166,0.88849866,0.5596844,0.3491914,1003.7095,1003.3658,1003.4162,0.4804563,0.5026351,0.5411141,15.773575766666667,0.3369775353119805,15.415523833333332
2020-05-15 14:00:00,1.4334861,1004.8707,0.4563667,17.5615177,0.274032176,Amphan,Phase 1,1,18.1209812,14,15,136,-0.5,-0.866025404,16.999136,16.1620426,15.5600033,0.274459511,0.274875969,0.274707288,1.1995031,0.88849866,0.5596844,1004.12054,1003.7095,1003.3658,0.46653783,0.4804563,0.5026351,16.24039396666667,0.7227585589574345,15.802547283333334
2020-05-15 15:00:00,1.5930597,1005.63617,0.4549152,18.1209812,0.273946404,Amphan,Phase 1,1,18.4892006,15,15,136,-0.707106781,-0.707106781,17.5615177,16.999136,16.1620426,0.274032176,0.274459511,0.274875969,1.4334861,1.1995031,0.88849866,1004.8707,1004.12054,1003.7095,0.4563667,0.46653783,0.4804563,16.907565433333332,0.7042169519329493,16.2989211
2020-05-15 16:00:00,1.7026889,1006.1094,0.4463531,18.4892006,0.272333771,Amphan,Phase 1,1,18.6672249,16,15,136,-0.866025404,-0.5,18.1209812,17.5615177,16.999136,0.273946404,0.274032176,0.274459511,1.5930597,1.4334861,1.1995031,1005.63617,1004.8707,1004.12054,0.4549152,0.4563667,0.46653783,17.56054496666667,0.5609232325803075,16.667060366666668
2020-05-15 17:00:00,1.7159246,1006.13257,0.44438803,18.6672249,0.269627452,Amphan,Phase 1,1,18.738102,17,15,136,-0.965925826,-0.258819045,18.4892006,18.1209812,17.5615177,0.272333771,0.273946404,0.274032176,1.7026889,1.5930597,1.4334861,1006.1094,1005.63617,1004.8707,0.4463531,0.4549152,0.4563667,18.057233166666663,0.467115349,17.148813566666664
2020-05-15 18:00:00,1.6687262,1005.6985,0.47433233,18.738102,0.269709677,Amphan,Phase 2,2,18.5999413,18,15,136,-1.0,-1.84e-16,18.6672249,18.4892006,18.1209812,0.269627452,0.272333771,0.273946404,1.7159246,1.7026889,1.5930597,1006.13257,1006.1094,1005.63617,0.44438803,0.4463531,0.4549152,18.42580223333333,0.2785858209230907,17.666683833333334
2020-05-15 19:00:00,1.5940721,1005.1703,0.4893191,18.5999413,0.268733263,Amphan,Phase 2,2,18.4456158,19,15,136,-0.965925826,0.2588190451025203,18.738102,18.6672249,18.4892006,0.269709677,0.269627452,0.272333771,1.6687262,1.7159246,1.7026889,1005.6985,1006.13257,1006.1094,0.47433233,0.44438803,0.4463531,18.631509166666664,0.1282368392315958,18.096027066666668
2020-05-15 20:00:00,1.4864397,1004.64,0.52305865,18.4456158,0.267812401,Amphan,Phase 2,2,18.364563,20,15,136,-0.866025404,0.5000000000000001,18.5999413,18.738102,18.6672249,0.268733263,0.269709677,0.269627452,1.5940721,1.6687262,1.7159246,1005.1703,1005.6985,1006.13257,0.4893191,0.47433233,0.44438803,18.668422733333333,0.069088138,18.36282795
2020-05-15 21:00:00,1.3321708,1004.3691,0.5213257,18.364563,0.268225014,Amphan,Phase 2,2,18.4891777,21,15,136,-0.707106781,0.7071067811865474,18.4456158,18.5999413,18.738102,0.267812401,0.268733263,0.269709677,1.4864397,1.5940721,1.6687262,1004.64,1005.1703,1005.6985,0.52305865,0.4893191,0.47433233,18.594553033333334,0.1463175292329343,18.51017763333333
2020-05-15 22:00:00,1.12324,1004.4101,0.5057381,18.4891777,0.26964584,Amphan,Phase 2,2,18.648901,22,15,136,-0.5,0.8660254037844384,18.364563,18.4456158,18.5999413,0.268225014,0.267812401,0.268733263,1.3321708,1.4864397,1.5940721,1004.3691,1004.64,1005.1703,0.5213257,0.52305865,0.4893191,18.470040033333333,0.1195748443784547,18.5507746
2020-05-15 23:00:00,0.9899145,1004.47174,0.50832886,18.648901,0.271487653,Amphan,Phase 2,2,18.8352566,23,15,136,-0.258819045,0.965925826289068,18.4891777,18.364563,18.4456158,0.26964584,0.268225014,0.267812401,1.12324,1.3321708,1.4864397,1004.4101,1004.3691,1004.64,0.5057381,0.5213257,0.52305865,18.43311883333333,0.063240308,18.55077078333333
2020-05-16 00:00:00,0.9147878,1004.86115,0.51808137,18.8352566,0.27159521,Amphan,Phase 2,2,18.7467117,0,16,137,0.0,1.0,18.648901,18.4891777,18.364563,0.271487653,0.26964584,0.268225014,0.9899145,1.12324,1.3321708,1004.47174,1004.4101,1004.3691,0.50832886,0.5057381,0.5213257,18.500880566666662,0.1425297946996754,18.5477168
2020-05-16 01:00:00,0.83634895,1005.4665,0.5139109,18.7467117,0.270102918,Amphan,Phase 2,2,17.3099365,1,16,137,0.2588190451025207,0.9659258262890684,18.8352566,18.648901,18.4891777,0.27159521,0.271487653,0.26964584,0.9147878,0.9899145,1.12324,1004.86115,1004.47174,1004.4101,0.51808137,0.50832886,0.5057381,18.65777843333333,0.1732101552254163,18.563909233333334
2020-05-16 02:00:00,0.75713927,1006.0174,0.5463388,17.3099365,0.267952651,Amphan,Phase 2,2,16.401823,2,16,137,0.4999999999999999,0.8660254037844387,18.7467117,18.8352566,18.648901,0.270102918,0.27159521,0.271487653,0.83634895,0.9147878,0.9899145,1005.4665,1004.86115,1004.47174,0.5139109,0.51808137,0.50832886,18.7436231,0.093216184,18.588370966666663
2020-05-16 03:00:00,0.6824797,1006.3732,0.5821471,16.401823,0.265485913,Amphan,Phase 2,2,16.4520416,3,16,137,0.7071067811865475,0.7071067811865476,17.3099365,18.7467117,18.8352566,0.267952651,0.270102918,0.27159521,0.75713927,0.83634895,0.9147878,1006.0174,1005.4665,1004.86115,0.5463388,0.5139109,0.51808137,18.2973016,0.8562286086977459,18.39909108333333
2020-05-16 04:00:00,0.564024,1006.46173,0.63485974,16.4520416,0.265911609,Amphan,Phase 2,2,16.7247086,4,16,137,0.8660254037844386,0.5000000000000001,16.401823,17.3099365,18.7467117,0.265485913,0.267952651,0.270102918,0.6824797,0.75713927,0.83634895,1006.3732,1006.0174,1005.4665,0.5821471,0.5463388,0.5139109,17.486157066666667,1.1823349863444466,18.07196775
2020-05-16 05:00:00,0.43582198,1006.22424,0.70275885,16.7247086,0.26726073,Amphan,Phase 2,2,17.027317,5,16,137,0.9659258262890684,0.2588190451025207,16.4520416,16.401823,17.3099365,0.265911609,0.265485913,0.267952651,0.564024,0.6824797,0.75713927,1006.46173,1006.3732,1006.0174,0.63485974,0.5821471,0.5463388,16.721267033333334,0.5104206918666774,17.732445066666667
2020-05-16 06:00:00,0.34715527,1005.6241,0.7275803,17.027317,0.286739796,Amphan,Phase 2,2,16.9784336,6,16,137,1.0,6.123233995736766e-17,16.7247086,16.4520416,16.401823,0.26726073,0.265911609,0.265485913,0.43582198,0.564024,0.6824797,1006.22424,1006.46173,1006.3732,0.70275885,0.63485974,0.5821471,16.526191066666666,0.1737451732480824,17.411746333333337
2020-05-16 07:00:00,0.28486264,1004.80865,0.64298123,16.9784336,0.292435974,Amphan,Phase 2,2,16.7140446,7,16,137,0.9659258262890684,-0.258819045,17.027317,16.7247086,16.4520416,0.286739796,0.26726073,0.265911609,0.34715527,0.43582198,0.564024,1005.6241,1006.22424,1006.46173,0.7275803,0.70275885,0.63485974,16.734689066666665,0.2877675342136529,17.110423066666666
2020-05-16 08:00:00,0.2689149,1003.9003,0.64697766,16.7140446,0.298789889,Amphan,Phase 2,2,16.9886932,8,16,137,0.8660254037844387,-0.5,16.9784336,17.027317,16.7247086,0.292435974,0.286739796,0.26726073,0.28486264,0.34715527,0.43582198,1004.80865,1005.6241,1006.22424,0.64298123,0.7275803,0.70275885,16.910153066666666,0.1624488669145022,16.815710049999996
2020-05-16 09:00:00,0.27771363,1003.04376,0.68389744,16.9886932,0.310012043,Amphan,Phase 2,2,16.5934677,9,16,137,0.7071067811865476,-0.707106781,16.7140446,16.9784336,17.027317,0.298789889,0.292435974,0.286739796,0.2689149,0.28486264,0.34715527,1003.9003,1004.80865,1005.6241,0.64697766,0.64298123,0.7275803,16.9065984,0.1685381889058739,16.716394733333335
2020-05-16 10:00:00,0.12996922,1002.6591,0.70199084,16.5934677,0.309167802,Amphan,Phase 2,2,16.4927368,10,16,137,0.4999999999999999,-0.866025404,16.9886932,16.7140446,16.9784336,0.310012043,0.298789889,0.292435974,0.27771363,0.2689149,0.28486264,1003.04376,1003.9003,1004.80865,0.68389744,0.64697766,0.64298123,16.8937238,0.1556912843818562,16.814206433333336
2020-05-16 11:00:00,0.12880088,1002.51117,0.68197286,16.4927368,0.310565799,Amphan,Phase 2,2,16.9121971,11,16,137,0.258819045,-0.965925826,16.5934677,16.9886932,16.7140446,0.309167802,0.310012043,0.298789889,0.12996922,0.27771363,0.2689149,1002.6591,1003.04376,1003.9003,0.70199084,0.68389744,0.64697766,16.765401833333332,0.2025560984622668,16.83777745
2020-05-16 12:00:00,0.4448188,1002.6523,0.61928767,16.9121971,0.314912617,Amphan,Phase 2,2,17.8798161,12,16,137,1.2246467991473532e-16,-1.0,16.4927368,16.5934677,16.9886932,0.310565799,0.309167802,0.310012043,0.12880088,0.12996922,0.27771363,1002.51117,1002.6591,1003.04376,0.68197286,0.70199084,0.68389744,16.691632566666666,0.2621458438750388,16.799115483333335
2020-05-16 13:00:00,0.7860866,1003.23987,0.5744292,17.8798161,0.31518811,Amphan,Phase 2,2,18.9560947,13,16,137,-0.258819045,-0.965925826,16.9121971,16.4927368,16.5934677,0.314912617,0.310565799,0.309167802,0.4448188,0.12880088,0.12996922,1002.6523,1002.51117,1002.6591,0.61928767,0.68197286,0.70199084,16.666133866666666,0.2189680676548442,16.779928833333333
2020-05-16 14:00:00,1.0410249,1004.0388,0.5428384,18.9560947,0.312072366,Amphan,Phase 2,2,19.9448166,14,16,137,-0.5,-0.866025404,17.8798161,16.9121971,16.4927368,0.31518811,0.314912617,0.310565799,0.7860866,0.4448188,0.12880088,1003.23987,1002.6523,1002.51117,0.5744292,0.61928767,0.68197286,17.094916666666666,0.7113628301747396,16.930159250000003
2020-05-16 15:00:00,1.2393792,1004.89764,0.4995583,19.9448166,0.315169454,Amphan,Phase 2,2,20.6765957,15,16,137,-0.707106781,-0.707106781,18.9560947,17.8798161,16.9121971,0.312072366,0.31518811,0.314912617,1.0410249,0.7860866,0.4448188,1004.0388,1003.23987,1002.6523,0.5428384,0.5744292,0.61928767,17.916035966666666,1.022430075299728,17.303834266666666
2020-05-16 16:00:00,1.37281,1005.3493,0.46159664,20.6765957,0.319112003,Amphan,Phase 2,2,21.0568466,16,16,137,-0.866025404,-0.5,19.9448166,18.9560947,17.8798161,0.315169454,0.312072366,0.31518811,1.2393792,1.0410249,0.7860866,1004.89764,1004.0388,1003.23987,0.4995583,0.5428384,0.5744292,18.926909133333336,1.0328095730705935,17.7965215
2020-05-16 17:00:00,1.4434571,1005.3897,0.444601,21.0568466,0.319981843,Amphan,Phase 2,2,21.357769,17,16,137,-0.965925826,-0.258819045,20.6765957,19.9448166,18.9560947,0.319112003,0.315169454,0.312072366,1.37281,1.2393792,1.0410249,1005.3493,1004.89764,1004.0388,0.46159664,0.4995583,0.5428384,19.859169,0.8634422715442714,18.47704283333333
2020-05-16 18:00:00,1.5058044,1005.02734,0.4507852,21.357769,0.317914695,Amphan,Phase 2,2,21.605917,18,16,137,-1.0,-1.84e-16,21.0568466,20.6765957,19.9448166,0.319981843,0.319112003,0.315169454,1.4434571,1.37281,1.2393792,1005.3897,1005.3493,1004.89764,0.444601,0.46159664,0.4995583,20.55941963333333,0.5651993924046386,19.2377278
2020-05-16 19:00:00,1.5415236,1004.3808,0.520528,21.605917,0.318848401,Amphan,Phase 2,2,21.7848091,19,16,137,-0.965925826,0.2588190451025203,21.357769,21.0568466,20.6765957,0.317914695,0.319981843,0.319112003,1.5058044,1.4434571,1.37281,1005.02734,1005.3897,1005.3493,0.4507852,0.444601,0.46159664,21.03040376666667,0.3413556557817894,19.97865645
2020-05-16 20:00:00,1.5226009,1003.8268,0.53945524,21.7848091,0.321750462,Amphan,Phase 2,2,21.8328876,20,16,137,-0.866025404,0.5000000000000001,21.605917,21.357769,21.0568466,0.318848401,0.317914695,0.319981843,1.5415236,1.5058044,1.4434571,1004.3808,1005.02734,1005.3897,0.520528,0.4507852,0.444601,21.340177533333332,0.2749575800257686,20.599673266666667
2020-05-16 21:00:00,1.4424788,1003.2715,0.5801705,21.8328876,0.32364133,Amphan,Phase 2,2,21.6621227,21,16,137,-0.707106781,0.7071067811865474,21.7848091,21.605917,21.357769,0.321750462,0.318848401,0.317914695,1.5226009,1.5415236,1.5058044,1003.8268,1004.3808,1005.02734,0.53945524,0.520528,0.4507852,21.582831700000003,0.2144539812151888,21.071125666666667
2020-05-16 22:00:00,1.178606,1003.22156,0.5861913,21.6621227,0.32337144,Amphan,Phase 2,2,21.5321636,22,16,137,-0.5,0.8660254037844384,21.8328876,21.7848091,21.605917,0.32364133,0.321750462,0.318848401,1.4424788,1.5226009,1.5415236,1003.2715,1003.8268,1004.3808,0.5801705,0.53945524,0.520528,21.741204566666667,0.1196032182321144,21.38580416666667
2020-05-16 23:00:00,1.0182611,1003.30853,0.5741309,21.5321636,0.322765112,Amphan,Phase 2,2,21.4106064,23,16,137,-0.258819045,0.965925826289068,21.6621227,21.8328876,21.7848091,0.32337144,0.32364133,0.321750462,1.178606,1.4424788,1.5226009,1003.22156,1003.2715,1003.8268,0.5861913,0.5801705,0.53945524,21.7599398,0.088056938,21.55005866666667
2020-05-17 00:00:00,0.85483426,1003.70514,0.5837515,21.4106064,0.323949844,Amphan,Phase 2,2,21.298048,0,17,138,0.0,1.0,21.5321636,21.6621227,21.8328876,0.322765112,0.32337144,0.32364133,1.0182611,1.178606,1.4424788,1003.30853,1003.22156,1003.2715,0.5741309,0.5861913,0.5801705,21.67572463333333,0.1508227121052343,21.629278166666666
2020-05-17 01:00:00,0.74353087,1004.2978,0.60872716,21.298048,0.323912621,Amphan,Phase 2,2,19.6727066,1,17,138,0.2588190451025207,0.9659258262890684,21.4106064,21.5321636,21.6621227,0.323949844,0.322765112,0.32337144,0.85483426,1.0182611,1.178606,1003.70514,1003.30853,1003.22156,0.5837515,0.5741309,0.5861913,21.53496423333333,0.1257815366089068,21.6380844
2020-05-17 02:00:00,0.6370127,1004.98444,0.6085312,19.6727066,0.323616117,Amphan,Phase 2,2,18.938776,2,17,138,0.4999999999999999,0.8660254037844387,21.298048,21.4106064,21.5321636,0.323912621,0.323949844,0.322765112,0.74353087,0.85483426,1.0182611,1004.2978,1003.70514,1003.30853,0.60872716,0.5837515,0.5741309,21.413606,0.1170866206743232,21.5867729
2020-05-17 03:00:00,0.559183,1005.3086,0.59953946,18.938776,0.333317757,Amphan,Phase 2,2,19.1375237,3,17,138,0.7071067811865475,0.7071067811865476,19.6727066,21.298048,21.4106064,0.323616117,0.323912621,0.323949844,0.6370127,0.74353087,0.85483426,1004.98444,1004.2978,1003.70514,0.6085312,0.60872716,0.5837515,20.793787,0.9725139051965924,21.234755816666667
2020-05-17 04:00:00,0.45784432,1005.324,0.5700556,19.1375237,0.336718231,Amphan,Phase 2,2,19.3862686,4,17,138,0.8660254037844386,0.5000000000000001,18.938776,19.6727066,21.298048,0.333317757,0.323616117,0.323912621,0.559183,0.6370127,0.74353087,1005.3086,1004.98444,1004.2978,0.59953946,0.6085312,0.60872716,19.969843533333336,1.2073768510117358,20.752403883333333
2020-05-17 05:00:00,0.3765922,1005.09924,0.5309207,19.3862686,0.339623898,Amphan,Phase 2,2,20.0765648,5,17,138,0.9659258262890684,0.2588190451025207,19.1375237,18.938776,19.6727066,0.336718231,0.333317757,0.323616117,0.45784432,0.559183,0.6370127,1005.324,1005.3086,1004.98444,0.5700556,0.59953946,0.6085312,19.24966876666667,0.3795996817534229,20.331637383333334
2020-05-17 06:00:00,0.36366317,1004.4846,0.5335051,20.0765648,0.346735895,Amphan,Phase 2,2,19.8806152,6,17,138,1.0,6.123233995736766e-17,19.3862686,19.1375237,18.938776,0.339623898,0.336718231,0.333317757,0.3765922,0.45784432,0.559183,1005.09924,1005.324,1005.3086,0.5309207,0.5700556,0.59953946,19.15418943333333,0.2242113216684186,19.973988216666665
2020-05-17 07:00:00,0.38674372,1003.66724,0.608711,19.8806152,0.350931972,Amphan,Phase 2,2,19.5785542,7,17,138,0.9659258262890684,-0.258819045,20.0765648,19.3862686,19.1375237,0.346735895,0.339623898,0.336718231,0.36366317,0.3765922,0.45784432,1004.4846,1005.09924,1005.324,0.5335051,0.5309207,0.5700556,19.533452366666666,0.4865149974562967,19.75164795
2020-05-17 08:00:00,0.42977673,1002.6337,0.5981429,19.5785542,0.356471092,Amphan,Phase 2,2,19.2229671,8,17,138,0.8660254037844387,-0.5,19.8806152,20.0765648,19.3862686,0.350931972,0.346735895,0.339623898,0.38674372,0.36366317,0.3765922,1003.66724,1004.4846,1005.09924,0.608711,0.5335051,0.5309207,19.78114953333333,0.3557348381416297,19.51540915
2020-05-17 09:00:00,0.4871876,1001.731,0.60101557,19.2229671,0.360105783,Amphan,Phase 2,2,18.6942024,9,17,138,0.7071067811865476,-0.707106781,19.5785542,19.8806152,20.0765648,0.356471092,0.350931972,0.346735895,0.42977673,0.38674372,0.36366317,1002.6337,1003.66724,1004.4846,0.5981429,0.608711,0.5335051,19.84524473333333,0.2508823267235316,19.499717083333334
2020-05-17 10:00:00,0.077707574,1000.8368,0.6078471,18.6942024,0.362945139,Amphan,Phase 2,2,18.494194,10,17,138,0.4999999999999999,-0.866025404,19.2229671,19.5785542,19.8806152,0.360105783,0.356471092,0.350931972,0.4871876,0.42977673,0.38674372,1001.731,1002.6337,1003.66724,0.60101557,0.5981429,0.608711,19.56071216666667,0.3291868914058705,19.547082266666667
2020-05-17 11:00:00,0.25998062,1000.7251,0.62024647,18.494194,0.362611383,Amphan,Phase 2,2,19.1059132,11,17,138,0.258819045,-0.965925826,18.6942024,19.2229671,19.5785542,0.362945139,0.360105783,0.356471092,0.077707574,0.4871876,0.42977673,1000.8368,1001.731,1002.6337,0.6078471,0.60101557,0.5981429,19.165241233333337,0.4449929587112309,19.473195383333334
2020-05-17 12:00:00,0.6074753,1000.91565,0.6001026,19.1059132,0.361215889,Amphan,Phase 2,2,19.9482517,12,17,138,1.2246467991473532e-16,-1.0,18.494194,18.6942024,19.2229671,0.362611383,0.362945139,0.360105783,0.25998062,0.077707574,0.4871876,1000.7251,1000.8368,1001.731,0.62024647,0.6078471,0.60101557,18.80378783333333,0.3765425383937257,19.32451628333333
2020-05-17 13:00:00,0.9432023,1001.4992,0.55117786,19.9482517,0.361395985,Amphan,Phase 2,2,20.9107761,13,17,138,-0.258819045,-0.965925826,19.1059132,18.494194,18.6942024,0.361215889,0.362611383,0.362945139,0.6074753,0.25998062,0.077707574,1000.91565,1000.7251,1000.8368,0.6001026,0.62024647,0.6078471,18.76476986666667,0.3119053068255148,19.16274101666667
2020-05-17 14:00:00,1.2022113,1002.3917,0.5145214,20.9107761,0.363837481,Amphan,Phase 2,2,21.6819191,14,17,138,-0.5,-0.866025404,19.9482517,19.1059132,18.494194,0.361395985,0.361215889,0.362611383,0.9432023,0.6074753,0.25998062,1001.4992,1000.91565,1000.7251,0.55117786,0.6001026,0.62024647,19.1827863,0.7300705814234563,19.17401376666667
2020-05-17 15:00:00,1.3818332,1003.12537,0.4992786,21.6819191,0.366570026,Amphan,Phase 2,2,22.1498966,15,17,138,-0.707106781,-0.707106781,20.9107761,19.9482517,19.1059132,0.363837481,0.361395985,0.361215889,1.2022113,0.9432023,0.6074753,1002.3917,1001.4992,1000.91565,0.5145214,0.55117786,0.6001026,19.988313666666667,0.903098136,19.39605075
2020-05-17 16:00:00,1.5474985,1003.63336,0.48965204,22.1498966,0.370093137,Amphan,Phase 2,2,22.2785606,16,17,138,-0.866025404,-0.5,21.6819191,20.9107761,19.9482517,0.366570026,0.363837481,0.361395985,1.3818332,1.2022113,0.9432023,1003.12537,1002.3917,1001.4992,0.4992786,0.5145214,0.55117786,20.8469823,0.8685924822058432,19.80587608333333
2020-05-17 17:00:00,1.6959114,1003.5597,0.4828867,22.2785606,0.377361149,Amphan,Phase 2,2,22.1477184,17,17,138,-0.965925826,-0.258819045,22.1498966,21.6819191,20.9107761,0.370093137,0.366570026,0.363837481,1.5474985,1.3818332,1.2022113,1003.63336,1003.12537,1002.3917,0.48965204,0.4992786,0.5145214,21.580863933333333,0.6257108065333278,20.381825116666665
2020-05-17 18:00:00,1.8138665,1003.0072,0.49458194,22.1477184,0.382907808,Amphan,Phase 2,2,21.9095154,18,17,138,-1.0,-1.84e-16,22.2785606,22.1498966,21.6819191,0.377361149,0.370093137,0.366570026,1.6959114,1.5474985,1.3818332,1003.5597,1003.63336,1003.12537,0.4828867,0.48965204,0.4992786,22.0367921,0.3139900329958952,21.01255288333333
2020-05-17 19:00:00,1.9379995,1002.3666,0.52189183,21.9095154,0.383250803,Amphan,Phase 2,2,21.7474499,19,17,138,-0.965925826,0.2588190451025203,22.1477184,22.2785606,22.1498966,0.382907808,0.377361149,0.370093137,1.8138665,1.6959114,1.5474985,1003.0072,1003.5597,1003.63336,0.49458194,0.4828867,0.48965204,22.19205853333333,0.074920904,21.519520416666666
2020-05-17 20:00:00,2.0322862,1001.61975,0.5206982,21.7474499,0.383017421,Amphan,Phase 2,2,21.715456,20,17,138,-0.866025404,0.5000000000000001,21.9095154,22.1477184,22.2785606,0.383250803,0.382907808,0.377361149,1.9379995,1.8138665,1.6959114,1002.3666,1003.0072,1003.5597,0.52189183,0.49458194,0.4828867,22.111931466666665,0.1871072375907135,21.8463977
2020-05-17 21:00:00,2.0800092,1001.1403,0.5701551,21.715456,0.385340214,Amphan,Phase 2,2,21.5990734,21,17,138,-0.707106781,0.7071067811865474,21.7474499,21.9095154,22.1477184,0.383017421,0.383250803,0.382907808,2.0322862,1.9379995,1.8138665,1001.61975,1002.3666,1003.0072,0.5206982,0.52189183,0.49458194,21.934894566666667,0.2013375141363257,21.98584333333333
2020-05-17 22:00:00,1.6586634,1001.01953,0.62831485,21.5990734,0.386751205,Amphan,Phase 2,2,21.6408787,22,17,138,-0.5,0.8660254037844384,21.715456,21.7474499,21.9095154,0.385340214,0.383017421,0.383250803,2.0800092,2.0322862,1.9379995,1001.1403,1001.61975,1002.3666,0.5701551,0.5206982,0.52189183,21.7908071,0.1040415675390348,21.991432816666663
2020-05-17 23:00:00,1.7764735,1000.9842,0.6851982,21.6408787,0.386030048,Amphan,Phase 2,2,21.7400093,23,17,138,-0.258819045,0.965925826289068,21.5990734,21.715456,21.7474499,0.386751205,0.385340214,0.383017421,1.6586634,2.0800092,2.0322862,1001.01953,1001.1403,1001.61975,0.62831485,0.5701551,0.5206982,21.68732643333333,0.078085535,21.89962895
2020-05-18 00:00:00,1.8813516,1001.32446,0.67947376,21.7400093,0.386303335,Amphan,Phase 2,2,21.9079266,0,18,139,0.0,1.0,21.6408787,21.5990734,21.715456,0.386030048,0.386751205,0.385340214,1.7764735,1.6586634,2.0800092,1000.9842,1001.01953,1001.1403,0.6851982,0.62831485,0.5701551,21.6518027,0.0589553027953988,21.79334863333333
2020-05-18 01:00:00,1.9731363,1001.9294,0.64698267,21.9079266,0.384818912,Amphan,Phase 2,2,20.7531166,1,18,139,0.2588190451025207,0.9659258262890684,21.7400093,21.6408787,21.5990734,0.386303335,0.386030048,0.386751205,1.8813516,1.7764735,1.6586634,1001.32446,1000.9842,1001.01953,0.67947376,0.6851982,0.62831485,21.65998713333333,0.072384951,21.725397116666667
2020-05-18 02:00:00,2.009176,1002.56195,0.6416938,20.7531166,0.381904215,Amphan,Phase 2,2,19.6639938,2,18,139,0.4999999999999999,0.8660254037844387,21.9079266,21.7400093,21.6408787,0.384818912,0.386303335,0.386030048,1.9731363,1.8813516,1.7764735,1001.9294,1001.32446,1000.9842,0.64698267,0.67947376,0.6851982,21.7629382,0.1349923926190628,21.725132316666663
2020-05-18 03:00:00,2.0380654,1002.9168,0.65326,19.6639938,0.380855799,Amphan,Phase 2,2,19.7522278,3,18,139,0.7071067811865475,0.7071067811865476,20.7531166,21.9079266,21.7400093,0.381904215,0.384818912,0.386303335,2.009176,1.9731363,1.8813516,1002.56195,1001.9294,1001.32446,0.6416938,0.64698267,0.67947376,21.4670175,0.6239310267773469,21.5594101
2020-05-18 04:00:00,2.033297,1002.9293,0.65664357,19.7522278,0.381237626,Amphan,Phase 2,2,19.9496288,4,18,139,0.8660254037844386,0.5000000000000001,19.6639938,20.7531166,21.9079266,0.380855799,0.381904215,0.384818912,2.0380654,2.009176,1.9731363,1002.9168,1002.56195,1001.9294,0.65326,0.6416938,0.64698267,20.775012333333333,1.1221266283635742,21.217499733333334
2020-05-18 05:00:00,1.9988068,1002.74225,0.63332516,19.9496288,0.381542742,Amphan,Phase 2,2,20.0523357,5,18,139,0.9659258262890684,0.2588190451025207,19.7522278,19.6639938,20.7531166,0.381237626,0.380855799,0.381904215,2.033297,2.0380654,2.009176,1002.9293,1002.9168,1002.56195,0.65664357,0.65326,0.6416938,20.056446066666663,0.6049451906579528,20.909692133333333
2020-05-18 06:00:00,1.9722279,1002.1411,0.60594547,20.0523357,0.400268823,Amphan,Phase 2,2,19.8736382,6,18,139,1.0,6.123233995736766e-17,19.9496288,19.7522278,19.6639938,0.381542742,0.381237626,0.380855799,1.9988068,2.033297,2.0380654,1002.74225,1002.9293,1002.9168,0.63332516,0.65664357,0.65326,19.7886168,0.1462530608123086,20.62781715
2020-05-18 07:00:00,1.970563,1001.3256,0.65387744,19.8736382,0.399367452,Amphan,Phase 2,2,19.6564407,7,18,139,0.9659258262890684,-0.258819045,20.0523357,19.9496288,19.7522278,0.400268823,0.381542742,0.381237626,1.9722279,1.9988068,2.033297,1002.1411,1002.74225,1002.9293,0.60594547,0.63332516,0.65664357,19.9180641,0.1525235576071509,20.346538216666666
2020-05-18 08:00:00,1.9728792,1000.4178,0.64257306,19.6564407,0.396680266,Amphan,Phase 2,2,21.4616909,8,18,139,0.8660254037844387,-0.5,19.8736382,20.0523357,19.9496288,0.399367452,0.400268823,0.381542742,1.970563,1.9722279,1.9988068,1001.3256,1002.1411,1002.74225,0.65387744,0.60594547,0.63332516,19.95853423333333,0.089680986,20.00749015
2020-05-18 09:00:00,1.9769104,999.63617,0.67230487,21.4616909,0.414792866,Amphan,Phase 2,2,21.0060768,9,18,139,0.7071067811865476,-0.707106781,19.6564407,19.8736382,20.0523357,0.396680266,0.399367452,0.400268823,1.9728792,1.970563,1.9722279,1000.4178,1001.3256,1002.1411,0.64257306,0.65387744,0.60594547,19.86080486666667,0.1982592585216481,19.82471083333333
2020-05-18 10:00:00,1.6830676,998.73584,0.6723641,21.0060768,0.415594995,Amphan,Phase 2,2,20.9276237,10,18,139,0.4999999999999999,-0.866025404,21.4616909,19.6564407,19.8736382,0.414792866,0.396680266,0.399367452,1.9769104,1.9728792,1.970563,999.63617,1000.4178,1001.3256,0.67230487,0.64257306,0.65387744,20.33058993333333,0.9855636641522684,20.124327016666665
2020-05-18 11:00:00,1.6487341,998.74634,0.6337214,20.9276237,0.412628323,Amphan,Phase 2,2,21.5529175,11,18,139,0.258819045,-0.965925826,21.0060768,21.4616909,19.6564407,0.415594995,0.414792866,0.396680266,1.6830676,1.9769104,1.9728792,998.73584,999.63617,1000.4178,0.6723641,0.67230487,0.64257306,20.708069466666668,0.9387962234640344,20.33330185
2020-05-18 12:00:00,1.7229296,999.13403,0.56878346,21.5529175,0.409833819,Amphan,Phase 2,2,22.512661,12,18,139,1.2246467991473532e-16,-1.0,20.9276237,21.0060768,21.4616909,0.412628323,0.415594995,0.414792866,1.6487341,1.6830676,1.9769104,998.74634,998.73584,999.63617,0.6337214,0.6723641,0.67230487,21.131797133333333,0.2883767417616176,20.496301
2020-05-18 13:00:00,1.9715536,999.7483,0.50495565,22.512661,0.409339756,Amphan,Phase 2,2,23.2451115,13,18,139,-0.258819045,-0.965925826,21.5529175,20.9276237,21.0060768,0.409833819,0.412628323,0.415594995,1.7229296,1.6487341,1.6830676,999.13403,998.74634,998.73584,0.56878346,0.6337214,0.6723641,21.162206,0.340632249,20.746397966666667
2020-05-18 14:00:00,2.1815698,1000.5593,0.4694962,23.2451115,0.410574436,Amphan,Phase 2,2,23.7620678,14,18,139,-0.5,-0.866025404,22.512661,21.5529175,20.9276237,0.409339756,0.409833819,0.412628323,1.9715536,1.7229296,1.6487341,999.7483,999.13403,998.74634,0.50495565,0.56878346,0.6337214,21.66440073333333,0.7983778516991116,21.1862351
2020-05-18 15:00:00,2.3750901,1001.3663,0.45823944,23.7620678,0.415252149,Amphan,Phase 2,2,24.1308308,15,18,139,-0.707106781,-0.707106781,23.2451115,22.512661,21.5529175,0.410574436,0.409339756,0.409833819,2.1815698,1.9715536,1.7229296,1000.5593,999.7483,999.13403,0.4694962,0.50495565,0.56878346,22.43689666666667,0.8486373248114548,21.784346900000003
2020-05-18 16:00:00,2.5539358,1001.8244,0.4705334,24.1308308,0.419437796,Amphan,Phase 2,2,24.3920975,16,18,139,-0.866025404,-0.5,23.7620678,23.2451115,22.512661,0.415252149,0.410574436,0.409339756,2.3750901,2.1815698,1.9715536,1001.3663,1000.5593,999.7483,0.45823944,0.4694962,0.50495565,23.1732801,0.6277930793590519,22.16774305
2020-05-18 17:00:00,2.6953678,1001.84845,0.47759426,24.3920975,0.42349574,Amphan,Phase 2,2,24.6225605,17,18,139,-0.965925826,-0.258819045,24.1308308,23.7620678,23.2451115,0.419437796,0.415252149,0.410574436,2.5539358,2.3750901,2.1815698,1001.8244,1001.3663,1000.5593,0.4705334,0.45823944,0.4694962,23.712670033333332,0.4449210875110089,22.68853538333333
2020-05-18 18:00:00,2.8524508,1001.3477,0.48952097,24.6225605,0.427556306,Amphan,Phase 2,2,24.8143368,18,18,139,-1.0,-1.84e-16,24.3920975,24.1308308,23.7620678,0.42349574,0.419437796,0.415252149,2.6953678,2.5539358,2.3750901,1001.84845,1001.8244,1001.3663,0.47759426,0.4705334,0.45823944,24.0949987,0.3165395871979732,23.265947683333334
2020-05-18 19:00:00,3.0020661,1000.8029,0.48996666,24.8143368,0.429752171,Amphan,Phase 2,2,24.9494858,19,18,139,-0.965925826,0.2588190451025203,24.6225605,24.3920975,24.1308308,0.427556306,0.42349574,0.419437796,2.8524508,2.6953678,2.5539358,1001.3477,1001.84845,1001.8244,0.48952097,0.47759426,0.4705334,24.3818296,0.2460256019065456,23.77755485
2020-05-18 20:00:00,3.1578386,1000.1361,0.5165862,24.9494858,0.433974206,Amphan,Phase 2,2,25.153141,20,18,139,-0.866025404,0.5000000000000001,24.8143368,24.6225605,24.3920975,0.429752171,0.427556306,0.42349574,3.0020661,2.8524508,2.6953678,1000.8029,1001.3477,1001.84845,0.48996666,0.48952097,0.47759426,24.60966493333333,0.2114148252749146,24.161167483333333
2020-05-18 21:00:00,3.2428112,999.6725,0.513531,25.153141,0.440248311,Amphan,Phase 2,2,25.3201942,21,18,139,-0.707106781,0.7071067811865474,24.9494858,24.8143368,24.6225605,0.433974206,0.429752171,0.427556306,3.1578386,3.0020661,2.8524508,1000.1361,1000.8029,1001.3477,0.5165862,0.48996666,0.48952097,24.795461033333336,0.1642779926546193,24.445229866666665
2020-05-18 22:00:00,2.8870444,999.3571,0.5141093,25.3201942,0.450643182,Amphan,Phase 2,2,25.5688877,22,18,139,-0.5,0.8660254037844384,25.153141,24.9494858,24.8143368,0.440248311,0.433974206,0.429752171,3.2428112,3.1578386,3.0020661,999.6725,1000.1361,1000.8029,0.513531,0.5165862,0.48996666,24.9723212,0.1705525230081802,24.6770754
2020-05-18 23:00:00,3.0113301,999.4522,0.52330637,25.5688877,0.458039224,Amphan,Phase 2,2,25.7230911,23,18,139,-0.258819045,0.965925826289068,25.3201942,25.153141,24.9494858,0.450643182,0.440248311,0.433974206,2.8870444,3.2428112,3.1578386,999.3571,999.6725,1000.1361,0.5141093,0.513531,0.5165862,25.140940333333333,0.1856551148181935,24.87530263333333
2020-05-19 00:00:00,3.057044,999.7754,0.5250214,25.7230911,0.464768887,Amphan,Phase 2,2,25.4637318,0,19,140,0.0,1.0,25.5688877,25.3201942,25.153141,0.458039224,0.450643182,0.440248311,3.0113301,2.8870444,3.2428112,999.4522,999.3571,999.6725,0.52330637,0.5141093,0.513531,25.347407633333333,0.2092050617355059,25.07143433333333
2020-05-19 01:00:00,3.0669942,1000.4621,0.53540343,25.4637318,0.471695006,Amphan,Phase 2,2,24.0072136,1,19,140,0.2588190451025207,0.9659258262890684,25.7230911,25.5688877,25.3201942,0.464768887,0.458039224,0.450643182,3.057044,3.0113301,2.8870444,999.7754,999.4522,999.3571,0.5250214,0.52330637,0.5141093,25.537391,0.2032867668855329,25.2548561
2020-05-19 02:00:00,3.0887792,1001.05914,0.54307884,24.0072136,0.474379569,Amphan,Phase 2,2,23.314127,2,19,140,0.4999999999999999,0.8660254037844387,25.4637318,25.7230911,25.5688877,0.471695006,0.464768887,0.458039224,3.0669942,3.057044,3.0113301,1000.4621,999.7754,999.4522,0.53540343,0.5250214,0.52330637,25.585236866666666,0.130450308785944,25.3630886
2020-05-19 03:00:00,3.0967348,1001.40045,0.5350404,23.314127,0.484534055,Amphan,Phase 2,2,23.4861374,3,19,140,0.7071067811865475,0.7071067811865476,24.0072136,25.4637318,25.7230911,0.474379569,0.471695006,0.464768887,3.0887792,3.0669942,3.057044,1001.05914,1000.4621,999.7754,0.54307884,0.53540343,0.5250214,25.064678833333332,0.9249277546953836,25.20604323333333
2020-05-19 04:00:00,3.0570455,1001.5362,0.50247264,23.4861374,0.493612379,Amphan,Phase 2,2,23.7990265,4,19,140,0.8660254037844386,0.5000000000000001,23.314127,24.0072136,25.4637318,0.484534055,0.474379569,0.471695006,3.0967348,3.0887792,3.0669942,1001.40045,1001.05914,1000.4621,0.5350404,0.54307884,0.53540343,24.2616908,1.097164155,24.8995409
2020-05-19 05:00:00,2.9952123,1001.3643,0.47813636,23.7990265,0.498247743,Amphan,Phase 2,2,25.1660099,5,19,140,0.9659258262890684,0.2588190451025207,23.4861374,23.314127,24.0072136,0.493612379,0.484534055,0.474379569,3.0570455,3.0967348,3.0887792,1001.5362,1001.40045,1001.05914,0.50247264,0.5350404,0.54307884,23.602492666666667,0.3608963422311093,24.59386476666667
2020-05-19 06:00:00,2.9832842,1000.9576,0.4592078,25.1660099,0.520021677,Amphan,Phase 2,2,25.1922455,6,19,140,1.0,6.123233995736766e-17,23.7990265,23.4861374,23.314127,0.498247743,0.493612379,0.484534055,2.9952123,3.0570455,3.0967348,1001.3643,1001.5362,1001.40045,0.47813636,0.50247264,0.5350404,23.533096966666665,0.2458369011179983,24.2988879
2020-05-19 07:00:00,3.0143323,1000.3206,0.50362915,25.1922455,0.52492094,Amphan,Phase 2,2,25.1611595,7,19,140,0.9659258262890684,-0.258819045,25.1660099,23.7990265,23.4861374,0.520021677,0.498247743,0.493612379,2.9832842,2.9952123,3.0570455,1000.9576,1001.3643,1001.5362,0.4592078,0.47813636,0.50247264,24.150391266666663,0.8933564817614708,24.20604103333333
2020-05-19 08:00:00,3.1110198,999.53076,0.51507825,25.1611595,0.53015238,Amphan,Phase 2,2,24.8560772,8,19,140,0.8660254037844387,-0.5,25.1922455,25.1660099,23.7990265,0.52492094,0.520021677,0.498247743,3.0143323,2.9832842,2.9952123,1000.3206,1000.9576,1001.3643,0.50362915,0.4592078,0.47813636,24.719093966666662,0.7969097716120774,24.160793316666663
2020-05-19 09:00:00,3.2303534,998.8006,0.5279618,24.8560772,0.538253844,Amphan,Phase 2,2,24.6554985,9,19,140,0.7071067811865476,-0.707106781,25.1611595,25.1922455,25.1660099,0.53015238,0.52492094,0.520021677,3.1110198,3.0143323,2.9832842,999.53076,1000.3206,1000.9576,0.51507825,0.50362915,0.4592078,25.1731383,0.0167240968098375,24.35311763333333
2020-05-19 10:00:00,2.88628,998.36304,0.5243588,24.6554985,0.539154947,Amphan,Phase 2,2,24.7712841,10,19,140,0.4999999999999999,-0.866025404,24.8560772,25.1611595,25.1922455,0.538253844,0.53015238,0.52492094,3.2303534,3.1110198,3.0143323,998.8006,999.53076,1000.3206,0.5279618,0.51507825,0.50362915,25.0698274,0.1857644902805953,24.610109333333337
2020-05-19 11:00:00,2.9245672,998.2436,0.5161327,24.7712841,0.536587119,Amphan,Phase 2,2,25.1678562,11,19,140,0.258819045,-0.965925826,24.6554985,24.8560772,25.1611595,0.539154947,0.538253844,0.53015238,2.88628,3.2303534,3.1110198,998.36304,998.8006,999.53076,0.5243588,0.5279618,0.51507825,24.890911733333336,0.2546239290892252,24.80500285
2020-05-19 12:00:00,3.0315044,998.6192,0.5376457,25.1678562,0.537616551,Amphan,Phase 2,2,25.8290138,12,19,140,1.2246467991473532e-16,-1.0,24.7712841,24.6554985,24.8560772,0.536587119,0.539154947,0.538253844,2.9245672,2.88628,3.2303534,998.2436,998.36304,998.8006,0.5161327,0.5243588,0.5279618,24.76095326666667,0.1006876274008317,24.967045783333333
2020-05-19 13:00:00,3.1781478,999.19147,0.5331851,25.8290138,0.535371542,Amphan,Phase 2,2,26.6423569,13,19,140,-0.258819045,-0.965925826,25.1678562,24.7712841,24.6554985,0.537616551,0.536587119,0.539154947,3.0315044,2.9245672,2.88628,998.6192,998.2436,998.36304,0.5376457,0.5161327,0.5243588,24.8648796,0.2686962809617577,24.9673535
2020-05-19 14:00:00,3.3014157,999.96075,0.4985623,26.6423569,0.532092214,Amphan,Phase 2,2,27.2742081,14,19,140,-0.5,-0.866025404,25.8290138,25.1678562,24.7712841,0.535371542,0.537616551,0.536587119,3.1781478,3.0315044,2.9245672,999.19147,998.6192,998.2436,0.5331851,0.5376457,0.5161327,25.256051366666664,0.5343517756433788,25.07348155
2020-05-19 15:00:00,3.438668,1000.71204,0.45749676,27.2742081,0.531261742,Amphan,Phase 2,2,27.401577,15,19,140,-0.707106781,-0.707106781,26.6423569,25.8290138,25.1678562,0.532092214,0.535371542,0.537616551,3.3014157,3.1781478,3.0315044,999.96075,999.19147,998.6192,0.4985623,0.5331851,0.5376457,25.8797423,0.7385581318417179,25.32034778333333
2020-05-19 16:00:00,3.5497963,1001.182,0.4368128,27.401577,0.531059504,Amphan,Phase 2,2,27.4331894,16,19,140,-0.866025404,-0.5,27.2742081,26.6423569,25.8290138,0.531261742,0.532092214,0.535371542,3.438668,3.3014157,3.1781478,1000.71204,999.96075,999.19147,0.45749676,0.4985623,0.5331851,26.5818596,0.7244940190704419,25.7233696
2020-05-19 17:00:00,3.6954505,1001.23804,0.42855075,27.4331894,0.530080914,Amphan,Phase 2,2,27.437645,17,19,140,-0.965925826,-0.258819045,27.401577,27.2742081,26.6423569,0.531059504,0.531261742,0.532092214,3.5497963,3.438668,3.3014157,1001.182,1000.71204,999.96075,0.4368128,0.45749676,0.4985623,27.106047333333333,0.406586181080617,26.18104935
2020-05-19 18:00:00,3.911862,1000.79663,0.43688735,27.437645,0.532034159,Amphan,Phase 2,2,27.4278736,18,19,140,-1.0,-1.84e-16,27.4331894,27.401577,27.2742081,0.530080914,0.531059504,0.531261742,3.6954505,3.5497963,3.438668,1001.23804,1001.182,1000.71204,0.42855075,0.4368128,0.45749676,27.369658166666667,0.084159803,26.62470023333333
2020-05-19 19:00:00,4.1540537,1000.3117,0.47162125,27.4278736,0.534987092,Amphan,Phase 2,2,27.5024014,19,19,140,-0.965925826,0.2588190451025203,27.437645,27.4331894,27.401577,0.532034159,0.530080914,0.531059504,3.911862,3.6954505,3.5497963,1000.79663,1001.23804,1001.182,0.43688735,0.42855075,0.4368128,27.424137133333332,0.0196642519600493,27.002998366666663
2020-05-19 20:00:00,4.395014,999.7935,0.50121707,27.5024014,0.533486724,Amphan,Phase 2,2,27.7461128,20,19,140,-0.866025404,0.5000000000000001,27.4278736,27.437645,27.4331894,0.534987092,0.532034159,0.530080914,4.1540537,3.911862,3.6954505,1000.3117,1000.79663,1001.23804,0.47162125,0.43688735,0.42855075,27.432902666666667,0.004892006,27.269475
2020-05-19 21:00:00,4.571344,999.4233,0.47589308,27.7461128,0.53213954,Amphan,Phase 2,2,28.0869637,21,19,140,-0.707106781,0.7071067811865474,27.5024014,27.4278736,27.437645,0.533486724,0.534987092,0.532034159,4.395014,4.1540537,3.911862,999.7935,1000.3117,1000.79663,0.50121707,0.47162125,0.43688735,27.455973333333333,0.040503631,27.41281575
2020-05-19 22:00:00,4.7005305,999.6703,0.4391697,28.0869637,0.52873534,Amphan,Phase 2,2,28.4207783,22,19,140,-0.5,0.8660254037844384,27.7461128,27.5024014,27.4278736,0.53213954,0.533486724,0.534987092,4.571344,4.395014,4.1540537,999.4233,999.7935,1000.3117,0.47589308,0.50121707,0.47162125,27.55879593333333,0.1664461013267559,27.49146653333333
2020-05-19 23:00:00,4.769248,999.7042,0.41886523,28.4207783,0.522290111,Amphan,Phase 2,2,28.5574341,23,19,140,-0.258819045,0.965925826289068,28.0869637,27.7461128,27.5024014,0.52873534,0.53213954,0.533486724,4.7005305,4.571344,4.395014,999.6703,999.4233,999.7935,0.4391697,0.47589308,0.50121707,27.77849263333333,0.2936232464411856,27.60569765
2020-05-20 00:00:00,4.8522935,1000.19006,0.42602354,28.5574341,0.515238941,Amphan,Phase 2,2,28.4591522,0,20,141,0.0,1.0,28.4207783,28.0869637,27.7461128,0.522290111,0.52873534,0.53213954,4.769248,4.7005305,4.571344,999.7042,999.6703,999.4233,0.41886523,0.4391697,0.47589308,28.084618266666663,0.3373388652616844,27.7702958
2020-05-20 01:00:00,4.922666,1000.815,0.4120045,28.4591522,0.509520888,Amphan,Phase 2,2,26.9969044,1,20,141,0.2588190451025207,0.9659258262890684,28.5574341,28.4207783,28.0869637,0.515238941,0.522290111,0.52873534,4.8522935,4.769248,4.7005305,1000.19006,999.7042,999.6703,0.42602354,0.41886523,0.4391697,28.3550587,0.2420225169018655,27.956927316666665
2020-05-20 02:00:00,5.0280604,1001.5069,0.4003523,26.9969044,0.504204512,Amphan,Phase 2,2,24.642725,2,20,141,0.4999999999999999,0.8660254037844387,28.4591522,28.5574341,28.4207783,0.509520888,0.515238941,0.522290111,4.922666,4.8522935,4.769248,1000.815,1000.19006,999.7042,0.4120045,0.42602354,0.41886523,28.47912153333333,0.070482499,28.12880708333333
2020-05-20 03:00:00,5.07778,1002.0105,0.377289,24.642725,0.530507803,Amphan,Phase 2,2,24.1721611,3,20,141,0.7071067811865475,0.7071067811865476,26.9969044,28.4591522,28.5574341,0.504204512,0.509520888,0.515238941,5.0280604,4.922666,4.8522935,1001.5069,1000.815,1000.19006,0.4003523,0.4120045,0.42602354,28.004496900000003,0.8739833050518909,28.044557583333333
2020-05-20 04:00:00,4.978234,1002.1954,0.34886214,24.1721611,0.531330287,Amphan,Phase 2,2,24.52421,4,20,141,0.8660254037844386,0.5000000000000001,24.642725,26.9969044,28.4591522,0.530507803,0.504204512,0.509520888,5.07778,5.0280604,4.922666,1002.0105,1001.5069,1000.815,0.377289,0.4003523,0.4120045,26.699593866666664,1.9255062472369304,27.527326283333327
2020-05-20 05:00:00,4.8511086,1002.1264,0.34865904,24.52421,0.528640032,Amphan,Phase 2,2,19.5360012,5,20,141,0.9659258262890684,0.2588190451025207,24.1721611,24.642725,26.9969044,0.531330287,0.530507803,0.504204512,4.978234,5.07778,5.0280604,1002.1954,1002.0105,1001.5069,0.34886214,0.377289,0.4003523,25.27059683333333,1.5134268918728593,26.87485918333333
2020-05-20 06:00:00,4.766652,1001.80853,0.33112612,19.5360012,0.505915999,Amphan,Phase 2,2,19.5649052,6,20,141,1.0,6.123233995736766e-17,24.52421,24.1721611,24.642725,0.528640032,0.531330287,0.530507803,4.8511086,4.978234,5.07778,1002.1264,1002.1954,1002.0105,0.34865904,0.34886214,0.377289,24.44636536666667,0.2447497419816039,26.22543113333333
2020-05-20 07:00:00,4.7148685,1001.2673,0.30121166,19.5649052,0.497047961,Amphan,Phase 2,2,19.5287647,7,20,141,0.9659258262890684,-0.258819045,19.5360012,24.52421,24.1721611,0.505915999,0.528640032,0.531330287,4.766652,4.8511086,4.978234,1001.80853,1002.1264,1002.1954,0.33112612,0.34865904,0.34886214,22.744124100000004,2.783886494296449,24.72185898333333
2020-05-20 08:00:00,4.6891274,1000.5583,0.28793436,19.5287647,0.486943752,Amphan,Phase 2,2,22.6115723,8,20,141,0.8660254037844387,-0.5,19.5649052,19.5360012,24.52421,0.497047961,0.505915999,0.528640032,4.7148685,4.766652,4.8511086,1001.2673,1001.80853,1002.1264,0.30121166,0.33112612,0.34865904,21.20837213333333,2.871636193674157,23.23948448333333
2020-05-20 09:00:00,4.698006,999.90125,0.3002287,22.6115723,0.50579071,Amphan,Phase 2,2,22.4188328,9,20,141,0.7071067811865476,-0.707106781,19.5287647,19.5649052,19.5360012,0.486943752,0.497047961,0.505915999,4.6891274,4.7148685,4.766652,1000.5583,1001.2673,1001.80853,0.28793436,0.30121166,0.33112612,19.5432237,0.019122168,21.994794533333334
2020-05-20 10:00:00,4.448806,999.38837,0.27544677,22.4188328,0.497262716,Amphan,Phase 2,2,22.2831287,10,20,141,0.4999999999999999,-0.866025404,22.6115723,19.5287647,19.5649052,0.50579071,0.486943752,0.497047961,4.698006,4.6891274,4.7148685,999.90125,1000.5583,1001.2673,0.3002287,0.28793436,0.30121166,20.568414066666666,1.7695192027111069,21.65626908333333
2020-05-20 11:00:00,4.4377027,999.4225,0.24170965,22.2831287,0.483258456,Amphan,Phase 2,2,22.5079842,11,20,141,0.258819045,-0.965925826,22.4188328,22.6115723,19.5287647,0.497262716,0.50579071,0.486943752,4.448806,4.698006,4.6891274,999.38837,999.90125,1000.5583,0.27544677,0.3002287,0.28793436,21.51972326666667,1.726911734673371,21.3640477
2020-05-20 12:00:00,4.5062494,999.9189,0.21841222,22.5079842,0.476205647,Amphan,Phase 2,2,23.0475903,12,20,141,1.2246467991473532e-16,-1.0,22.2831287,22.4188328,22.6115723,0.483258456,0.497262716,0.50579071,4.4377027,4.448806,4.698006,999.4225,999.38837,999.90125,0.24170965,0.27544677,0.3002287,22.4378446,0.1650451029255283,20.99053415
2020-05-20 13:00:00,4.638166,1000.58405,0.2127694,23.0475903,0.465936244,Amphan,Phase 2,2,23.4715309,13,20,141,-0.258819045,-0.965925826,22.5079842,22.2831287,22.4188328,0.476205647,0.483258456,0.497262716,4.5062494,4.4377027,4.448806,999.9189,999.4225,999.38837,0.21841222,0.24170965,0.27544677,22.40331523333333,0.1132280668674077,21.48586465
2020-05-20 14:00:00,4.7609835,1001.4567,0.21627083,23.4715309,0.451542556,Amphan,Phase 2,2,23.9031773,14,20,141,-0.5,-0.866025404,23.0475903,22.5079842,22.2831287,0.465936244,0.476205647,0.483258456,4.638166,4.5062494,4.4377027,1000.58405,999.9189,999.4225,0.2127694,0.21841222,0.24170965,22.612901066666662,0.39288172,22.066312166666663
2020-05-20 15:00:00,4.8878818,1002.2963,0.22722241,23.9031773,0.442802042,Amphan,Phase 2,2,24.2124348,15,20,141,-0.707106781,-0.707106781,23.4715309,23.0475903,22.5079842,0.451542556,0.465936244,0.476205647,4.7609835,4.638166,4.5062494,1001.4567,1000.58405,999.9189,0.21627083,0.2127694,0.21841222,23.00903513333333,0.4829290180014058,22.723439866666663
2020-05-20 16:00:00,5.015558,1002.9724,0.23384525,24.2124348,0.434922338,Amphan,Phase 2,2,24.3738365,16,20,141,-0.866025404,-0.5,23.9031773,23.4715309,23.0475903,0.442802042,0.451542556,0.465936244,4.8878818,4.7609835,4.638166,1002.2963,1001.4567,1000.58405,0.22722241,0.21627083,0.2127694,23.474099500000005,0.4277992834517152,22.938707366666662
2020-05-20 17:00:00,5.133325,1003.28094,0.23040432,24.3738365,0.428692132,Amphan,Phase 2,2,24.4002628,17,20,141,-0.965925826,-0.258819045,24.2124348,23.9031773,23.4715309,0.434922338,0.442802042,0.451542556,5.015558,4.8878818,4.7609835,1002.9724,1002.2963,1001.4567,0.23384525,0.22722241,0.21627083,23.862381,0.3721329074795317,23.237641033333333
2020-05-20 18:00:00,5.2529955,1003.1671,0.23323612,24.4002628,0.426515013,Amphan,Phase 2,2,24.4011269,18,20,141,-1.0,-1.84e-16,24.3738365,24.2124348,23.9031773,0.428692132,0.434922338,0.442802042,5.133325,5.015558,4.8878818,1003.28094,1002.9724,1002.2963,0.23040432,0.23384525,0.22722241,24.163149533333332,0.2391689753481373,23.58609233333333
2020-05-20 19:00:00,5.364545,1002.89545,0.23488085,24.4011269,0.422102988,Amphan,Phase 2,2,24.4714355,19,20,141,-0.965925826,0.2588190451025203,24.4002628,24.3738365,24.2124348,0.426515013,0.428692132,0.434922338,5.2529955,5.133325,5.015558,1003.1671,1003.28094,1002.9724,0.23323612,0.23040432,0.23384525,24.3288447,0.1016761326297988,23.901472100000003
2020-05-20 20:00:00,5.437525,1002.37305,0.24339095,24.4714355,0.416235387,Amphan,Phase 2,2,24.5422764,20,20,141,-0.866025404,0.5000000000000001,24.4011269,24.4002628,24.3738365,0.422102988,0.426515013,0.428692132,5.364545,5.2529955,5.133325,1002.89545,1003.1671,1003.28094,0.23488085,0.23323612,0.23040432,24.391742066666662,0.0155126933692744,24.127061533333336
2020-05-20 21:00:00,5.482697,1002.05646,0.23936275,24.5422764,0.410313398,Amphan,Phase 2,2,24.458374,21,20,141,-0.707106781,0.7071067811865474,24.4714355,24.4011269,24.4002628,0.416235387,0.422102988,0.426515013,5.437525,5.364545,5.2529955,1002.37305,1002.89545,1003.1671,0.24339095,0.23488085,0.23323612,24.424275066666667,0.040844418,24.2937123
2020-05-20 22:00:00,5.359016,1002.0622,0.22388364,24.458374,0.402456403,Amphan,Phase 2,2,24.4664803,22,20,141,-0.5,0.8660254037844384,24.5422764,24.4714355,24.4011269,0.410313398,0.416235387,0.422102988,5.482697,5.437525,5.364545,1002.05646,1002.37305,1002.89545,0.23936275,0.24339095,0.23488085,24.471612933333333,0.070574917,24.400228816666665
2020-05-20 23:00:00,5.425527,1002.12854,0.21175155,24.4664803,0.39475888,Amphan,Phase 2,2,24.4652157,23,20,141,-0.258819045,0.965925826289068,24.458374,24.5422764,24.4714355,0.402456403,0.410313398,0.416235387,5.359016,5.482697,5.437525,1002.0622,1002.05646,1002.37305,0.22388364,0.23936275,0.24339095,24.4906953,0.045145411,24.44121868333333
2020-05-21 00:00:00,5.4516892,1002.85175,0.19552188,24.4652157,0.388992369,Amphan,Phase 2,2,24.5870705,0,21,142,0.0,1.0,24.4664803,24.458374,24.5422764,0.39475888,0.402456403,0.410313398,5.425527,5.359016,5.482697,1002.12854,1002.0622,1002.05646,0.21175155,0.22388364,0.23936275,24.489043566666663,0.0462788173311957,24.456659316666663
2020-05-21 01:00:00,5.470273,1003.6331,0.17223717,24.5870705,0.38218683,Amphan,Phase 2,2,24.6111412,1,21,142,0.2588190451025207,0.9659258262890684,24.4652157,24.4664803,24.458374,0.388992369,0.39475888,0.402456403,5.4516892,5.425527,5.359016,1002.85175,1002.12854,1002.0622,0.19552188,0.21175155,0.22388364,24.46335666666667,0.004361196,24.4674848
2020-05-21 02:00:00,5.5436215,1004.2877,0.15462396,24.6111412,0.376349866,Amphan,Phase 2,2,23.3003578,2,21,142,0.4999999999999999,0.8660254037844387,24.5870705,24.4652157,24.4664803,0.38218683,0.388992369,0.39475888,5.470273,5.4516892,5.425527,1003.6331,1002.85175,1002.12854,0.17223717,0.19552188,0.21175155,24.5062555,0.069990699,24.4984754
2020-05-21 03:00:00,5.583603,1004.8207,0.13675618,23.3003578,0.372873455,Amphan,Phase 2,2,22.8301544,3,21,142,0.7071067811865475,0.7071067811865476,24.6111412,24.5870705,24.4652157,0.376349866,0.38218683,0.388992369,5.5436215,5.470273,5.4516892,1004.2877,1003.6331,1002.85175,0.15462396,0.17223717,0.19552188,24.5544758,0.078232818,24.52175968333333
2020-05-21 04:00:00,5.552002,1004.9998,0.10963006,22.8301544,0.370530814,Amphan,Phase 2,2,22.5306015,4,21,142,0.8660254037844386,0.5000000000000001,23.3003578,24.6111412,24.5870705,0.372873455,0.376349866,0.38218683,5.583603,5.5436215,5.470273,1004.8207,1004.2877,1003.6331,0.13675618,0.15462396,0.17223717,24.16618983333333,0.7499291180567268,24.31477325
2020-05-21 05:00:00,5.4385695,1004.9059,0.08873994,22.5306015,0.367944568,Amphan,Phase 2,2,23.3466301,5,21,142,0.9659258262890684,0.2588190451025207,22.8301544,23.3003578,24.6111412,0.370530814,0.372873455,0.376349866,5.552002,5.583603,5.5436215,1004.9998,1004.8207,1004.2877,0.10963006,0.13675618,0.15462396,23.580551133333334,0.9229624713264284,24.043403316666662
2020-05-21 06:00:00,5.29229,1004.5607,0.073884666,23.3466301,0.38016963,Amphan,Phase 3,3,23.2526474,6,21,142,1.0,6.123233995736766e-17,22.5306015,22.8301544,23.3003578,0.367944568,0.370530814,0.372873455,5.4385695,5.552002,5.583603,1004.9059,1004.9998,1004.8207,0.08873994,0.10963006,0.13675618,22.8870379,0.3880180276439294,23.72075685
2020-05-21 07:00:00,5.1605163,1004.0087,0.12937829,23.2526474,0.379029989,Amphan,Phase 3,3,23.0332088,7,21,142,0.9659258262890684,-0.258819045,23.3466301,22.5306015,22.8301544,0.38016963,0.367944568,0.370530814,5.29229,5.4385695,5.552002,1004.5607,1004.9059,1004.9998,0.073884666,0.08873994,0.10963006,22.902462,0.4127916675126626,23.534325916666663
2020-05-21 08:00:00,5.047575,1003.2434,0.11005142,23.0332088,0.376611233,Amphan,Phase 3,3,23.9921894,8,21,142,0.8660254037844387,-0.5,23.2526474,23.3466301,22.5306015,0.379029989,0.38016963,0.367944568,5.1605163,5.29229,5.4385695,1004.0087,1004.5607,1004.9059,0.12937829,0.073884666,0.08873994,23.043293,0.4464836140376148,23.311922066666668
2020-05-21 09:00:00,4.9360533,1002.59906,0.09339779,23.9921894,0.404442012,Amphan,Phase 3,3,23.8691692,9,21,142,0.7071067811865476,-0.707106781,23.0332088,23.2526474,23.3466301,0.376611233,0.379029989,0.38016963,5.047575,5.1605163,5.29229,1003.2434,1004.0087,1004.5607,0.11005142,0.12937829,0.073884666,23.210828766666666,0.160840997,23.04893333333333
2020-05-21 10:00:00,4.618866,1002.0114,0.0822865,23.8691692,0.400835782,Amphan,Phase 3,3,23.8858318,10,21,142,0.4999999999999999,-0.866025404,23.9921894,23.0332088,23.2526474,0.404442012,0.376611233,0.379029989,4.9360533,5.047575,5.1605163,1002.59906,1003.2434,1004.0087,0.09339779,0.11005142,0.12937829,23.4260152,0.502447254,23.1642386
2020-05-21 11:00:00,4.4389453,1002.1668,0.06893255,23.8858318,0.395705223,Amphan,Phase 3,3,24.2279186,11,21,142,0.258819045,-0.965925826,23.8691692,23.9921894,23.0332088,0.400835782,0.404442012,0.376611233,4.618866,4.9360533,5.047575,1002.0114,1002.59906,1003.2434,0.0822865,0.09339779,0.11005142,23.631522466666667,0.5217929907465146,23.337407733333333
2020-05-21 12:00:00,4.2845345,1002.6262,0.05722727,24.2279186,0.390759289,Amphan,Phase 3,3,24.7717476,12,21,142,1.2246467991473532e-16,-1.0,23.8858318,23.8691692,23.9921894,0.395705223,0.400835782,0.404442012,4.4389453,4.618866,4.9360533,1002.1668,1002.0114,1002.59906,0.06893255,0.0822865,0.09339779,23.91573013333333,0.066737734,23.56327945
2020-05-21 13:00:00,4.2587276,1003.461,0.051316105,24.7717476,0.385420799,Amphan,Phase 3,3,25.1036797,13,21,142,-0.258819045,-0.965925826,24.2279186,23.8858318,23.8691692,0.390759289,0.395705223,0.400835782,4.2845345,4.4389453,4.618866,1002.6262,1002.1668,1002.0114,0.05722727,0.06893255,0.0822865,23.994306533333333,0.2024854533762967,23.710160866666666
2020-05-21 14:00:00,4.3003054,1004.29205,0.053680032,25.1036797,0.379450142,Amphan,Phase 3,3,25.3817635,14,21,142,-0.5,-0.866025404,24.7717476,24.2279186,23.8858318,0.385420799,0.390759289,0.395705223,4.2587276,4.2845345,4.4389453,1003.461,1002.6262,1002.1668,0.051316105,0.05722727,0.06893255,24.295166,0.446769919,23.96334423333333
2020-05-21 15:00:00,4.373485,1005.1689,0.056412704,25.3817635,0.375493258,Amphan,Phase 3,3,25.5464306,15,21,142,-0.707106781,-0.707106781,25.1036797,24.7717476,24.2279186,0.379450142,0.385420799,0.390759289,4.3003054,4.2587276,4.2845345,1004.29205,1003.461,1002.6262,0.053680032,0.051316105,0.05722727,24.7011153,0.442132409,24.308422716666666
2020-05-21 16:00:00,4.4252753,1005.6047,0.04932916,25.5464306,0.372826427,Amphan,Phase 3,3,25.5902843,16,21,142,-0.866025404,-0.5,25.3817635,25.1036797,24.7717476,0.375493258,0.379450142,0.385420799,4.373485,4.3003054,4.2587276,1005.1689,1004.29205,1003.461,0.056412704,0.053680032,0.051316105,25.08573026666667,0.3054038083932398,24.5400184
2020-05-21 17:00:00,4.4856896,1005.6914,0.048216306,25.5902843,0.37017712,Amphan,Phase 3,3,25.65382,17,21,142,-0.965925826,-0.258819045,25.5464306,25.3817635,25.1036797,0.372826427,0.375493258,0.379450142,4.4252753,4.373485,4.3003054,1005.6047,1005.1689,1004.29205,0.04932916,0.056412704,0.053680032,25.34395793333333,0.223783456752515,24.81956196666667
2020-05-21 18:00:00,4.5734076,1005.4179,0.053284403,25.65382,0.367560446,Amphan,Phase 3,3,25.7958775,18,21,142,-1.0,-1.84e-16,25.5902843,25.5464306,25.3817635,0.37017712,0.372826427,0.375493258,4.4856896,4.4252753,4.373485,1005.6914,1005.6047,1005.1689,0.048216306,0.04932916,0.056412704,25.50615946666667,0.1099388654811883,25.10363738333333
2020-05-21 19:00:00,4.650317,1004.9774,0.045228094,25.7958775,0.364392012,Amphan,Phase 3,3,26.0553532,19,21,142,-0.965925826,0.2588190451025203,25.65382,25.5902843,25.5464306,0.367560446,0.37017712,0.372826427,4.5734076,4.4856896,4.4252753,1005.4179,1005.6914,1005.6047,0.053284403,0.048216306,0.04932916,25.596844966666666,0.0539944679443564,25.341287616666666
2020-05-21 20:00:00,4.711676,1004.4846,0.04850079,26.0553532,0.360119611,Amphan,Phase 3,3,26.2404728,20,21,142,-0.866025404,0.5000000000000001,25.7958775,25.65382,25.5902843,0.364392012,0.367560446,0.37017712,4.650317,4.5734076,4.4856896,1004.9774,1005.4179,1005.6914,0.045228094,0.053284403,0.048216306,25.679993933333336,0.1052660774482322,25.51197593333333
2020-05-21 21:00:00,4.7054343,1003.9959,0.0511225,26.2404728,0.354623914,Amphan,Phase 3,3,26.1157951,21,21,142,-0.707106781,0.7071067811865474,26.0553532,25.7958775,25.65382,0.360119611,0.364392012,0.367560446,4.711676,4.650317,4.5734076,1004.4846,1004.9774,1005.4179,0.04850079,0.045228094,0.053284403,25.8350169,0.2036078268387763,25.670588183333333
2020-05-21 22:00:00,4.4958563,1004.0089,0.05523271,26.1157951,0.34817487,Amphan,Phase 3,3,25.8583908,22,21,142,-0.5,0.8660254037844384,26.2404728,26.0553532,25.7958775,0.354623914,0.360119611,0.364392012,4.7054343,4.711676,4.650317,1003.9959,1004.4846,1004.9774,0.0511225,0.04850079,0.045228094,26.030567833333333,0.2233315494870994,25.8137064
2020-05-21 23:00:00,4.4764004,1004.1961,0.055008095,25.8583908,0.341948122,Amphan,Phase 3,3,25.5711727,23,21,142,-0.258819045,0.965925826289068,26.1157951,26.2404728,26.0553532,0.34817487,0.354623914,0.360119611,4.4958563,4.7054343,4.711676,1004.0089,1003.9959,1004.4846,0.05523271,0.0511225,0.04850079,26.13720703333333,0.094398992,25.90860048333333
2020-05-22 00:00:00,4.4543457,1004.66876,0.051697753,25.5711727,0.336944908,Amphan,Phase 3,3,25.4349327,0,22,143,0.0,1.0,25.8583908,26.1157951,26.2404728,0.341948122,0.34817487,0.354623914,4.4764004,4.4958563,4.7054343,1004.1961,1004.0089,1003.9959,0.055008095,0.05523271,0.0511225,26.0715529,0.1948453049904376,25.9532849
2020-05-22 01:00:00,4.4159184,1005.36383,0.04988631,25.4349327,0.331847399,Amphan,Phase 3,3,24.2055473,1,22,143,0.2588190451025207,0.9659258262890684,25.5711727,25.8583908,26.1157951,0.336944908,0.341948122,0.34817487,4.4543457,4.4764004,4.4958563,1004.66876,1004.1961,1004.0089,0.051697753,0.055008095,0.05523271,25.848452866666666,0.2724471720073835,25.939510350000003
2020-05-22 02:00:00,4.4521995,1006.0888,0.050520897,24.2055473,0.327767968,Amphan,Phase 3,3,22.9361534,2,22,143,0.4999999999999999,0.8660254037844387,25.4349327,25.5711727,25.8583908,0.331847399,0.336944908,0.341948122,4.4159184,4.4543457,4.4764004,1005.36383,1004.66876,1004.1961,0.04988631,0.051697753,0.055008095,25.621498733333336,0.2161682743544314,25.879352883333336
2020-05-22 03:00:00,4.4988465,1006.64825,0.049783234,22.9361534,0.382253438,Amphan,Phase 3,3,22.6476116,3,22,143,0.7071067811865475,0.7071067811865476,24.2055473,25.4349327,25.5711727,0.327767968,0.331847399,0.336944908,4.4521995,4.4159184,4.4543457,1006.0888,1005.36383,1004.66876,0.050520897,0.04988631,0.051697753,25.0705509,0.7522059261996499,25.5710519
2020-05-22 04:00:00,4.4617515,1006.78577,0.048026826,22.6476116,0.379299104,Amphan,Phase 3,3,22.8306694,4,22,143,0.8660254037844386,0.5000000000000001,22.9361534,24.2055473,25.4349327,0.382253438,0.327767968,0.331847399,4.4988465,4.4521995,4.4159184,1006.64825,1006.0888,1005.36383,0.049783234,0.050520897,0.04988631,24.19221113333333,1.249443030927489,25.020332
2020-05-22 05:00:00,4.3899856,1006.7238,0.04386543,22.8306694,0.377904922,Amphan,Phase 3,3,20.3824024,5,22,143,0.9659258262890684,0.2588190451025207,22.6476116,22.9361534,24.2055473,0.379299104,0.382253438,0.327767968,4.4617515,4.4988465,4.4521995,1006.78577,1006.64825,1006.0888,0.048026826,0.049783234,0.050520897,23.263104100000003,0.828832602,24.442301416666663
2020-05-22 06:00:00,4.2726293,1006.2893,0.041050393,20.3824024,0.365558952,Amphan,Phase 3,3,20.2031956,6,22,143,1.0,6.123233995736766e-17,22.8306694,22.6476116,22.9361534,0.377904922,0.379299104,0.382253438,4.3899856,4.4617515,4.4988465,1006.7238,1006.78577,1006.64825,0.04386543,0.048026826,0.049783234,22.804811466666667,0.1459985175407743,23.937681183333336
2020-05-22 07:00:00,4.0944715,1005.72595,0.031070242,20.2031956,0.362955153,Amphan,Phase 3,3,20.0748615,7,22,143,0.9659258262890684,-0.258819045,20.3824024,22.8306694,22.6476116,0.365558952,0.377904922,0.379299104,4.2726293,4.3899856,4.4617515,1006.2893,1006.7238,1006.78577,0.041050393,0.04386543,0.048026826,21.95356113333333,1.3637383779642225,23.072886133333338
2020-05-22 08:00:00,3.9025126,1004.8885,0.036137804,20.0748615,0.360568613,Amphan,Phase 3,3,20.0568676,8,22,143,0.8660254037844387,-0.5,20.2031956,20.3824024,22.8306694,0.362955153,0.365558952,0.377904922,4.0944715,4.2726293,4.3899856,1005.72595,1006.2893,1006.7238,0.031070242,0.041050393,0.04386543,21.1387558,1.467977347131194,22.20092995
2020-05-22 09:00:00,3.7244327,1004.166,0.0380629,20.0568676,0.358342618,Amphan,Phase 3,3,19.9216919,9,22,143,0.7071067811865476,-0.707106781,20.0748615,20.2031956,20.3824024,0.360568613,0.362955153,0.365558952,3.9025126,4.0944715,4.2726293,1004.8885,1005.72595,1006.2893,0.036137804,0.031070242,0.041050393,20.220153166666663,0.1544701284834163,21.512482316666667
2020-05-22 10:00:00,3.4813354,1003.59875,0.03232974,19.9216919,0.356983691,Amphan,Phase 3,3,19.8749523,10,22,143,0.4999999999999999,-0.866025404,20.0568676,20.0748615,20.2031956,0.358342618,0.360568613,0.362955153,3.7244327,3.9025126,4.0944715,1004.166,1004.8885,1005.72595,0.0380629,0.036137804,0.031070242,20.111641566666663,0.079796935,21.03260135
2020-05-22 11:00:00,3.2845259,1003.5248,0.0289528,19.8749523,0.354430646,Amphan,Phase 3,3,20.1884079,11,22,143,0.258819045,-0.965925826,19.9216919,20.0568676,20.0748615,0.356983691,0.358342618,0.360568613,3.4813354,3.7244327,3.9025126,1003.59875,1004.166,1004.8885,0.03232974,0.0380629,0.036137804,20.017807,0.083722933,20.5782814
2020-05-22 12:00:00,3.176271,1003.9637,0.023386173,20.1884079,0.352780133,Amphan,Phase 3,3,20.6743755,12,22,143,1.2246467991473532e-16,-1.0,19.8749523,19.9216919,20.0568676,0.354430646,0.356983691,0.358342618,3.2845259,3.4813354,3.7244327,1003.5248,1003.59875,1004.166,0.0289528,0.03232974,0.0380629,19.9511706,0.094472427,20.085661883333334
2020-05-22 13:00:00,3.206903,1004.6859,0.020856608,20.6743755,0.351001054,Amphan,Phase 3,3,21.1731262,13,22,143,-0.258819045,-0.965925826,20.1884079,19.8749523,19.9216919,0.352780133,0.354430646,0.356983691,3.176271,3.2845259,3.4813354,1003.9637,1003.5248,1003.59875,0.023386173,0.0289528,0.03232974,19.99501736666667,0.1691037295250753,20.053329466666668
2020-05-22 14:00:00,3.3111382,1005.5298,0.017533267,21.1731262,0.348983109,Amphan,Phase 3,3,21.5372829,14,22,143,-0.5,-0.866025404,20.6743755,20.1884079,19.8749523,0.351001054,0.352780133,0.354430646,3.206903,3.176271,3.2845259,1004.6859,1003.9637,1003.5248,0.020856608,0.023386173,0.0289528,20.2459119,0.4028019310859856,20.13185945
2020-05-22 15:00:00,3.422051,1006.365,0.016027644,21.5372829,0.347881168,Amphan,Phase 3,3,21.7811909,15,22,143,-0.707106781,-0.707106781,21.1731262,20.6743755,20.1884079,0.348983109,0.351001054,0.352780133,3.3111382,3.206903,3.176271,1005.5298,1004.6859,1003.9637,0.017533267,0.020856608,0.023386173,20.67863653333333,0.4923729784346093,20.31490356666667
2020-05-22 16:00:00,3.5169632,1006.8652,0.017468015,21.7811909,0.347031444,Amphan,Phase 3,3,21.9477558,16,22,143,-0.866025404,-0.5,21.5372829,21.1731262,20.6743755,0.347881168,0.348983109,0.351001054,3.422051,3.3111382,3.206903,1006.365,1005.5298,1004.6859,0.016027644,0.017533267,0.020856608,21.128261533333333,0.4331996352492437,20.56163945
2020-05-22 17:00:00,3.6103399,1007.0172,0.01936712,21.9477558,0.346675634,Amphan,Phase 3,3,22.1135712,17,22,143,-0.965925826,-0.258819045,21.7811909,21.5372829,21.1731262,0.347031444,0.347881168,0.348983109,3.5169632,3.422051,3.3111382,1006.8652,1006.365,1005.5298,0.017468015,0.016027644,0.017533267,21.497200000000003,0.3060075963123988,20.87155595
2020-05-22 18:00:00,3.686462,1006.76587,0.0245607,22.1135712,0.347088844,Amphan,Phase 3,3,22.2935562,18,22,143,-1.0,-1.84e-16,21.9477558,21.7811909,21.5372829,0.346675634,0.347031444,0.347881168,3.6103399,3.5169632,3.422051,1007.0172,1006.8652,1006.365,0.01936712,0.017468015,0.016027644,21.755409866666668,0.2064473217759685,21.2170232
2020-05-22 19:00:00,3.7446828,1006.343,0.016273951,22.2935562,0.347512662,Amphan,Phase 3,3,22.604187,19,22,143,-0.965925826,0.2588190451025203,22.1135712,21.9477558,21.7811909,0.347088844,0.346675634,0.347031444,3.686462,3.6103399,3.5169632,1006.76587,1007.0172,1006.8652,0.0245607,0.01936712,0.017468015,21.947505966666665,0.1661902908403917,21.53788375
2020-05-22 20:00:00,3.7664118,1005.81226,0.017372647,22.604187,0.347460181,Amphan,Phase 3,3,22.7853394,20,22,143,-0.866025404,0.5000000000000001,22.2935562,22.1135712,21.9477558,0.347512662,0.347088844,0.346675634,3.7446828,3.686462,3.6103399,1006.343,1006.76587,1007.0172,0.016273951,0.0245607,0.01936712,22.1182944,0.1729485779756316,21.8077472
2020-05-22 21:00:00,3.7421708,1005.4707,0.020595422,22.7853394,0.346239865,Amphan,Phase 3,3,22.7793064,21,22,143,-0.707106781,0.7071067811865474,22.604187,22.2935562,22.1135712,0.347460181,0.347512662,0.347088844,3.7664118,3.7446828,3.686462,1005.81226,1006.343,1006.76587,0.017372647,0.016273951,0.0245607,22.3371048,0.2481901009789761,22.046257333333333
2020-05-22 22:00:00,3.418752,1005.42365,0.021557162,22.7793064,0.343776792,Amphan,Phase 3,3,22.7217445,22,22,143,-0.5,0.8660254037844384,22.7853394,22.604187,22.2935562,0.346239865,0.347460181,0.347512662,3.7421708,3.7664118,3.7446828,1005.4707,1005.81226,1006.343,0.020595422,0.017372647,0.016273951,22.56102753333333,0.2487161708109251,22.25426675
2020-05-22 23:00:00,3.35872,1005.37946,0.020750126,22.7217445,0.340945661,Amphan,Phase 3,3,22.7526989,23,22,143,-0.258819045,0.965925826289068,22.7793064,22.7853394,22.604187,0.343776792,0.346239865,0.347460181,3.418752,3.7421708,3.7664118,1005.42365,1005.4707,1005.81226,0.021557162,0.020595422,0.017372647,22.72294426666667,0.1028910373255644,22.42061933333333
2020-05-23 00:00:00,3.310864,1005.7406,0.020813763,22.7526989,0.338258922,Amphan,Phase 3,3,22.8774509,0,23,144,0.0,1.0,22.7217445,22.7793064,22.7853394,0.340945661,0.343776792,0.346239865,3.35872,3.418752,3.7421708,1005.37946,1005.42365,1005.4707,0.020750126,0.021557162,0.020595422,22.7621301,0.035104797,22.54961745
2020-05-23 01:00:00,3.3253527,1006.4773,0.021554025,22.8774509,0.333330601,Amphan,Phase 3,3,22.3062077,1,23,144,0.2588190451025207,0.9659258262890684,22.7526989,22.7217445,22.7793064,0.338258922,0.340945661,0.343776792,3.310864,3.35872,3.418752,1005.7406,1005.37946,1005.42365,0.020813763,0.020750126,0.021557162,22.751249933333337,0.028808292,22.656138733333336
2020-05-23 02:00:00,3.3854387,1007.0756,0.021979952,22.3062077,0.327847898,Amphan,Phase 3,3,20.5879765,2,23,144,0.4999999999999999,0.8660254037844387,22.8774509,22.7526989,22.7217445,0.333330601,0.338258922,0.340945661,3.3253527,3.310864,3.35872,1006.4773,1005.7406,1005.37946,0.021554025,0.020813763,0.020750126,22.783964766666667,0.082427462,22.753454516666665
2020-05-23 03:00:00,3.396246,1007.4596,0.019916197,20.5879765,0.324350595,Amphan,Phase 3,3,20.2117329,3,23,144,0.7071067811865475,0.7071067811865476,22.3062077,22.8774509,22.7526989,0.327847898,0.333330601,0.338258922,3.3854387,3.3253527,3.310864,1007.0756,1006.4773,1005.7406,0.021979952,0.021554025,0.020813763,22.6454525,0.3003432055521744,22.7037913
2020-05-23 04:00:00,3.3370302,1007.5653,0.019003127,20.2117329,0.322839737,Amphan,Phase 3,3,20.4638748,4,23,144,0.8660254037844386,0.5000000000000001,20.5879765,22.3062077,22.8774509,0.324350595,0.327847898,0.333330601,3.396246,3.3854387,3.3253527,1007.4596,1007.0756,1006.4773,0.019916197,0.021979952,0.021554025,21.923878366666667,1.1916606255177034,22.33756415
2020-05-23 05:00:00,3.2149365,1007.26056,0.017047824,20.4638748,0.3226071,Amphan,Phase 3,3,21.8589916,5,23,144,0.9659258262890684,0.2588190451025207,20.2117329,20.5879765,22.3062077,0.322839737,0.324350595,0.327847898,3.3370302,3.396246,3.3854387,1007.5653,1007.4596,1007.0756,0.019003127,0.019916197,0.021979952,21.0353057,1.116594703479424,21.909635233333333
2020-05-23 06:00:00,3.1058736,1006.81146,0.016532805,21.8589916,0.357864499,Amphan,Phase 3,3,22.0773296,6,23,144,1.0,6.123233995736766e-17,20.4638748,20.2117329,20.5879765,0.3226071,0.322839737,0.324350595,3.2149365,3.3370302,3.396246,1007.26056,1007.5653,1007.4596,0.017047824,0.019003127,0.019916197,20.421194733333333,0.1917185507542268,21.533323616666667
2020-05-23 07:00:00,3.0089524,1006.11017,0.018350344,22.0773296,0.358151287,Amphan,Phase 3,3,22.1046791,7,23,144,0.9659258262890684,-0.258819045,21.8589916,20.4638748,20.2117329,0.357864499,0.3226071,0.322839737,3.1058736,3.2149365,3.3370302,1006.81146,1007.26056,1007.5653,0.016532805,0.017047824,0.019003127,20.844866433333333,0.8872605449832538,21.3843724
2020-05-23 08:00:00,2.9349685,1005.4297,0.024580419,22.1046791,0.358920336,Amphan,Phase 3,3,22.7330589,8,23,144,0.8660254037844387,-0.5,22.0773296,21.8589916,20.4638748,0.358151287,0.357864499,0.3226071,3.0089524,3.1058736,3.2149365,1006.11017,1006.81146,1007.26056,0.018350344,0.016532805,0.017047824,21.466732,0.8753341037883421,21.25101885
2020-05-23 09:00:00,2.8597825,1004.659,0.028509216,22.7330589,0.383555681,Amphan,Phase 3,3,22.7636223,9,23,144,0.7071067811865476,-0.707106781,22.1046791,22.0773296,21.8589916,0.358920336,0.358151287,0.357864499,2.9349685,3.0089524,3.1058736,1005.4297,1006.11017,1006.81146,0.024580419,0.018350344,0.016532805,22.013666766666663,0.1346488179493098,21.21743075
2020-05-23 10:00:00,2.6801574,1004.09344,0.031762283,22.7636223,0.383299142,Amphan,Phase 3,3,22.9435081,10,23,144,0.4999999999999999,-0.866025404,22.7330589,22.1046791,22.0773296,0.383555681,0.358920336,0.358151287,2.8597825,2.9349685,3.0089524,1004.659,1005.4297,1006.11017,0.028509216,0.024580419,0.018350344,22.30502253333333,0.3709425119604511,21.574944483333336
2020-05-23 11:00:00,2.6695273,1003.97906,0.027217183,22.9435081,0.382341623,Amphan,Phase 3,3,23.4922047,11,23,144,0.258819045,-0.965925826,22.7636223,22.7330589,22.1046791,0.383299142,0.383555681,0.358920336,2.6801574,2.8597825,2.9349685,1004.09344,1004.659,1005.4297,0.031762283,0.028509216,0.024580419,22.533786766666665,0.3719322149922517,22.000259383333333
2020-05-23 12:00:00,2.6909463,1004.2952,0.023191852,23.4922047,0.382443547,Amphan,Phase 3,3,24.2740116,12,23,144,1.2246467991473532e-16,-1.0,22.9435081,22.7636223,22.7330589,0.382341623,0.383299142,0.383555681,2.6695273,2.6801574,2.8597825,1003.97906,1004.09344,1004.659,0.027217183,0.031762283,0.028509216,22.81339643333333,0.1137115416615482,22.4135316
2020-05-23 13:00:00,2.81582,1005.0326,0.017627917,24.2740116,0.380895823,Amphan,Phase 3,3,24.8579292,13,23,144,-0.258819045,-0.965925826,23.4922047,22.9435081,22.7636223,0.382443547,0.382341623,0.383299142,2.6909463,2.6695273,2.6801574,1004.2952,1003.97906,1004.09344,0.023191852,0.027217183,0.031762283,23.06644503333333,0.3795302301274165,22.685733783333333
2020-05-23 14:00:00,2.9738476,1005.8713,0.018409321,24.8579292,0.378140211,Amphan,Phase 3,3,25.1193047,14,23,144,-0.5,-0.866025404,24.2740116,23.4922047,22.9435081,0.380895823,0.382443547,0.382341623,2.81582,2.6909463,2.6695273,1005.0326,1004.2952,1003.97906,0.017627917,0.023191852,0.027217183,23.56990813333333,0.6686465871759113,23.05184745
2020-05-23 15:00:00,3.1132357,1006.67847,0.020519951,25.1193047,0.376048237,Amphan,Phase 3,3,24.9207916,15,23,144,-0.707106781,-0.707106781,24.8579292,24.2740116,23.4922047,0.378140211,0.380895823,0.382443547,2.9738476,2.81582,2.6909463,1005.8713,1005.0326,1004.2952,0.018409321,0.017627917,0.023191852,24.2080485,0.6852475468006985,23.510722466666664
2020-05-23 16:00:00,3.2377026,1007.2692,0.034354147,24.9207916,0.374119818,Amphan,Phase 3,3,24.5854244,16,23,144,-0.866025404,-0.5,25.1193047,24.8579292,24.2740116,0.376048237,0.378140211,0.380895823,3.1132357,2.9738476,2.81582,1006.67847,1005.8713,1005.0326,0.020519951,0.018409321,0.017627917,24.750415166666667,0.4327811880728165,23.9084301
2020-05-23 17:00:00,3.3480248,1007.51794,0.052919783,24.5854244,0.37171644,Amphan,Phase 3,3,24.3473682,17,23,144,-0.965925826,-0.258819045,24.9207916,25.1193047,24.8579292,0.374119818,0.376048237,0.378140211,3.2377026,3.1132357,2.9738476,1007.2692,1006.67847,1005.8713,0.034354147,0.020519951,0.018409321,24.9660085,0.1364284209187777,24.267958316666665
2020-05-23 18:00:00,3.4430606,1007.3783,0.061061684,24.3473682,0.369718373,Amphan,Phase 3,3,24.2365875,18,23,144,-1.0,-1.84e-16,24.5854244,24.9207916,25.1193047,0.37171644,0.374119818,0.376048237,3.3480248,3.2377026,3.1132357,1007.51794,1007.2692,1006.67847,0.052919783,0.034354147,0.020519951,24.87517356666667,0.269847730036852,24.541611033333336
2020-05-23 19:00:00,3.5241978,1006.9866,0.047371175,24.2365875,0.368177652,Amphan,Phase 3,3,24.3443356,19,23,144,-0.965925826,0.2588190451025203,24.3473682,24.5854244,24.9207916,0.369718373,0.37171644,0.374119818,3.4430606,3.3480248,3.2377026,1007.3783,1007.51794,1007.2692,0.061061684,0.052919783,0.034354147,24.6178614,0.2880845676945406,24.684138283333336
2020-05-23 20:00:00,3.5770457,1006.42755,0.0539388,24.3443356,0.367173821,Amphan,Phase 3,3,24.3917675,20,23,144,-0.866025404,0.5000000000000001,24.2365875,24.3473682,24.5854244,0.368177652,0.369718373,0.37171644,3.5241978,3.4430606,3.3480248,1006.9866,1007.3783,1007.51794,0.047371175,0.061061684,0.052919783,24.389793366666662,0.1782462251368183,24.677900933333333
2020-05-23 21:00:00,3.5385458,1006.1074,0.05506833,24.3917675,0.365943164,Amphan,Phase 3,3,24.1975193,21,23,144,-0.707106781,0.7071067811865474,24.3443356,24.2365875,24.3473682,0.367173821,0.368177652,0.369718373,3.5770457,3.5241978,3.4430606,1006.42755,1006.9866,1007.3783,0.0539388,0.047371175,0.061061684,24.309430433333333,0.063102051,24.592302
2020-05-23 22:00:00,3.113658,1006.1195,0.049011867,24.1975193,0.363328069,Amphan,Phase 3,3,23.974308,22,23,144,-0.5,0.8660254037844384,24.3917675,24.3443356,24.2365875,0.365943164,0.367173821,0.368177652,3.5385458,3.5770457,3.5241978,1006.1074,1006.42755,1006.9866,0.05506833,0.0539388,0.047371175,24.3242302,0.079519673,24.4710458
2020-06-01 06:30:00,0.6019316,1009.92847,0.9492423,10.0254402,0.19118084,Nisarga,Phase 1,1,10.0256577,6,1,153,1.0,6.123233995736766e-17,9.29793262,9.19360256,9.47809505,0.187039837,0.189162627,0.192048639,0.75228375,0.853142,0.879242,1010.2729,1010.125,1009.9724,0.8878274,0.83010274,0.7777846,9.323210076666667,0.1439208344134069,9.723254845
2020-06-01 07:30:00,0.3745844,1009.29126,1.35646,10.0256577,0.189541772,Nisarga,Phase 1,1,9.66463852,7,1,153,0.9659258262890684,-0.258819045,10.0254402,9.29793262,9.19360256,0.19118084,0.187039837,0.189162627,0.6019316,0.75228375,0.853142,1009.92847,1010.2729,1010.125,0.9492423,0.8878274,0.83010274,9.50565846,0.4531566873422171,9.660707795
2020-06-01 08:30:00,0.14652771,1008.53314,1.4557704,9.66463852,0.186899856,Nisarga,Phase 1,1,14.0584936,8,1,153,0.8660254037844387,-0.5,10.0256577,10.0254402,9.29793262,0.189541772,0.19118084,0.187039837,0.3745844,0.6019316,0.75228375,1009.29126,1009.92847,1010.2729,1.35646,0.9492423,0.8878274,9.783010173333333,0.4200894980685109,9.633939428333331
2020-06-01 09:30:00,0.20956498,1007.78,1.5536728,14.0584936,0.222195953,Nisarga,Phase 1,1,13.5763121,9,1,153,0.7071067811865476,-0.707106781,9.66463852,10.0256577,10.0254402,0.186899856,0.189541772,0.19118084,0.14652771,0.3745844,0.6019316,1008.53314,1009.29126,1009.92847,1.4557704,1.35646,0.9492423,9.905245473333332,0.208371762292363,9.614227775
2020-06-01 10:30:00,0.45204896,1006.9531,1.5123703,13.5763121,0.218166888,Nisarga,Phase 1,1,13.104579,10,1,153,0.4999999999999999,-0.866025404,14.0584936,9.66463852,10.0256577,0.222195953,0.186899856,0.189541772,0.20956498,0.14652771,0.3745844,1007.78,1008.53314,1009.29126,1.5536728,1.4557704,1.35646,11.249596606666666,2.4392643258674847,10.377627533333332
2020-06-01 11:30:00,0.7401504,1006.5835,1.4398754,13.104579,0.215084702,Nisarga,Phase 1,1,12.8552799,11,1,153,0.258819045,-0.965925826,13.5763121,14.0584936,9.66463852,0.218166888,0.222195953,0.186899856,0.45204896,0.20956498,0.14652771,1006.9531,1007.78,1008.53314,1.5123703,1.5536728,1.4557704,12.433148073333331,2.4096905631032848,11.108079123333331
2020-06-01 12:30:00,1.0440317,1006.5227,1.3689086,12.8552799,0.21522288,Nisarga,Phase 1,1,12.9824991,12,1,153,1.2246467991473532e-16,-1.0,13.104579,13.5763121,14.0584936,0.215084702,0.218166888,0.222195953,0.7401504,0.45204896,0.20956498,1006.5835,1006.9531,1007.78,1.4398754,1.5123703,1.5536728,13.5797949,0.476966837,11.742520186666669
2020-06-01 13:30:00,1.2813648,1006.8005,1.2267452,12.9824991,0.216532022,Nisarga,Phase 1,1,13.2517309,13,1,153,-0.258819045,-0.965925826,12.8552799,13.104579,13.5763121,0.21522288,0.215084702,0.218166888,1.0440317,0.7401504,0.45204896,1006.5227,1006.5835,1006.9531,1.3689086,1.4398754,1.5123703,13.178723666666665,0.3661897487035406,12.214160136666663
2020-06-01 14:30:00,1.3421519,1007.16174,1.0911641,13.2517309,0.21697177,Nisarga,Phase 1,1,13.3975363,14,1,153,-0.5,-0.866025404,12.9824991,12.8552799,13.104579,0.216532022,0.21522288,0.215084702,1.2813648,1.0440317,0.7401504,1006.8005,1006.5227,1006.5835,1.2267452,1.3689086,1.4398754,12.980786,0.1246583785749165,12.706967036666668
2020-06-01 15:30:00,1.3764541,1007.65076,0.9446678,13.3975363,0.21798861,Nisarga,Phase 1,1,13.3130674,15,1,153,-0.707106781,-0.707106781,13.2517309,12.9824991,12.8552799,0.21697177,0.216532022,0.21522288,1.3421519,1.2813648,1.0440317,1007.16174,1006.8005,1006.5227,1.0911641,1.2267452,1.3689086,13.029836633333332,0.2024203062857845,13.30481576666667
2020-06-01 16:30:00,1.3978314,1008.1091,0.8419882,13.3130674,0.218143418,Nisarga,Phase 1,1,13.1636677,16,1,153,-0.866025404,-0.5,13.3975363,13.2517309,12.9824991,0.21798861,0.21697177,0.216532022,1.3764541,1.3421519,1.2813648,1007.65076,1007.16174,1006.8005,0.9446678,1.0911641,1.2267452,13.210588766666667,0.2105551606999728,13.194656216666669
2020-06-01 17:30:00,1.4344085,1008.46466,0.7721697,13.1636677,0.216563582,Nisarga,Phase 1,1,12.8587122,17,1,153,-0.965925826,-0.258819045,13.3130674,13.3975363,13.2517309,0.218143418,0.21798861,0.21697177,1.3978314,1.3764541,1.3421519,1008.1091,1007.65076,1007.16174,0.8419882,0.9446678,1.0911641,13.3207782,0.073207896,13.1507821
2020-06-01 18:30:00,1.4574543,1008.4294,0.725241,12.8587122,0.215413526,Nisarga,Phase 1,1,12.5276175,18,1,153,-1.0,-1.84e-16,13.1636677,13.3130674,13.3975363,0.216563582,0.218143418,0.21798861,1.4344085,1.3978314,1.3764541,1008.46466,1008.1091,1007.65076,0.7721697,0.8419882,0.9446678,13.2914238,0.1184270432892275,13.160630216666668
2020-06-01 19:30:00,1.4506115,1007.8259,0.92700416,12.5276175,0.212324232,Nisarga,Phase 1,1,12.2234344,19,1,153,-0.965925826,0.2588190451025203,12.8587122,13.1636677,13.3130674,0.215413526,0.216563582,0.218143418,1.4574543,1.4344085,1.3978314,1008.4294,1008.46466,1008.1091,0.725241,0.7721697,0.8419882,13.111815766666666,0.2315731616241007,13.161202266666669
2020-06-01 20:30:00,1.4702114,1007.21796,0.9259493,12.2234344,0.208165765,Nisarga,Phase 1,1,11.934104,20,1,153,-0.866025404,0.5000000000000001,12.5276175,12.8587122,13.1636677,0.212324232,0.215413526,0.216563582,1.4506115,1.4574543,1.4344085,1007.8259,1008.4294,1008.46466,0.92700416,0.725241,0.7721697,12.849999133333332,0.3181146057289438,13.085388666666669
2020-06-01 21:30:00,1.4248407,1006.515,0.9481729,11.934104,0.204028934,Nisarga,Phase 1,1,11.7409363,21,1,153,-0.707106781,0.7071067811865474,12.2234344,12.5276175,12.8587122,0.208165765,0.212324232,0.215413526,1.4702114,1.4506115,1.4574543,1007.21796,1007.8259,1008.4294,0.9259493,0.92700416,0.725241,12.536588033333333,0.3177338880957469,12.914005916666667
2020-06-01 22:30:00,1.2175053,1006.35333,1.0341618,11.7409363,0.199443936,Nisarga,Phase 1,1,11.7584896,22,1,153,-0.5,0.8660254037844384,11.934104,12.2234344,12.5276175,0.204028934,0.208165765,0.212324232,1.4248407,1.4702114,1.4506115,1006.515,1007.21796,1007.8259,0.9481729,0.9259493,0.92700416,12.2283853,0.2967877225032858,12.670100533333333
2020-06-01 23:30:00,1.1483927,1006.06464,1.1364063,11.7584896,0.195325151,Nisarga,Phase 1,1,11.8670597,23,1,153,-0.258819045,0.965925826289068,11.7409363,11.934104,12.2234344,0.199443936,0.204028934,0.208165765,1.2175053,1.4248407,1.4702114,1006.35333,1006.515,1007.21796,1.0341618,0.9481729,0.9259493,11.966158233333331,0.2428409140401607,12.408078683333336
2020-06-02 00:30:00,1.1490413,1006.1361,1.2242129,11.8670597,0.193948716,Nisarga,Phase 2,2,12.0394363,0,2,154,0.0,1.0,11.7584896,11.7409363,11.934104,0.195325151,0.199443936,0.204028934,1.1483927,1.2175053,1.4248407,1006.06464,1006.35333,1006.515,1.1364063,1.0341618,0.9481729,11.811176633333332,0.1068193928645004,12.173882333333331
2020-06-02 01:30:00,1.1206565,1006.5313,1.2998078,12.0394363,0.193414673,Nisarga,Phase 2,2,12.0312281,1,2,154,0.2588190451025207,0.9659258262890684,11.8670597,11.7584896,11.7409363,0.193948716,0.195325151,0.199443936,1.1490413,1.1483927,1.2175053,1006.1361,1006.06464,1006.35333,1.2242129,1.1364063,1.0341618,11.788828533333335,0.068316295,12.008606916666666
2020-06-02 02:30:00,1.103953,1006.9896,1.3490902,12.0312281,0.194016129,Nisarga,Phase 2,2,12.101696,2,2,154,0.4999999999999999,0.8660254037844387,12.0394363,11.8670597,11.7584896,0.193414673,0.193948716,0.195325151,1.1206565,1.1490413,1.1483927,1006.5313,1006.1361,1006.06464,1.2998078,1.2242129,1.1364063,11.888328533333334,0.1416758077928634,11.927243383333334
2020-06-02 03:30:00,1.1347302,1007.40356,1.3727268,12.101696,0.196860611,Nisarga,Phase 2,2,12.1073351,3,2,154,0.7071067811865475,0.7071067811865476,12.0312281,12.0394363,11.8670597,0.194016129,0.193414673,0.193948716,1.103953,1.1206565,1.1490413,1006.9896,1006.5313,1006.1361,1.3490902,1.2998078,1.2242129,11.979241366666669,0.097238821,11.895209
2020-06-02 04:30:00,1.1863102,1007.51166,1.3906093,12.1073351,0.199533865,Nisarga,Phase 2,2,12.3404341,4,2,154,0.8660254037844386,0.5000000000000001,12.101696,12.0312281,12.0394363,0.196860611,0.194016129,0.193414673,1.1347302,1.103953,1.1206565,1007.40356,1006.9896,1006.5313,1.3727268,1.3490902,1.2998078,12.057453466666669,0.0385343347372157,11.923141
2020-06-02 05:30:00,1.2678424,1007.502,1.3945516,12.3404341,0.199690998,Nisarga,Phase 2,2,12.7323265,5,2,154,0.9659258262890684,0.2588190451025207,12.1073351,12.101696,12.0312281,0.199533865,0.196860611,0.194016129,1.1863102,1.1347302,1.103953,1007.51166,1007.40356,1006.9896,1.3906093,1.3727268,1.3490902,12.0800864,0.042406367,11.984207466666668
2020-06-02 06:30:00,1.3499603,1007.31146,1.3779469,12.7323265,0.20564802,Nisarga,Phase 2,2,12.7524233,6,2,154,1.0,6.123233995736766e-17,12.3404341,12.1073351,12.101696,0.199690998,0.199533865,0.196860611,1.2678424,1.1863102,1.1347302,1007.502,1007.51166,1007.40356,1.3945516,1.3906093,1.3727268,12.183155066666666,0.1362368181033277,12.081198216666666
2020-06-02 07:30:00,1.4483062,1006.86755,1.4695618,12.7524233,0.207428008,Nisarga,Phase 2,2,12.4438591,7,2,154,0.9659258262890684,-0.258819045,12.7323265,12.3404341,12.1073351,0.20564802,0.199690998,0.199533865,1.3499603,1.2678424,1.1863102,1007.31146,1007.502,1007.51166,1.3779469,1.3945516,1.3906093,12.393365233333332,0.3158398980107932,12.22540935
2020-06-02 08:30:00,1.6377717,1005.9748,1.5347399,12.4438591,0.208766326,Nisarga,Phase 2,2,12.4543056,8,2,154,0.8660254037844387,-0.5,12.7524233,12.7323265,12.3404341,0.207428008,0.20564802,0.199690998,1.4483062,1.3499603,1.2678424,1006.86755,1007.31146,1007.502,1.4695618,1.3779469,1.3945516,12.608394633333331,0.2322780788425542,12.344240516666666
2020-06-02 09:30:00,1.7853619,1005.49445,1.5714661,12.4543056,0.214015558,Nisarga,Phase 2,2,11.9621277,9,2,154,0.7071067811865476,-0.707106781,12.4438591,12.7524233,12.7323265,0.208766326,0.207428008,0.20564802,1.6377717,1.4483062,1.3499603,1005.9748,1006.86755,1007.31146,1.5347399,1.4695618,1.3779469,12.642869633333332,0.1726408544516261,12.41301235
2020-06-02 10:30:00,1.0281183,1004.76874,1.6492172,11.9621277,0.215789169,Nisarga,Phase 2,2,11.2685022,10,2,154,0.4999999999999999,-0.866025404,12.4543056,12.4438591,12.7524233,0.214015558,0.208766326,0.207428008,1.7853619,1.6377717,1.4483062,1005.49445,1005.9748,1006.86755,1.5714661,1.5347399,1.4695618,12.550196,0.175211852,12.471780616666663
2020-06-02 11:30:00,1.244156,1004.0111,1.6129838,11.2685022,0.219081268,Nisarga,Phase 2,2,10.5668135,11,2,154,0.258819045,-0.965925826,11.9621277,12.4543056,12.4438591,0.215789169,0.214015558,0.208766326,1.0281183,1.7853619,1.6377717,1004.76874,1005.49445,1005.9748,1.6492172,1.5714661,1.5347399,12.286764133333334,0.2811919144038774,12.447579383333332
2020-06-02 12:30:00,1.5224892,1004.33655,1.503003,10.5668135,0.222131491,Nisarga,Phase 2,2,10.2969027,12,2,154,1.2246467991473532e-16,-1.0,11.2685022,11.9621277,12.4543056,0.219081268,0.215789169,0.214015558,1.244156,1.0281183,1.7853619,1004.0111,1004.76874,1005.49445,1.6129838,1.6492172,1.5714661,11.8949785,0.5957467475013059,12.268924066666663
2020-06-02 13:30:00,1.7252282,1004.5966,1.3833323,10.2969027,0.216396898,Nisarga,Phase 2,2,10.1875858,13,2,154,-0.258819045,-0.965925826,10.5668135,11.2685022,11.9621277,0.222131491,0.219081268,0.215789169,1.5224892,1.244156,1.0281183,1004.33655,1004.0111,1004.76874,1.503003,1.6129838,1.6492172,11.265814466666669,0.6976609829374726,11.908005233333334
2020-06-02 14:30:00,1.8813572,1004.9741,1.302244,10.1875858,0.212845832,Nisarga,Phase 2,2,9.86738396,14,2,154,-0.5,-0.866025404,10.2969027,10.5668135,11.2685022,0.216396898,0.222131491,0.219081268,1.7252282,1.5224892,1.244156,1004.5966,1004.33655,1004.0111,1.3833323,1.503003,1.6129838,10.710739466666666,0.5015350536211636,11.4987518
2020-06-02 15:30:00,1.9919449,1005.6322,1.2240236,9.86738396,0.214503035,Nisarga,Phase 2,2,9.48625755,15,2,154,-0.707106781,-0.707106781,10.1875858,10.2969027,10.5668135,0.212845832,0.216396898,0.222131491,1.8813572,1.7252282,1.5224892,1004.9741,1004.5966,1004.33655,1.302244,1.3833323,1.503003,10.350434,0.1951989041250273,11.12270625
2020-06-02 16:30:00,2.0918536,1006.07086,1.137927,9.48625755,0.218064681,Nisarga,Phase 2,2,9.22925091,16,2,154,-0.866025404,-0.5,9.86738396,10.1875858,10.2969027,0.214503035,0.212845832,0.216396898,1.9919449,1.8813572,1.7252282,1005.6322,1004.9741,1004.5966,1.2240236,1.302244,1.3833323,10.11729082,0.2232210231199557,10.691552643333331
2020-06-02 17:30:00,2.1407478,1006.2511,1.003261,9.22925091,0.222262084,Nisarga,Phase 2,2,9.03609848,17,2,154,-0.965925826,-0.258819045,9.48625755,9.86738396,10.1875858,0.218064681,0.214503035,0.212845832,2.0918536,1.9919449,1.8813572,1006.07086,1005.6322,1004.9741,1.137927,1.2240236,1.302244,9.84707577,0.3511048924436199,10.278907618333331
2020-06-02 18:30:00,2.2282138,1006.22986,0.92301244,9.03609848,0.226056755,Nisarga,Phase 2,2,8.91595745,18,2,154,-1.0,-1.84e-16,9.22925091,9.48625755,9.86738396,0.222262084,0.218064681,0.214503035,2.1407478,2.0918536,1.9919449,1006.2511,1006.07086,1005.6322,1.003261,1.137927,1.2240236,9.527630806666666,0.3210720435525381,9.939032403333334
2020-06-02 19:30:00,2.3521752,1005.68445,1.2488765,8.91595745,0.229046687,Nisarga,Phase 2,2,9.12483501,19,2,154,-0.965925826,0.2588190451025203,9.03609848,9.22925091,9.48625755,0.226056755,0.222262084,0.218064681,2.2282138,2.1407478,2.0918536,1006.22986,1006.2511,1006.07086,0.92301244,1.003261,1.137927,9.250535646666668,0.2258330735013495,9.683913233333334
2020-06-02 20:30:00,2.456706,1004.8736,1.273882,9.12483501,0.230304316,Nisarga,Phase 2,2,9.40312386,20,2,154,-0.866025404,0.5000000000000001,8.91595745,9.03609848,9.22925091,0.229046687,0.226056755,0.222262084,2.3521752,2.2282138,2.1407478,1005.68445,1006.22986,1006.2511,1.2488765,0.92301244,1.003261,9.060435613333333,0.1580582805925667,9.453755691666666
2020-06-02 21:30:00,2.5779707,1004.22925,1.2967107,9.40312386,0.231930941,Nisarga,Phase 2,2,9.66449261,21,2,154,-0.707106781,0.7071067811865474,9.12483501,8.91595745,9.03609848,0.230304316,0.229046687,0.226056755,2.456706,2.3521752,2.2282138,1004.8736,1005.68445,1006.22986,1.273882,1.2488765,0.92301244,9.025630313333334,0.104831510782453,9.27663056
2020-06-02 22:30:00,2.2283576,1003.4607,1.2723392,9.66449261,0.229865357,Nisarga,Phase 2,2,10.2090778,22,2,154,-0.5,0.8660254037844384,9.40312386,9.12483501,8.91595745,0.231930941,0.230304316,0.229046687,2.5779707,2.456706,2.3521752,1004.22925,1004.8736,1005.68445,1.2967107,1.273882,1.2488765,9.147972106666666,0.2444059567394292,9.199253876666669
2020-06-02 23:30:00,2.2857783,1003.4347,1.265181,10.2090778,0.230034053,Nisarga,Phase 2,2,10.6312456,23,2,154,-0.258819045,0.965925826289068,9.66449261,9.40312386,9.12483501,0.229865357,0.231930941,0.230304316,2.2283576,2.5779707,2.456706,1003.4607,1004.22925,1004.8736,1.2723392,1.2967107,1.273882,9.397483826666663,0.2698730049328056,9.22895972
2020-06-03 00:30:00,2.332155,1003.62103,1.2554026,10.6312456,0.231847912,Nisarga,Phase 2,2,11.0937614,0,3,155,0.0,1.0,10.2090778,9.66449261,9.40312386,0.230034053,0.229865357,0.231930941,2.2857783,2.2283576,2.5779707,1003.4347,1003.4607,1004.22925,1.265181,1.2723392,1.2967107,9.75889809,0.4111869822123801,9.392264201666666
2020-06-03 01:30:00,2.3577693,1004.24756,1.2359327,11.0937614,0.237717107,Nisarga,Phase 2,2,11.4823151,1,3,155,0.2588190451025207,0.9659258262890684,10.6312456,10.2090778,9.66449261,0.231847912,0.230034053,0.229865357,2.332155,2.2857783,2.2283576,1003.62103,1003.4347,1003.4607,1.2554026,1.265181,1.2723392,10.168272003333334,0.484666556200967,9.658122055
2020-06-03 02:30:00,2.376027,1004.89374,1.2254702,11.4823151,0.243690372,Nisarga,Phase 2,2,11.7885056,2,3,155,0.4999999999999999,0.8660254037844387,11.0937614,10.6312456,10.2090778,0.237717107,0.231847912,0.230034053,2.3577693,2.332155,2.2857783,1004.24756,1003.62103,1003.4347,1.2359327,1.2554026,1.265181,10.644694933333334,0.4424951202585081,10.02108938
2020-06-03 03:30:00,2.4263322,1005.35236,1.2052406,11.7885056,0.249299049,Nisarga,Phase 2,2,11.9204578,3,3,155,0.7071067811865475,0.7071067811865476,11.4823151,11.0937614,10.6312456,0.243690372,0.237717107,0.231847912,2.376027,2.3577693,2.332155,1004.89374,1004.24756,1003.62103,1.2254702,1.2359327,1.2554026,11.069107366666666,0.4260700523121522,10.414002728333331
2020-06-03 04:30:00,2.658674,1005.7622,1.1772798,11.9204578,0.254873812,Nisarga,Phase 2,2,12.3689699,4,3,155,0.8660254037844386,0.5000000000000001,11.7885056,11.4823151,11.0937614,0.249299049,0.243690372,0.237717107,2.4263322,2.376027,2.3577693,1005.35236,1004.89374,1004.24756,1.2052406,1.2254702,1.2359327,11.4548607,0.3481848415970256,10.811566351666665
2020-06-03 05:30:00,2.9045825,1005.9085,1.1613692,12.3689699,0.260257155,Nisarga,Phase 2,2,12.4995594,5,3,155,0.9659258262890684,0.2588190451025207,11.9204578,11.7885056,11.4823151,0.254873812,0.249299049,0.243690372,2.658674,2.4263322,2.376027,1005.7622,1005.35236,1004.89374,1.1772798,1.2052406,1.2254702,11.730426166666666,0.2247713767877893,11.18756055
2020-06-03 06:30:00,3.1352184,1005.85956,1.1166589,12.4995594,0.271855265,Nisarga,Phase 2,2,12.6972637,6,3,155,1.0,6.123233995736766e-17,12.3689699,11.9204578,11.7885056,0.260257155,0.254873812,0.249299049,2.9045825,2.658674,2.4263322,1005.9085,1005.7622,1005.35236,1.1613692,1.1772798,1.2052406,12.025977766666664,0.3042787347443745,11.547542566666666
2020-06-03 07:30:00,3.384008,1005.2466,1.0672038,12.6972637,0.277162135,Nisarga,Phase 2,2,12.5770683,7,3,155,0.9659258262890684,-0.258819045,12.4995594,12.3689699,11.9204578,0.271855265,0.260257155,0.254873812,3.1352184,2.9045825,2.658674,1005.85956,1005.9085,1005.7622,1.1166589,1.1613692,1.1772798,12.2629957,0.3037475334548152,11.8589282
2020-06-03 08:30:00,3.624275,1004.67444,1.0657741,12.5770683,0.279046476,Nisarga,Phase 2,2,14.9929638,8,3,155,0.8660254037844387,-0.5,12.6972637,12.4995594,12.3689699,0.277162135,0.271855265,0.260257155,3.384008,3.1352184,2.9045825,1005.2466,1005.85956,1005.9085,1.0672038,1.1166589,1.1613692,12.521931,0.1652863307855269,12.126178583333331
2020-06-03 09:30:00,3.8444982,1004.06604,1.0099927,14.9929638,0.305691898,Nisarga,Phase 2,2,15.1984921,9,3,155,0.7071067811865476,-0.707106781,12.5770683,12.6972637,12.4995594,0.279046476,0.277162135,0.271855265,3.624275,3.384008,3.1352184,1004.67444,1005.2466,1005.85956,1.0657741,1.0672038,1.1166589,12.591297133333336,0.099617229,12.30863745
2020-06-03 10:30:00,3.717691,1003.08,1.0021068,15.1984921,0.302995086,Nisarga,Phase 2,2,15.0421228,10,3,155,0.4999999999999999,-0.866025404,14.9929638,12.5770683,12.6972637,0.305691898,0.279046476,0.277162135,3.8444982,3.624275,3.384008,1004.06604,1004.67444,1005.2466,1.0099927,1.0657741,1.0672038,13.422431933333334,1.3614475721477155,12.842713816666668
2020-06-03 11:30:00,3.841915,1003.0023,0.9531676,15.0421228,0.295645416,Nisarga,Phase 2,2,15.0491819,11,3,155,0.258819045,-0.965925826,15.1984921,14.9929638,12.5770683,0.302995086,0.305691898,0.279046476,3.717691,3.8444982,3.624275,1003.08,1004.06604,1004.67444,1.0021068,1.0099927,1.0657741,14.256174733333332,1.4577754564305383,13.389052866666669
2020-06-03 12:30:00,4.0177255,1003.2274,0.8416421,15.0491819,0.289749831,Nisarga,Phase 2,2,15.3276691,12,3,155,1.2246467991473532e-16,-1.0,15.0421228,15.1984921,14.9929638,0.295645416,0.302995086,0.305691898,3.841915,3.717691,3.8444982,1003.0023,1003.08,1004.06604,0.9531676,1.0021068,1.0099927,15.077859566666666,0.107323379997377,13.83457835
2020-06-03 13:30:00,4.1413403,1003.682,0.7572825,15.3276691,0.280026525,Nisarga,Phase 2,2,15.7042017,13,3,155,-0.258819045,-0.965925826,15.0491819,15.0421228,15.1984921,0.289749831,0.295645416,0.302995086,4.0177255,3.841915,3.717691,1003.2274,1003.0023,1003.08,0.8416421,0.9531676,1.0021068,15.096598933333333,0.088312631,14.259515433333334
2020-06-03 14:30:00,4.282403,1004.3734,0.6359182,15.7042017,0.273461163,Nisarga,Phase 2,2,15.8409805,14,3,155,-0.5,-0.866025404,15.3276691,15.0491819,15.0421228,0.280026525,0.289749831,0.295645416,4.1413403,4.0177255,3.841915,1003.682,1003.2274,1003.0023,0.7572825,0.8416421,0.9531676,15.139657933333334,0.1628606975814645,14.697916333333334
2020-06-03 15:30:00,4.395894,1005.0221,0.5282601,15.8409805,0.273604304,Nisarga,Phase 2,2,15.7718096,15,3,155,-0.707106781,-0.707106781,15.7042017,15.3276691,15.0491819,0.273461163,0.280026525,0.289749831,4.282403,4.1413403,4.0177255,1004.3734,1003.682,1003.2274,0.6359182,0.7572825,0.8416421,15.3603509,0.3287306034375834,15.219105233333332
2020-06-03 16:30:00,4.5429287,1005.6446,0.4810014,15.7718096,0.273024917,Nisarga,Phase 2,2,15.8916407,16,3,155,-0.866025404,-0.5,15.8409805,15.7042017,15.3276691,0.273604304,0.273461163,0.280026525,4.395894,4.282403,4.1413403,1005.0221,1004.3734,1003.682,0.5282601,0.6359182,0.7572825,15.624283766666666,0.2658238239768803,15.36044135
2020-06-03 17:30:00,4.69912,1006.13336,0.4346275,15.8916407,0.272264153,Nisarga,Phase 2,2,15.8101816,17,3,155,-0.965925826,-0.258819045,15.7718096,15.8409805,15.7042017,0.273024917,0.273604304,0.273461163,4.5429287,4.395894,4.282403,1005.6446,1005.0221,1004.3734,0.4810014,0.5282601,0.6359182,15.772330599999998,0.068390888,15.455994266666666
2020-06-03 18:30:00,4.8375034,1006.27985,0.4020784,15.8101816,0.274561912,Nisarga,Phase 2,2,15.9013376,18,3,155,-1.0,-1.84e-16,15.8916407,15.7718096,15.8409805,0.272264153,0.273024917,0.273604304,4.69912,4.5429287,4.395894,1006.13336,1005.6446,1005.0221,0.4346275,0.4810014,0.5282601,15.834810266666668,0.0601533620535175,15.597580583333334
2020-06-03 19:30:00,4.9801993,1005.82117,0.38663858,15.9013376,0.27376458,Nisarga,Phase 2,2,16.275547,19,3,155,-0.965925826,0.2588190451025203,15.8101816,15.8916407,15.7718096,0.274561912,0.272264153,0.273024917,4.8375034,4.69912,4.5429287,1006.27985,1006.13336,1005.6446,0.4020784,0.4346275,0.4810014,15.824543966666669,0.061192984,15.724413866666666
2020-06-03 20:30:00,5.0915546,1005.38306,0.39673164,16.275547,0.270860612,Nisarga,Phase 2,2,16.4076862,20,3,155,-0.866025404,0.5000000000000001,15.9013376,15.8101816,15.8916407,0.27376458,0.274561912,0.272264153,4.9801993,4.8375034,4.69912,1005.82117,1006.27985,1006.13336,0.38663858,0.4020784,0.4346275,15.867719966666668,0.05006501,15.820025283333337
2020-06-03 21:30:00,5.1205697,1004.997,0.41180688,16.4076862,0.271068186,Nisarga,Phase 2,2,16.879364,21,3,155,-0.707106781,0.7071067811865474,16.275547,15.9013376,15.8101816,0.270860612,0.27376458,0.274561912,5.0915546,4.9801993,4.8375034,1005.38306,1005.82117,1006.27985,0.39673164,0.38663858,0.4020784,15.995688733333331,0.2466127351745051,15.915249500000002
2020-06-03 22:30:00,4.9104457,1004.7344,0.4258618,16.879364,0.270746827,Nisarga,Phase 2,2,17.4208164,22,3,155,-0.5,0.8660254037844384,16.4076862,16.275547,15.9013376,0.271068186,0.270860612,0.27376458,5.1205697,5.0915546,4.9801993,1004.997,1005.38306,1005.82117,0.41180688,0.39673164,0.38663858,16.19485693333333,0.2626411836031986,16.00970045
2020-06-03 23:30:00,4.9196124,1004.6213,0.44525212,17.4208164,0.269635528,Nisarga,Phase 2,2,17.663929,23,3,155,-0.258819045,0.965925826289068,16.879364,16.4076862,16.275547,0.270746827,0.271068186,0.270860612,4.9104457,5.1205697,5.0915546,1004.7344,1004.997,1005.38306,0.4258618,0.41180688,0.39673164,16.520865733333334,0.3174207734953789,16.19429285
2020-06-04 00:30:00,4.89069,1004.9239,0.43737125,17.663929,0.269818217,Nisarga,Phase 3,3,17.9384022,0,4,156,0.0,1.0,17.4208164,16.879364,16.4076862,0.269635528,0.270746827,0.271068186,4.9196124,4.9104457,5.1205697,1004.6213,1004.7344,1004.997,0.44525212,0.4258618,0.41180688,16.9026222,0.5069653917561108,16.449155466666664
2020-06-04 01:30:00,4.768975,1005.4959,0.42783955,17.9384022,0.267714322,Nisarga,Phase 3,3,18.1343155,1,4,156,0.2588190451025207,0.9659258262890684,17.663929,17.4208164,16.879364,0.269818217,0.269635528,0.270746827,4.89069,4.9196124,4.9104457,1004.9239,1004.6213,1004.7344,0.43737125,0.44525212,0.4258618,17.3213698,0.4016251728849963,16.758113366666667
2020-06-04 02:30:00,4.80551,1006.3049,0.37053043,18.1343155,0.264065802,Nisarga,Phase 3,3,18.2483253,2,4,156,0.4999999999999999,0.8660254037844387,17.9384022,17.663929,17.4208164,0.267714322,0.269818217,0.269635528,4.768975,4.89069,4.9196124,1005.4959,1004.9239,1004.6213,0.42783955,0.43737125,0.44525212,17.674382533333333,0.2589511968687386,17.09762413333333
2020-06-04 03:30:00,4.922615,1006.9503,0.290694,18.2483253,0.262793183,Nisarga,Phase 3,3,18.3748379,3,4,156,0.7071067811865475,0.7071067811865476,18.1343155,17.9384022,17.663929,0.264065802,0.267714322,0.269818217,4.80551,4.768975,4.89069,1006.3049,1005.4959,1004.9239,0.37053043,0.42783955,0.43737125,17.912215566666664,0.2362840867886361,17.407418883333335
2020-06-04 04:30:00,4.9693303,1007.5235,0.22549243,18.3748379,0.26123786,Nisarga,Phase 3,3,18.7258034,4,4,156,0.8660254037844386,0.5000000000000001,18.2483253,18.1343155,17.9384022,0.262793183,0.264065802,0.267714322,4.922615,4.80551,4.768975,1006.9503,1006.3049,1005.4959,0.290694,0.37053043,0.42783955,18.10701433333333,0.156754895471871,17.714192066666666
2020-06-04 05:30:00,5.044327,1007.6692,0.2148021,18.7258034,0.258703083,Nisarga,Phase 3,3,21.1451721,5,4,156,0.9659258262890684,0.2588190451025207,18.3748379,18.2483253,18.1343155,0.26123786,0.262793183,0.264065802,4.9693303,4.922615,4.80551,1007.5235,1006.9503,1006.3049,0.22549243,0.290694,0.37053043,18.2524929,0.1203153477023225,17.963437716666665
2020-06-04 06:30:00,5.1096854,1007.5451,0.20653178,21.1451721,0.373595208,Nisarga,Phase 3,3,21.1688194,6,4,156,1.0,6.123233995736766e-17,18.7258034,18.3748379,18.2483253,0.258703083,0.26123786,0.262793183,5.044327,4.9693303,4.922615,1007.6692,1007.5235,1006.9503,0.2148021,0.22549243,0.290694,18.44965553333333,0.2473754084141541,18.18093555
2020-06-04 07:30:00,5.1889906,1007.09,0.17124268,21.1688194,0.36574769,Nisarga,Phase 3,3,20.945652,7,4,156,0.9659258262890684,-0.258819045,21.1451721,18.7258034,18.3748379,0.373595208,0.258703083,0.26123786,5.1096854,5.044327,4.9693303,1007.5451,1007.6692,1007.5235,0.20653178,0.2148021,0.22549243,19.41527113333333,1.5083806586545745,18.761142733333333
2020-06-04 08:30:00,5.225946,1006.4763,0.17374474,20.945652,0.357470483,Nisarga,Phase 3,3,20.4292431,8,4,156,0.8660254037844387,-0.5,21.1688194,21.1451721,18.7258034,0.36574769,0.373595208,0.258703083,5.1889906,5.1096854,5.044327,1007.09,1007.5451,1007.6692,0.17124268,0.20653178,0.2148021,20.3465983,1.403699355132269,19.2995456
2020-06-04 09:30:00,5.246595,1005.8985,0.17968997,20.4292431,0.352784395,Nisarga,Phase 3,3,20.2169685,9,4,156,0.7071067811865476,-0.707106781,20.945652,21.1688194,21.1451721,0.357470483,0.36574769,0.373595208,5.225946,5.1889906,5.1096854,1006.4763,1007.09,1007.5451,0.17374474,0.17124268,0.20653178,21.08654783333333,0.1225908870480961,19.76810168333333
2020-06-04 10:30:00,4.949794,1005.1356,0.2291333,20.2169685,0.345897049,Nisarga,Phase 3,3,20.0619068,10,4,156,0.4999999999999999,-0.866025404,20.4292431,20.945652,21.1688194,0.352784395,0.357470483,0.36574769,5.246595,5.225946,5.1889906,1005.8985,1006.4763,1007.09,0.17968997,0.17374474,0.17124268,20.84790483333333,0.3793536046010963,20.131587983333333
2020-06-04 11:30:00,5.002816,1004.9169,0.18849747,20.0619068,0.337649524,Nisarga,Phase 3,3,20.0933304,11,4,156,0.258819045,-0.965925826,20.2169685,20.4292431,20.945652,0.345897049,0.352784395,0.357470483,4.949794,5.246595,5.225946,1005.1356,1005.8985,1006.4763,0.2291333,0.17968997,0.17374474,20.5306212,0.3747706634232189,20.43860975
2020-06-04 12:30:00,4.879213,1005.18115,0.1185778,20.0933304,0.331300527,Nisarga,Phase 3,3,20.3855228,12,4,156,1.2246467991473532e-16,-1.0,20.0619068,20.2169685,20.4292431,0.337649524,0.345897049,0.352784395,5.002816,4.949794,5.246595,1004.9169,1005.1356,1005.8985,0.18849747,0.2291333,0.17968997,20.236039466666664,0.1844092341818651,20.66129365
2020-06-04 13:30:00,4.7160497,1005.46765,0.097481295,20.3855228,0.325170517,Nisarga,Phase 3,3,20.8999214,13,4,156,-0.258819045,-0.965925826,20.0933304,20.0619068,20.2169685,0.331300527,0.337649524,0.345897049,4.879213,5.002816,4.949794,1005.18115,1004.9169,1005.1356,0.1185778,0.18849747,0.2291333,20.124068566666665,0.081973525,20.4859867
2020-06-04 14:30:00,4.5845346,1006.2547,0.071194895,20.8999214,0.318411946,Nisarga,Phase 3,3,21.182745,14,4,156,-0.5,-0.866025404,20.3855228,20.0933304,20.0619068,0.325170517,0.331300527,0.337649524,4.7160497,4.879213,5.002816,1005.46765,1005.18115,1004.9169,0.097481295,0.1185778,0.18849747,20.18025333333333,0.1784615536141408,20.355437266666662
2020-06-04 15:30:00,4.510535,1006.90436,0.06562153,21.182745,0.312719047,Nisarga,Phase 3,3,21.4530201,15,4,156,-0.707106781,-0.707106781,20.8999214,20.3855228,20.0933304,0.318411946,0.325170517,0.331300527,4.5845346,4.7160497,4.879213,1006.2547,1005.46765,1005.18115,0.071194895,0.097481295,0.1185778,20.45959153333333,0.408364902,20.3478155
2020-06-04 16:30:00,4.5010657,1007.47217,0.07112889,21.4530201,0.308869481,Nisarga,Phase 3,3,21.5475025,16,4,156,-0.866025404,-0.5,21.182745,20.8999214,20.3855228,0.312719047,0.318411946,0.325170517,4.510535,4.5845346,4.7160497,1006.90436,1006.2547,1005.46765,0.06562153,0.071194895,0.097481295,20.822729733333333,0.4041778372142516,20.47339915
2020-06-04 17:30:00,4.571046,1007.9519,0.0981703,21.5475025,0.30735442,Nisarga,Phase 3,3,21.5757713,17,4,156,-0.965925826,-0.258819045,21.4530201,21.182745,20.8999214,0.308869481,0.312719047,0.318411946,4.5010657,4.510535,4.5845346,1007.47217,1006.90436,1006.2547,0.07112889,0.06562153,0.071194895,21.178562166666666,0.2765730736285199,20.67940775
2020-06-04 18:30:00,4.641393,1008.26404,0.108935125,21.5757713,0.309181362,Nisarga,Phase 3,3,21.5778656,18,4,156,-1.0,-1.84e-16,21.5475025,21.4530201,21.182745,0.30735442,0.308869481,0.312719047,4.571046,4.5010657,4.510535,1007.9519,1007.47217,1006.90436,0.0981703,0.07112889,0.06562153,21.39442253333333,0.1893073283469969,20.92700703333333
2020-06-04 19:30:00,4.7166367,1007.5715,0.099776834,21.5778656,0.312088639,Nisarga,Phase 3,3,21.8101978,19,4,156,-0.965925826,0.2588190451025203,21.5757713,21.5475025,21.4530201,0.309181362,0.30735442,0.308869481,4.641393,4.571046,4.5010657,1008.26404,1007.9519,1007.47217,0.108935125,0.0981703,0.07112889,21.5254313,0.064283106,21.174080516666667
2020-06-04 20:30:00,4.803268,1007.1171,0.12460632,21.8101978,0.314335793,Nisarga,Phase 3,3,21.8196373,20,4,156,-0.866025404,0.5000000000000001,21.5778656,21.5757713,21.5475025,0.312088639,0.309181362,0.30735442,4.7166367,4.641393,4.571046,1007.5715,1008.26404,1007.9519,0.099776834,0.108935125,0.0981703,21.567046466666664,0.016957933,21.372804316666663
2020-06-04 21:30:00,4.7884803,1006.80493,0.1525725,21.8196373,0.313164026,Nisarga,Phase 3,3,21.6273575,21,4,156,-0.707106781,0.7071067811865474,21.8101978,21.5778656,21.5757713,0.314335793,0.312088639,0.309181362,4.803268,4.7166367,4.641393,1007.1171,1007.5715,1008.26404,0.12460632,0.099776834,0.108935125,21.65461156666667,0.1347456994680268,21.52451705
2020-06-04 22:30:00,4.3600497,1006.4519,0.15836746,21.6273575,0.309883535,Nisarga,Phase 3,3,21.7187767,22,4,156,-0.5,0.8660254037844384,21.8196373,21.8101978,21.5778656,0.313164026,0.314335793,0.312088639,4.7884803,4.803268,4.7166367,1006.80493,1007.1171,1007.5715,0.1525725,0.12460632,0.099776834,21.735900233333336,0.1369433643501005,21.630665766666667
2020-11-22 06:30:00,4.5638504,1013.5804,0.40127623,33.413372,0.305457652,Nivar,Phase 1,1,32.6736641,6,22,327,1.0,6.123233995736766e-17,31.8909225,33.2358551,35.5707932,0.292756498,0.296845913,0.299107164,4.4110827,4.152931,3.9142318,1014.2886,1014.62695,1014.44696,0.3713455,0.33265945,0.2911916,33.56585693333333,1.8619983887431677,34.963478083333335
2020-11-22 07:30:00,4.636027,1012.40674,0.37203828,32.6736641,0.302631289,Nivar,Phase 1,1,32.3849411,7,22,327,0.9659258262890684,-0.258819045,33.413372,31.8909225,33.2358551,0.305457652,0.292756498,0.296845913,4.5638504,4.4110827,4.152931,1013.5804,1014.2886,1014.62695,0.40127623,0.3713455,0.33265945,32.846716533333336,0.8324870798175354,34.50705845
2020-11-22 08:30:00,4.68874,1011.617,0.3755487,32.3849411,0.298221737,Nivar,Phase 1,1,33.0030022,8,22,327,0.8660254037844387,-0.5,32.6736641,33.413372,31.8909225,0.302631289,0.305457652,0.292756498,4.636027,4.5638504,4.4110827,1012.40674,1013.5804,1014.2886,0.37203828,0.40127623,0.3713455,32.65931953333333,0.7613261094677019,33.914000183333336
2020-11-22 09:30:00,4.734858,1010.91986,0.38742438,33.0030022,0.319629997,Nivar,Phase 1,1,33.1469803,9,22,327,0.7071067811865476,-0.707106781,32.3849411,32.6736641,33.413372,0.298221737,0.302631289,0.305457652,4.68874,4.636027,4.5638504,1011.617,1012.40674,1013.5804,0.3755487,0.37203828,0.40127623,32.8239924,0.5304398904252895,33.19492466666667
2020-11-22 10:30:00,4.168383,1010.4872,0.39000973,33.1469803,0.315325826,Nivar,Phase 1,1,33.9412041,10,22,327,0.4999999999999999,-0.866025404,33.0030022,32.3849411,32.6736641,0.319629997,0.298221737,0.302631289,4.734858,4.68874,4.636027,1010.91986,1011.617,1012.40674,0.38742438,0.3755487,0.37203828,32.68720246666667,0.3092528841616865,32.766959500000006
2020-11-22 11:30:00,4.198,1010.9252,0.39483845,33.9412041,0.313466072,Nivar,Phase 1,1,35.1710968,11,22,327,0.258819045,-0.965925826,33.1469803,33.0030022,32.3849411,0.315325826,0.319629997,0.298221737,4.168383,4.734858,4.68874,1010.4872,1010.91986,1011.617,0.39000973,0.38742438,0.3755487,32.84497453333333,0.4048524338055344,32.75214703333334
2020-11-22 12:30:00,4.0316534,1011.678,0.40377766,35.1710968,0.314105809,Nivar,Phase 1,1,36.8317909,12,22,327,1.2246467991473532e-16,-1.0,33.9412041,33.1469803,33.0030022,0.313466072,0.315325826,0.319629997,4.198,4.168383,4.734858,1010.9252,1010.4872,1010.91986,0.39483845,0.39000973,0.38742438,33.36372886666667,0.5052629584236011,33.093860633333335
2020-11-22 13:30:00,4.268834,1012.4836,0.42293036,36.8317909,0.315811992,Nivar,Phase 1,1,37.7727661,13,22,327,-0.258819045,-0.965925826,35.1710968,33.9412041,33.1469803,0.314105809,0.313466072,0.315325826,4.0316534,4.198,4.168383,1011.678,1010.9252,1010.4872,0.40377766,0.39483845,0.39000973,34.086427066666666,1.0198427250947548,33.38681476666667
2020-11-22 14:30:00,4.4866915,1013.3053,0.41424984,37.7727661,0.318762004,Nivar,Phase 1,1,38.2401428,14,22,327,-0.5,-0.866025404,36.8317909,35.1710968,33.9412041,0.315811992,0.314105809,0.313466072,4.268834,4.0316534,4.198,1012.4836,1011.678,1010.9252,0.42293036,0.40377766,0.39483845,35.31469726666667,1.450633941628201,34.0798359
2020-11-22 15:30:00,4.656017,1014.0012,0.40438685,38.2401428,0.324929118,Nivar,Phase 1,1,38.1552582,15,22,327,-0.707106781,-0.707106781,37.7727661,36.8317909,35.1710968,0.318762004,0.315811992,0.314105809,4.4866915,4.268834,4.0316534,1013.3053,1012.4836,1011.678,0.41424984,0.42293036,0.40377766,36.5918846,1.317321927709948,34.97780673333333
2020-11-22 16:30:00,4.761435,1014.2342,0.4099014,38.1552582,0.33280158,Nivar,Phase 1,1,37.6825714,16,22,327,-0.866025404,-0.5,38.2401428,37.7727661,36.8317909,0.324929118,0.318762004,0.315811992,4.656017,4.4866915,4.268834,1014.0012,1013.3053,1012.4836,0.40438685,0.41424984,0.42293036,37.61489993333333,0.7173249357801623,35.8506635
2020-11-22 17:30:00,4.8512683,1014.1043,0.4421063,37.6825714,0.338826835,Nivar,Phase 1,1,37.4521866,17,22,327,-0.965925826,-0.258819045,38.1552582,38.2401428,37.7727661,0.33280158,0.324929118,0.318762004,4.761435,4.656017,4.4866915,1014.2342,1014.0012,1013.3053,0.4099014,0.40438685,0.41424984,38.0560557,0.2489801135241719,36.685376483333336
2020-11-22 18:30:00,4.8842306,1013.5963,0.49049914,37.4521866,0.342729926,Nivar,Phase 1,1,37.9216194,18,22,327,-1.0,-1.84e-16,37.6825714,38.1552582,38.2401428,0.338826835,0.33280158,0.324929118,4.8512683,4.761435,4.656017,1014.1043,1014.2342,1014.0012,0.4421063,0.4099014,0.40438685,38.0259908,0.3004230551266972,37.3089377
2020-11-22 19:30:00,4.899469,1013.0305,0.6616463,37.9216194,0.341458917,Nivar,Phase 1,1,38.4321251,19,22,327,-0.965925826,0.2588190451025203,37.4521866,37.6825714,38.1552582,0.342729926,0.338826835,0.33280158,4.8842306,4.8512683,4.761435,1013.5963,1014.1043,1014.2342,0.49049914,0.4421063,0.4099014,37.763338733333335,0.3584270362041199,37.68911933333334
2020-11-22 20:30:00,4.963114,1012.4306,0.635859,38.4321251,0.337305993,Nivar,Phase 1,1,38.5290108,20,22,327,-0.866025404,0.5000000000000001,37.9216194,37.4521866,37.6825714,0.341458917,0.342729926,0.338826835,4.899469,4.8842306,4.8512683,1013.0305,1013.5963,1014.1043,0.6616463,0.49049914,0.4421063,37.68545913333333,0.2347297226213762,37.87075741666666
2020-11-22 21:30:00,5.0367403,1011.9003,0.6005838,38.5290108,0.336306691,Nivar,Phase 1,1,38.3953209,21,22,327,-0.707106781,0.7071067811865474,38.4321251,37.9216194,37.4521866,0.337305993,0.341458917,0.342729926,4.963114,4.899469,4.8842306,1012.4306,1013.0305,1013.5963,0.635859,0.6616463,0.49049914,37.93531036666667,0.4901126889521082,37.98065058333333
2020-11-22 22:30:00,4.803967,1011.7237,0.5712808,38.3953209,0.333054632,Nivar,Phase 1,1,38.2211227,22,22,327,-0.5,0.8660254037844384,38.5290108,38.4321251,37.9216194,0.336306691,0.337305993,0.341458917,5.0367403,4.963114,4.899469,1011.9003,1012.4306,1013.0305,0.6005838,0.635859,0.6616463,38.29425176666667,0.3263247925486723,38.02879525
2020-11-22 23:30:00,5.01867,1011.6499,0.5819192,38.2211227,0.328951389,Nivar,Phase 1,1,37.5550385,23,22,327,-0.258819045,0.965925826289068,38.3953209,38.5290108,38.4321251,0.333054632,0.336306691,0.337305993,4.803967,5.0367403,4.963114,1011.7237,1011.9003,1012.4306,0.5712808,0.6005838,0.635859,38.452152266666666,0.069058402,38.0688057
2020-11-23 00:30:00,5.143259,1011.9545,0.60326475,37.5550385,0.327478051,Nivar,Phase 1,1,37.270565,0,23,328,0.0,1.0,38.2211227,38.3953209,38.5290108,0.328951389,0.333054632,0.336306691,5.01867,4.803967,5.0367403,1011.6499,1011.7237,1011.9003,0.5819192,0.5712808,0.6005838,38.38181813333333,0.1543875450327984,38.15856425
2020-11-23 01:30:00,5.28129,1012.47,0.6340542,37.270565,0.324636161,Nivar,Phase 1,1,36.7012482,1,23,328,0.2588190451025207,0.9659258262890684,37.5550385,38.2211227,38.3953209,0.327478051,0.328951389,0.333054632,5.143259,5.01867,4.803967,1011.9545,1011.6499,1011.7237,0.60326475,0.5819192,0.5712808,38.0571607,0.4434876334471433,38.17570623333334
2020-11-23 02:30:00,5.5174074,1013.4113,0.6851556,36.7012482,0.318242908,Nivar,Phase 1,1,33.803997,2,23,328,0.4999999999999999,0.8660254037844387,37.270565,37.5550385,38.2211227,0.324636161,0.327478051,0.328951389,5.28129,5.143259,5.01867,1012.47,1011.9545,1011.6499,0.6340542,0.60326475,0.5819192,37.68224206666667,0.4878786178825293,38.067197166666666
2020-11-23 03:30:00,5.76796,1014.28125,0.70507306,33.803997,0.315704018,Nivar,Phase 1,1,30.6631927,3,23,328,0.7071067811865475,0.7071067811865476,36.7012482,37.270565,37.5550385,0.318242908,0.324636161,0.327478051,5.5174074,5.28129,5.143259,1013.4113,1012.47,1011.9545,0.6851556,0.6340542,0.60326475,37.17561723333333,0.4347421970430892,37.77871768333333
2020-11-23 04:30:00,6.0865593,1014.3446,0.70236135,30.6631927,0.315323859,Nivar,Phase 1,1,28.5437393,4,23,328,0.8660254037844386,0.5000000000000001,33.803997,36.7012482,37.270565,0.315704018,0.318242908,0.324636161,5.76796,5.5174074,5.28129,1014.28125,1013.4113,1012.47,0.70507306,0.6851556,0.6340542,35.92527006666666,1.858999723564981,36.99121538333333
2020-11-23 05:30:00,6.297995,1013.94476,0.69725156,28.5437393,0.315092921,Nivar,Phase 1,1,27.6191978,5,23,328,0.9659258262890684,0.2588190451025207,30.6631927,33.803997,36.7012482,0.315323859,0.315704018,0.318242908,6.0865593,5.76796,5.5174074,1014.3446,1014.28125,1013.4113,0.70236135,0.70507306,0.6851556,33.722812633333334,3.0198463092206227,35.702527350000004
2020-11-23 06:30:00,6.3986964,1012.9949,0.6946974,27.6191978,0.35431847,Nivar,Phase 1,1,26.4832478,6,23,328,1.0,6.123233995736766e-17,28.5437393,30.6631927,33.803997,0.315092921,0.315323859,0.315704018,6.297995,6.0865593,5.76796,1013.94476,1014.3446,1014.28125,0.69725156,0.70236135,0.70507306,31.003643,2.646603025139953,34.08963011666667
2020-11-23 07:30:00,6.420851,1011.9535,0.7233183,26.4832478,0.353338897,Nivar,Phase 1,1,25.920002,7,23,328,0.9659258262890684,-0.258819045,27.6191978,28.5437393,30.6631927,0.35431847,0.315092921,0.315323859,6.3986964,6.297995,6.0865593,1012.9949,1013.94476,1014.3446,0.6946974,0.69725156,0.70236135,28.942043266666666,1.560596288347294,32.43365666666667
2020-11-23 08:30:00,6.4217477,1010.90625,0.6908286,25.920002,0.350516051,Nivar,Phase 1,1,26.1326675,8,23,328,0.8660254037844387,-0.5,26.4832478,27.6191978,28.5437393,0.353338897,0.35431847,0.315092921,6.420851,6.3986964,6.297995,1011.9535,1012.9949,1013.94476,0.7233183,0.6946974,0.69725156,27.548728300000004,1.032051727490337,30.635770466666667
2020-11-23 09:30:00,6.4186563,1010.2742,0.6527838,26.1326675,0.345475405,Nivar,Phase 1,1,26.7139492,9,23,328,0.7071067811865476,-0.707106781,25.920002,26.4832478,27.6191978,0.350516051,0.353338897,0.35431847,6.4217477,6.420851,6.3986964,1010.90625,1011.9535,1012.9949,0.6908286,0.7233183,0.6946974,26.6741492,0.8655339970653466,28.8388961
2020-11-23 10:30:00,6.00903,1009.79956,0.644245,26.7139492,0.34758231,Nivar,Phase 1,1,27.8042374,10,23,328,0.4999999999999999,-0.866025404,26.1326675,25.920002,26.4832478,0.345475405,0.350516051,0.353338897,6.4186563,6.4217477,6.420851,1010.2742,1010.90625,1011.9535,0.6527838,0.6908286,0.7233183,26.1786391,0.2844230982345941,27.56034118333333
2020-11-23 11:30:00,5.8810787,1010.0843,0.62722915,27.8042374,0.349437803,Nivar,Phase 1,1,29.3267975,11,23,328,0.258819045,-0.965925826,26.7139492,26.1326675,25.920002,0.34758231,0.345475405,0.350516051,6.00903,6.4186563,6.4217477,1009.79956,1010.2742,1010.90625,0.644245,0.6527838,0.6908286,26.255539566666663,0.4109880748540021,26.90213393333333
2020-11-23 12:30:00,5.64491,1010.6476,0.60160255,29.3267975,0.350638449,Nivar,Phase 2,2,31.4371529,12,23,328,1.2246467991473532e-16,-1.0,27.8042374,26.7139492,26.1326675,0.349437803,0.34758231,0.345475405,5.8810787,6.00903,6.4186563,1010.0843,1009.79956,1010.2742,0.62722915,0.644245,0.6527838,26.88361803333333,0.8486030387643393,26.778883616666665
2020-11-23 13:30:00,5.7353573,1011.2223,0.6206839,31.4371529,0.353734702,Nivar,Phase 2,2,32.8809128,13,23,328,-0.258819045,-0.965925826,29.3267975,27.8042374,26.7139492,0.350638449,0.349437803,0.34758231,5.64491,5.8810787,6.00903,1010.6476,1010.0843,1009.79956,0.60160255,0.62722915,0.644245,27.948328033333336,1.3123702384099147,27.063483566666665
2020-11-23 14:30:00,5.8319693,1012.01294,0.6287845,32.8809128,0.359524518,Nivar,Phase 2,2,33.6734009,14,23,328,-0.5,-0.866025404,31.4371529,29.3267975,27.8042374,0.353734702,0.350638449,0.349437803,5.7353573,5.64491,5.8810787,1011.2223,1010.6476,1010.0843,0.6206839,0.60160255,0.62722915,29.52272926666667,1.824365835140259,27.889134416666668
2020-11-23 15:30:00,5.8848996,1012.59076,0.6025433,33.6734009,0.368106067,Nivar,Phase 2,2,34.0763435,15,23,328,-0.707106781,-0.707106781,32.8809128,31.4371529,29.3267975,0.359524518,0.353734702,0.350638449,5.8319693,5.7353573,5.64491,1012.01294,1011.2223,1010.6476,0.6287845,0.6206839,0.60160255,31.2149544,1.7874459492458417,29.04928621666667
2020-11-23 16:30:00,5.8830466,1012.6653,0.55546343,34.0763435,0.377374858,Nivar,Phase 2,2,33.8939171,16,23,328,-0.866025404,-0.5,33.6734009,32.8809128,31.4371529,0.368106067,0.359524518,0.353734702,5.8848996,5.8319693,5.7353573,1012.59076,1012.01294,1011.2223,0.6025433,0.6287845,0.6206839,32.6638222,1.1338198824471557,30.306075116666666
2020-11-23 17:30:00,5.8769803,1012.56085,0.5303857,33.8939171,0.387256742,Nivar,Phase 2,2,33.5326195,17,23,328,-0.965925826,-0.258819045,34.0763435,33.6734009,32.8809128,0.377374858,0.368106067,0.359524518,5.8830466,5.8848996,5.8319693,1012.6653,1012.59076,1012.01294,0.55546343,0.6025433,0.6287845,33.5435524,0.6082015408892573,31.53314083333333
2020-11-23 18:30:00,5.8730254,1012.04156,0.5665357,33.5326195,0.394785255,Nivar,Phase 2,2,33.6781654,18,23,328,-1.0,-1.84e-16,33.8939171,34.0763435,33.6734009,0.387256742,0.377374858,0.368106067,5.8769803,5.8830466,5.8848996,1012.56085,1012.6653,1012.59076,0.5303857,0.55546343,0.6025433,33.8812205,0.2017711264344678,32.548087450000004
2020-11-23 19:30:00,5.8810234,1011.71173,0.6784101,33.6781654,0.402859479,Nivar,Phase 2,2,33.8389091,19,23,328,-0.965925826,0.2588190451025203,33.5326195,33.8939171,34.0763435,0.394785255,0.387256742,0.377374858,5.8730254,5.8769803,5.8830466,1012.04156,1012.56085,1012.6653,0.5665357,0.5303857,0.55546343,33.834293366666664,0.2767222239479962,33.249057783333335
2020-11-23 20:30:00,5.897401,1010.7621,0.6871261,33.8389091,0.406478524,Nivar,Phase 2,2,33.8716736,20,23,328,-0.866025404,0.5000000000000001,33.6781654,33.5326195,33.8939171,0.402859479,0.394785255,0.387256742,5.8810234,5.8730254,5.8769803,1011.71173,1012.04156,1012.56085,0.6784101,0.5665357,0.5303857,33.70156733333334,0.1817820860385054,33.62255986666667
2020-11-23 21:30:00,5.91823,1010.42834,0.69967127,33.8716736,0.407165676,Nivar,Phase 2,2,33.8513641,21,23,328,-0.707106781,0.7071067811865474,33.8389091,33.6781654,33.5326195,0.406478524,0.402859479,0.394785255,5.897401,5.8810234,5.8730254,1010.7621,1011.71173,1012.04156,0.6871261,0.6784101,0.5665357,33.68323133333333,0.1532076288169405,33.78222591666667
2020-11-23 22:30:00,5.7441096,1010.1033,0.7335101,33.8513641,0.403324991,Nivar,Phase 2,2,33.3480835,22,23,328,-0.5,0.8660254037844384,33.8716736,33.8389091,33.6781654,0.407165676,0.406478524,0.402859479,5.91823,5.897401,5.8810234,1010.42834,1010.7621,1011.71173,0.69967127,0.6871261,0.6784101,33.796249366666665,0.1035675890572565,33.81527136666667
2020-11-23 23:30:00,5.9240947,1009.891,0.7656452,33.3480835,0.397363722,Nivar,Phase 2,2,32.9624405,23,23,328,-0.258819045,0.965925826289068,33.8513641,33.8716736,33.8389091,0.403324991,0.407165676,0.406478524,5.7441096,5.91823,5.897401,1010.1033,1010.42834,1010.7621,0.7335101,0.69967127,0.6871261,33.85398226666666,0.016538416,33.7777748
2020-11-24 00:30:00,6.079227,1010.49524,0.7780209,32.9624405,0.39141795,Nivar,Phase 2,2,32.5417061,0,24,329,0.0,1.0,33.3480835,33.8513641,33.8716736,0.397363722,0.403324991,0.407165676,5.9240947,5.7441096,5.91823,1009.891,1010.1033,1010.42834,0.7656452,0.7335101,0.69967127,33.69037373333333,0.2966059200764006,33.68680253333333
2020-11-24 01:30:00,6.205862,1010.9572,0.7793719,32.5417061,0.38294062,Nivar,Phase 2,2,32.1372299,1,24,329,0.2588190451025207,0.9659258262890684,32.9624405,33.3480835,33.8513641,0.39141795,0.397363722,0.403324991,6.079227,5.9240947,5.7441096,1010.49524,1009.891,1010.1033,0.7780209,0.7656452,0.7335101,33.387296033333335,0.4457572307179194,33.5917727
2020-11-24 02:30:00,6.481736,1011.87775,0.76948446,32.1372299,0.371864706,Nivar,Phase 2,2,30.4223213,2,24,329,0.4999999999999999,0.8660254037844387,32.5417061,32.9624405,33.3480835,0.38294062,0.39141795,0.397363722,6.205862,6.079227,5.9240947,1010.9572,1010.49524,1009.891,0.7793719,0.7780209,0.7656452,32.950743366666664,0.4033159369577301,33.40236281666667
2020-11-24 03:30:00,6.7691207,1012.63104,0.8046588,30.4223213,0.358159423,Nivar,Phase 2,2,27.4529667,3,24,329,0.7071067811865475,0.7071067811865476,32.1372299,32.5417061,32.9624405,0.371864706,0.38294062,0.39141795,6.481736,6.205862,6.079227,1011.87775,1010.9572,1010.49524,0.76948446,0.7793719,0.7780209,32.5471255,0.412631992228643,33.11874961666667
2020-11-24 04:30:00,7.116244,1012.86865,0.81101763,27.4529667,0.346606404,Nivar,Phase 2,2,25.203474,4,24,329,0.8660254037844386,0.5000000000000001,30.4223213,32.1372299,32.5417061,0.358159423,0.371864706,0.38294062,6.7691207,6.481736,6.205862,1012.63104,1011.87775,1010.9572,0.8046588,0.76948446,0.7793719,31.700419099999998,1.1251892013636762,32.54385756666667
2020-11-24 05:30:00,7.3597946,1012.44275,0.80776936,25.203474,0.337220788,Nivar,Phase 2,2,24.3553276,5,24,329,0.9659258262890684,0.2588190451025207,27.4529667,30.4223213,32.1372299,0.346606404,0.358159423,0.371864706,7.116244,6.7691207,6.481736,1012.86865,1012.63104,1011.87775,0.81101763,0.8046588,0.76948446,30.00417263333333,2.369961320843656,31.477458
2020-11-24 06:30:00,7.4925017,1011.5709,0.8056907,24.3553276,0.365242451,Nivar,Phase 2,2,23.5124664,6,24,329,1.0,6.123233995736766e-17,25.203474,27.4529667,30.4223213,0.337220788,0.346606404,0.358159423,7.3597946,7.116244,6.7691207,1012.44275,1012.86865,1012.63104,0.80776936,0.81101763,0.8046588,27.692920666666662,2.6176850870126893,30.120023083333333
2020-11-24 07:30:00,7.5010595,1010.28766,1.0232297,23.5124664,0.360711187,Nivar,Phase 2,2,23.2055531,7,24,329,0.9659258262890684,-0.258819045,24.3553276,25.203474,27.4529667,0.365242451,0.337220788,0.346606404,7.4925017,7.3597946,7.116244,1011.5709,1012.44275,1012.86865,0.8056907,0.80776936,0.81101763,25.670589433333333,1.6007778170332574,28.68550426666667
2020-11-24 08:30:00,7.4862676,1009.28284,1.0227915,23.2055531,0.358586431,Nivar,Phase 2,2,23.5520382,8,24,329,0.8660254037844387,-0.5,23.5124664,24.3553276,25.203474,0.360711187,0.365242451,0.337220788,7.5010595,7.4925017,7.3597946,1010.28766,1011.5709,1012.44275,1.0232297,0.8056907,0.80776936,24.35708933333333,0.8455051765616498,27.180630983333334
2020-11-24 09:30:00,7.446907,1008.6523,1.0116662,23.5520382,0.359826297,Nivar,Phase 2,2,24.2050018,9,24,329,0.7071067811865476,-0.707106781,23.2055531,23.5124664,24.3553276,0.358586431,0.360711187,0.365242451,7.4862676,7.5010595,7.4925017,1009.28284,1010.28766,1011.5709,1.0227915,1.0232297,0.8056907,23.6911157,0.5953419433445364,25.69201818333333
2020-11-24 10:30:00,6.850418,1008.13116,0.9569443,24.2050018,0.354351282,Nivar,Phase 2,2,25.3725014,10,24,329,0.4999999999999999,-0.866025404,23.5520382,23.2055531,23.5124664,0.359826297,0.358586431,0.360711187,7.446907,7.4862676,7.5010595,1008.6523,1009.28284,1010.28766,1.0116662,1.0227915,1.0232297,23.423352566666665,0.1896547853306902,24.546971
2020-11-24 11:30:00,6.8634253,1008.24506,0.8949995,25.3725014,0.345899582,Nivar,Phase 2,2,27.2469482,11,24,329,0.258819045,-0.965925826,24.2050018,23.5520382,23.2055531,0.354351282,0.359826297,0.358586431,6.850418,7.446907,7.4862676,1008.13116,1008.6523,1009.28284,0.9569443,1.0116662,1.0227915,23.6541977,0.5074956635902708,24.005643516666662
2020-11-24 12:30:00,6.7897444,1008.8139,0.8540355,27.2469482,0.341993332,Nivar,Phase 2,2,28.7264919,12,24,329,1.2246467991473532e-16,-1.0,25.3725014,24.2050018,23.5520382,0.345899582,0.354351282,0.359826297,6.8634253,6.850418,7.446907,1008.24506,1008.13116,1008.6523,0.8949995,0.9569443,1.0116662,24.3765138,0.9222710232065284,24.03381475
2020-11-24 13:30:00,6.8848996,1009.5243,0.8404426,28.7264919,0.341238946,Nivar,Phase 2,2,29.8462315,13,24,329,-0.258819045,-0.965925826,27.2469482,25.3725014,24.2050018,0.341993332,0.345899582,0.354351282,6.7897444,6.8634253,6.850418,1008.8139,1008.24506,1008.13116,0.8540355,0.8949995,0.9569443,25.60815046666666,1.534603315871501,24.51575151666667
2020-11-24 14:30:00,7.007904,1010.24304,0.84825623,29.8462315,0.340699553,Nivar,Phase 2,2,30.4951687,14,24,329,-0.5,-0.866025404,28.7264919,27.2469482,25.3725014,0.341238946,0.341993332,0.345899582,6.8848996,6.7897444,6.8634253,1009.5243,1008.8139,1008.24506,0.8404426,0.8540355,0.8949995,27.11531383333333,1.680865483430589,25.384755766666668
2020-11-24 15:30:00,7.091368,1010.7049,0.9055188,30.4951687,0.340078712,Nivar,Phase 2,2,30.5111084,15,24,329,-0.707106781,-0.707106781,29.8462315,28.7264919,27.2469482,0.340699553,0.341238946,0.341993332,7.007904,6.8848996,6.7897444,1010.24304,1009.5243,1008.8139,0.84825623,0.8404426,0.8540355,28.6065572,1.3037855144205464,26.4915355
2020-11-24 16:30:00,7.141592,1010.8644,0.9599342,30.5111084,0.342440188,Nivar,Phase 2,2,30.2922802,16,24,329,-0.866025404,-0.5,30.4951687,29.8462315,28.7264919,0.340078712,0.340699553,0.341238946,7.091368,7.007904,6.8848996,1010.7049,1010.24304,1009.5243,0.9055188,0.84825623,0.8404426,29.689297366666665,0.8947209885592733,27.64872391666667
2020-11-24 17:30:00,7.166053,1010.64124,0.9612653,30.2922802,0.345252693,Nivar,Phase 2,2,29.9757843,17,24,329,-0.965925826,-0.258819045,30.5111084,30.4951687,29.8462315,0.342440188,0.340078712,0.340699553,7.141592,7.091368,7.007904,1010.8644,1010.7049,1010.24304,0.9599342,0.9055188,0.84825623,30.28416953333333,0.3793491917601256,28.69974168333333
2020-11-24 18:30:00,7.2319727,1010.19275,0.97315735,29.9757843,0.348904014,Nivar,Phase 2,2,29.8109684,18,24,329,-1.0,-1.84e-16,30.2922802,30.5111084,30.4951687,0.345252693,0.342440188,0.340078712,7.166053,7.141592,7.091368,1010.64124,1010.8644,1010.7049,0.9612653,0.9599342,0.9055188,30.43285243333333,0.121999725808731,29.51970481666667
2020-11-24 19:30:00,7.246762,1009.6152,1.2597944,29.8109684,0.353648961,Nivar,Phase 2,2,29.9838276,19,24,329,-0.965925826,0.2588190451025203,29.9757843,30.2922802,30.5111084,0.348904014,0.345252693,0.342440188,7.2319727,7.166053,7.141592,1010.19275,1010.64124,1010.8644,0.97315735,0.9612653,0.9599342,30.2597243,0.2691428765153286,29.97451083333333
2020-11-24 20:30:00,7.310924,1008.724,1.2576454,29.9838276,0.357419074,Nivar,Phase 2,2,29.8934727,20,24,329,-0.866025404,0.5000000000000001,29.8109684,29.9757843,30.2922802,0.353648961,0.348904014,0.345252693,7.246762,7.2319727,7.166053,1009.6152,1010.19275,1010.64124,1.2597944,0.97315735,0.9612653,30.0263443,0.2446068220735813,30.15525691666667
2020-11-24 21:30:00,7.3829265,1008.2633,1.2091748,29.8934727,0.356919408,Nivar,Phase 2,2,29.795351,21,24,329,-0.707106781,0.7071067811865474,29.9838276,29.8109684,29.9757843,0.357419074,0.353648961,0.348904014,7.310924,7.246762,7.2319727,1008.724,1009.6152,1010.19275,1.2576454,1.2597944,0.97315735,29.923526766666665,0.09756133,30.1781896
2020-11-24 22:30:00,7.062039,1007.49475,1.2460815,29.795351,0.355306745,Nivar,Phase 2,2,30.2091923,22,24,329,-0.5,0.8660254037844384,29.8934727,29.9838276,29.8109684,0.356919408,0.357419074,0.353648961,7.3829265,7.310924,7.246762,1008.2633,1008.724,1009.6152,1.2091748,1.2576454,1.2597944,29.896089566666664,0.086459307,30.07790693333333
2020-11-24 23:30:00,7.3617682,1007.8882,1.2931006,30.2091923,0.353563666,Nivar,Phase 2,2,30.3006382,23,24,329,-0.258819045,0.965925826289068,29.795351,29.8934727,29.9838276,0.355306745,0.356919408,0.357419074,7.062039,7.3829265,7.310924,1007.49475,1008.2633,1008.724,1.2460815,1.2091748,1.2576454,29.890883766666665,0.094264968,29.958614033333333
2020-11-25 00:30:00,7.553638,1008.1,1.2913136,30.3006382,0.355125964,Nivar,Phase 2,2,30.0547676,0,25,330,0.0,1.0,30.2091923,29.795351,29.8934727,0.353563666,0.355306745,0.356919408,7.3617682,7.062039,7.3829265,1007.8882,1007.49475,1008.2633,1.2931006,1.2460815,1.2091748,29.96600533333333,0.2162449827631807,29.94476605
2020-11-25 01:30:00,7.6870666,1008.925,1.2645631,30.0547676,0.355333567,Nivar,Phase 2,2,30.4307156,1,25,330,0.2588190451025207,0.9659258262890684,30.3006382,30.2091923,29.795351,0.355125964,0.353563666,0.355306745,7.553638,7.3617682,7.062039,1008.1,1007.8882,1007.49475,1.2913136,1.2931006,1.2460815,30.101727166666663,0.2692403290423879,29.99890836666667
2020-11-25 02:30:00,7.947052,1009.79193,1.2581774,30.4307156,0.355459124,Nivar,Phase 2,2,29.6540241,2,25,330,0.4999999999999999,0.8660254037844387,30.0547676,30.3006382,30.2091923,0.355333567,0.355125964,0.353563666,7.6870666,7.553638,7.3617682,1008.925,1008.1,1007.8882,1.2645631,1.2913136,1.2931006,30.188199366666662,0.1242723437602911,30.039541566666667
2020-11-25 03:30:00,8.139422,1010.8072,1.2988632,29.6540241,0.353003532,Nivar,Phase 2,2,27.3418636,3,25,330,0.7071067811865475,0.7071067811865476,30.4307156,30.0547676,30.3006382,0.355459124,0.355333567,0.355125964,7.947052,7.6870666,7.553638,1009.79193,1008.925,1008.1,1.2581774,1.2645631,1.2913136,30.262040466666665,0.1909229253913433,30.114022900000005
2020-11-25 04:30:00,8.422847,1010.9204,1.2949284,27.3418636,0.344429791,Nivar,Phase 2,2,25.5489979,4,25,330,0.8660254037844386,0.5000000000000001,29.6540241,30.4307156,30.0547676,0.353003532,0.355459124,0.355333567,8.139422,7.947052,7.6870666,1010.8072,1009.79193,1008.925,1.2988632,1.2581774,1.2645631,30.04650243333333,0.3884117097593859,30.0741148
2020-11-25 05:30:00,8.54898,1010.6794,1.2280707,25.5489979,0.334087372,Nivar,Phase 2,2,23.7860374,5,25,330,0.9659258262890684,0.2588190451025207,27.3418636,29.6540241,30.4307156,0.344429791,0.353003532,0.355459124,8.422847,8.139422,7.947052,1010.9204,1010.8072,1009.79193,1.2949284,1.2988632,1.2581774,29.1422011,1.6067743329331718,29.665200233333337
2020-11-25 06:30:00,8.570084,1009.6831,1.2859296,23.7860374,0.3222785,Nivar,Phase 2,2,22.5059719,6,25,330,1.0,6.123233995736766e-17,25.5489979,27.3418636,29.6540241,0.334087372,0.344429791,0.353003532,8.54898,8.422847,8.139422,1010.6794,1010.9204,1010.8072,1.2280707,1.2949284,1.2988632,27.514961866666663,2.057980146433364,28.888501166666668
2020-11-25 07:30:00,8.5427065,1008.8123,1.5587448,22.5059719,0.317986131,Nivar,Phase 2,2,22.0690308,7,25,330,0.9659258262890684,-0.258819045,23.7860374,25.5489979,27.3418636,0.3222785,0.334087372,0.344429791,8.570084,8.54898,8.422847,1009.6831,1010.6794,1010.9204,1.2859296,1.2280707,1.2949284,25.5589663,1.777934058929203,27.802734366666662
2020-11-25 08:30:00,8.401341,1007.95294,1.5225483,22.0690308,0.310383946,Nivar,Phase 2,2,22.2194958,8,25,330,0.8660254037844387,-0.5,22.5059719,23.7860374,25.5489979,0.317986131,0.3222785,0.334087372,8.5427065,8.570084,8.54898,1008.8123,1009.6831,1010.6794,1.5587448,1.2859296,1.2280707,23.9470024,1.527885502119719,26.54460175
2020-11-25 09:30:00,8.234237,1007.3338,1.4215616,22.2194958,0.321807534,Nivar,Phase 2,2,22.89291,9,25,330,0.7071067811865476,-0.707106781,22.0690308,22.5059719,23.7860374,0.310383946,0.317986131,0.3222785,8.401341,8.5427065,8.570084,1007.95294,1008.8123,1009.6831,1.5225483,1.5587448,1.2859296,22.787013366666667,0.8923374617264068,25.150987616666665
2020-11-25 10:30:00,7.192395,1007.00214,1.2853285,22.89291,0.311753988,Nivar,Phase 2,2,23.9982109,10,25,330,0.4999999999999999,-0.866025404,22.2194958,22.0690308,22.5059719,0.321807534,0.310383946,0.317986131,8.234237,8.401341,8.5427065,1007.3338,1007.95294,1008.8123,1.4215616,1.5225483,1.5587448,22.264832833333333,0.2219706425649623,23.911899566666666
2020-11-25 11:30:00,7.272159,1007.37775,1.1761564,23.9982109,0.306061327,Nivar,Phase 2,2,25.0827236,11,25,330,0.258819045,-0.965925826,22.89291,22.2194958,22.0690308,0.311753988,0.321807534,0.310383946,7.192395,8.234237,8.401341,1007.00214,1007.3338,1007.95294,1.2853285,1.4215616,1.5225483,22.3938122,0.4387298594006175,23.1704073
2020-11-25 12:30:00,7.1086426,1007.9065,1.1001643,25.0827236,0.301909715,Nivar,Phase 2,2,25.6326771,12,25,330,1.2246467991473532e-16,-1.0,23.9982109,22.89291,22.2194958,0.306061327,0.311753988,0.321807534,7.272159,7.192395,8.234237,1007.37775,1007.00214,1007.3338,1.1761564,1.2853285,1.4215616,23.03687223333333,0.8980538375908079,22.9119428
2020-11-25 13:30:00,7.1237803,1008.5385,1.0633959,25.6326771,0.299791813,Nivar,Phase 2,2,26.0364265,13,25,330,-0.258819045,-0.965925826,25.0827236,23.9982109,22.89291,0.301909715,0.306061327,0.311753988,7.1086426,7.272159,7.192395,1007.9065,1007.37775,1007.00214,1.1001643,1.1761564,1.2853285,23.9912815,1.0949232453119178,23.128057166666665
2020-11-25 14:30:00,7.187313,1009.43726,0.9860515,26.0364265,0.300542414,Nivar,Phase 2,2,26.1674328,14,25,330,-0.5,-0.866025404,25.6326771,25.0827236,23.9982109,0.299791813,0.301909715,0.306061327,7.1237803,7.1086426,7.272159,1008.5385,1007.9065,1007.37775,1.0633959,1.1001643,1.1761564,24.9045372,0.8316746566982973,23.649174700000003
2020-11-25 15:30:00,7.296284,1010.074,0.9201222,26.1674328,0.29669854,Nivar,Phase 2,2,25.9580364,15,25,330,-0.707106781,-0.707106781,26.0364265,25.6326771,25.0827236,0.300542414,0.299791813,0.301909715,7.187313,7.1237803,7.1086426,1009.43726,1008.5385,1007.9065,0.9860515,1.0633959,1.1001643,25.5839424,0.4787155821624074,24.310407316666662
2020-11-25 16:30:00,7.3265595,1010.5982,0.8778305,25.9580364,0.292666733,Nivar,Phase 2,2,25.6365089,16,25,330,-0.866025404,-0.5,26.1674328,26.0364265,25.6326771,0.29669854,0.300542414,0.299791813,7.296284,7.187313,7.1237803,1010.074,1009.43726,1008.5385,0.9201222,0.9860515,1.0633959,25.94551213333333,0.2787292256301034,24.968396816666665
2020-11-25 17:30:00,7.3374248,1010.58813,0.894214,25.6365089,0.292390883,Nivar,Phase 2,2,25.0411396,17,25,330,-0.965925826,-0.258819045,25.9580364,26.1674328,26.0364265,0.292666733,0.29669854,0.300542414,7.3265595,7.296284,7.187313,1010.5982,1010.074,1009.43726,0.8778305,0.9201222,0.9860515,26.053965233333333,0.1057942269614906,25.479251216666665
2020-11-25 18:30:00,7.351243,1010.09875,0.99554425,25.0411396,0.296294302,Nivar,Phase 2,2,25.2587185,18,25,330,-1.0,-1.84e-16,25.6365089,25.9580364,26.1674328,0.292390883,0.292666733,0.29669854,7.3374248,7.3265595,7.296284,1010.58813,1010.5982,1010.074,0.894214,0.8778305,0.9201222,25.920659366666666,0.2674281751486491,25.752300883333334
2020-11-25 19:30:00,7.3280406,1009.6394,1.1449941,25.2587185,0.293019921,Nivar,Phase 2,2,25.7950935,19,25,330,-0.965925826,0.2588190451025203,25.0411396,25.6365089,25.9580364,0.296294302,0.292390883,0.292666733,7.351243,7.3374248,7.3265595,1010.09875,1010.58813,1010.5982,0.99554425,0.894214,0.8778305,25.545228299999994,0.4652139791695375,25.745370216666668
2020-11-25 20:30:00,7.3461733,1008.9115,1.3293139,25.7950935,0.283065379,Nivar,Phase 2,2,25.7280617,20,25,330,-0.866025404,0.5000000000000001,25.2587185,25.0411396,25.6365089,0.293019921,0.296294302,0.292390883,7.3280406,7.351243,7.3374248,1009.6394,1010.09875,1010.58813,1.1449941,0.99554425,0.894214,25.31212233333333,0.3012559176291208,25.68304378333333
2020-11-25 21:30:00,7.379809,1008.2366,1.3916793,25.7280617,0.27868861,Nivar,Phase 2,2,25.708456,21,25,330,-0.707106781,0.7071067811865474,25.7950935,25.2587185,25.0411396,0.283065379,0.293019921,0.296294302,7.3461733,7.3280406,7.351243,1008.9115,1009.6394,1010.09875,1.3293139,1.1449941,0.99554425,25.364983866666662,0.3880475060425278,25.64282161666667
2020-11-25 22:30:00,6.7817173,1008.1979,1.4051932,25.708456,0.270181179,Nivar,Phase 2,2,25.9535522,22,25,330,-0.5,0.8660254037844384,25.7280617,25.7950935,25.2587185,0.27868861,0.283065379,0.293019921,7.379809,7.3461733,7.3280406,1008.2366,1008.9115,1009.6394,1.3916793,1.3293139,1.1449941,25.5939579,0.2922540111564048,25.5695931
2020-11-25 23:30:00,6.8205824,1008.22925,1.4631686,25.9535522,0.258484006,Nivar,Phase 2,2,26.1963024,23,25,330,-0.258819045,0.965925826289068,25.708456,25.7280617,25.7950935,0.270181179,0.27868861,0.283065379,6.7817173,7.379809,7.3461733,1008.1979,1008.2366,1008.9115,1.4051932,1.3916793,1.3293139,25.743870399999995,0.04543072,25.527996366666667
2020-11-26 00:30:00,6.8395658,1008.55347,1.4308057,26.1963024,0.250880867,Nivar,Phase 2,2,26.4058609,0,26,331,0.0,1.0,25.9535522,25.708456,25.7280617,0.258484006,0.270181179,0.27868861,6.8205824,6.7817173,7.379809,1008.22925,1008.1979,1008.2366,1.4631686,1.4051932,1.3916793,25.796689966666666,0.1361999120880641,25.58083691666667
2020-11-26 01:30:00,6.878439,1009.2766,1.4245389,26.4058609,0.24083823,Nivar,Phase 2,2,27.2270756,1,26,331,0.2588190451025207,0.9659258262890684,26.1963024,25.9535522,25.708456,0.250880867,0.258484006,0.270181179,6.8395658,6.8205824,6.7817173,1008.55347,1008.22925,1008.1979,1.4308057,1.4631686,1.4051932,25.9527702,0.2439241401361847,25.77336405
2020-11-26 02:30:00,6.9128757,1009.9871,1.3883481,27.2270756,0.22858128,Nivar,Phase 2,2,26.5314522,2,26,331,0.4999999999999999,0.8660254037844387,26.4058609,26.1963024,25.9535522,0.24083823,0.250880867,0.258484006,6.878439,6.8395658,6.8205824,1009.2766,1008.55347,1008.22925,1.4245389,1.4308057,1.4631686,26.1852385,0.2263572341151767,25.964554450000005
2020-11-26 03:30:00,7.016642,1010.9529,1.3672788,26.5314522,0.219322458,Nivar,Phase 2,2,24.5359325,3,26,331,0.7071067811865475,0.7071067811865476,27.2270756,26.4058609,26.1963024,0.22858128,0.24083823,0.250880867,6.9128757,6.878439,6.8395658,1009.9871,1009.2766,1008.55347,1.3883481,1.4245389,1.4308057,26.6097463,0.5447938047641334,26.203218133333337
2020-11-26 04:30:00,7.085729,1011.3766,1.3881588,24.5359325,0.21197772,Nivar,Phase 2,2,22.815958,4,26,331,0.8660254037844386,0.5000000000000001,26.5314522,27.2270756,26.4058609,0.219322458,0.22858128,0.24083823,7.016642,6.9128757,6.878439,1010.9529,1009.9871,1009.2766,1.3672788,1.3883481,1.4245389,26.721462899999995,0.4423533038871111,26.33711655
2020-11-26 05:30:00,7.0124254,1011.0237,1.4372642,22.815958,0.205840528,Nivar,Phase 2,2,24.0589771,5,26,331,0.9659258262890684,0.2588190451025207,24.5359325,26.5314522,27.2270756,0.21197772,0.219322458,0.22858128,7.085729,7.016642,6.9128757,1011.3766,1010.9529,1009.9871,1.3881588,1.3672788,1.3883481,26.098153433333334,1.396915767705942,26.14169596666667
2020-11-26 06:30:00,6.9402366,1010.6103,1.4377841,24.0589771,0.237996072,Nivar,Phase 2,2,23.0314159,6,26,331,1.0,6.123233995736766e-17,22.815958,24.5359325,26.5314522,0.205840528,0.21197772,0.219322458,7.0124254,7.085729,7.016642,1011.0237,1011.3766,1010.9529,1.4372642,1.3881588,1.3672788,24.627780899999998,1.8594492152234856,25.6187636
2020-11-26 07:30:00,6.8387437,1009.82275,1.3705324,23.0314159,0.233953357,Nivar,Phase 2,2,22.3777504,7,26,331,0.9659258262890684,-0.258819045,24.0589771,22.815958,24.5359325,0.237996072,0.205840528,0.21197772,6.9402366,7.0124254,7.085729,1010.6103,1011.0237,1011.3766,1.4377841,1.4372642,1.3881588,23.80362253333333,0.8879653913304194,25.26254271666667
2020-11-26 08:30:00,6.735817,1008.9305,1.3653353,22.3777504,0.228127211,Nivar,Phase 2,2,22.9832573,8,26,331,0.8660254037844387,-0.5,23.0314159,24.0589771,22.815958,0.233953357,0.237996072,0.205840528,6.8387437,6.9402366,7.0124254,1009.82275,1010.6103,1011.0237,1.3705324,1.4377841,1.4372642,23.302117,0.6642540439447628,24.700135216666663
2020-11-26 09:30:00,6.551884,1008.3816,1.3252993,22.9832573,0.245426953,Nivar,Phase 2,2,23.4254093,9,26,331,0.7071067811865476,-0.707106781,22.3777504,23.0314159,24.0589771,0.228127211,0.233953357,0.237996072,6.735817,6.8387437,6.9402366,1008.9305,1009.82275,1010.6103,1.3653353,1.3705324,1.4377841,23.1560478,0.8475143875305503,23.89191435
2020-11-26 10:30:00,5.6688585,1007.97766,1.2931129,23.4254093,0.238948494,Nivar,Phase 2,2,23.8801899,10,26,331,0.4999999999999999,-0.866025404,22.9832573,22.3777504,23.0314159,0.245426953,0.228127211,0.233953357,6.551884,6.735817,6.8387437,1008.3816,1008.9305,1009.82275,1.3252993,1.3653353,1.3705324,22.79747453333333,0.3642884485749453,23.30054853333333
2020-11-26 11:30:00,5.528125,1008.68286,1.2042904,23.8801899,0.230006278,Nivar,Phase 2,2,23.8793583,11,26,331,0.258819045,-0.965925826,23.4254093,22.9832573,22.3777504,0.238948494,0.245426953,0.228127211,5.6688585,6.551884,6.735817,1007.97766,1008.3816,1008.9305,1.2931129,1.3252993,1.3653353,22.928805666666666,0.5259477426195929,23.11546133333333
2020-11-26 12:30:00,5.37277,1009.2414,1.1651192,23.8793583,0.226074979,Nivar,Phase 3,3,24.0045662,12,26,331,1.2246467991473532e-16,-1.0,23.8801899,23.4254093,22.9832573,0.230006278,0.238948494,0.245426953,5.528125,5.6688585,6.551884,1008.68286,1007.97766,1008.3816,1.2042904,1.2931129,1.3252993,23.429618833333333,0.4484811170648317,23.292833316666663
2020-11-26 13:30:00,5.384636,1010.03217,1.059495,24.0045662,0.222280487,Nivar,Phase 3,3,24.3926487,13,26,331,-0.258819045,-0.965925826,23.8793583,23.8801899,23.4254093,0.226074979,0.230006278,0.238948494,5.37277,5.528125,5.6688585,1009.2414,1008.68286,1007.97766,1.1651192,1.2042904,1.2931129,23.728319166666665,0.2623279691198223,23.26289685
2020-11-26 14:30:00,5.4052997,1010.99274,0.9788561,24.3926487,0.217034206,Nivar,Phase 3,3,24.6122284,14,26,331,-0.5,-0.866025404,24.0045662,23.8793583,23.8801899,0.222280487,0.226074979,0.230006278,5.384636,5.37277,5.528125,1010.03217,1009.2414,1008.68286,1.059495,1.1651192,1.2042904,23.92137146666666,0.072049952,23.425088566666663
2020-11-26 15:30:00,5.4220533,1011.70447,0.9098154,24.6122284,0.216667816,Nivar,Phase 3,3,24.4657726,15,26,331,-0.707106781,-0.707106781,24.3926487,24.0045662,23.8793583,0.217034206,0.222280487,0.226074979,5.4052997,5.384636,5.37277,1010.99274,1010.03217,1009.2414,0.9788561,1.059495,1.1651192,24.09219106666666,0.2676291214100065,23.76090495
2020-11-26 16:30:00,5.4358687,1012.2731,0.83921206,24.4657726,0.212831244,Nivar,Phase 3,3,24.0333214,16,26,331,-0.866025404,-0.5,24.6122284,24.3926487,24.0045662,0.216667816,0.217034206,0.222280487,5.4220533,5.4052997,5.384636,1011.70447,1010.99274,1010.03217,0.9098154,0.9788561,1.059495,24.3364811,0.3077002385348875,24.032400133333336
2020-11-26 17:30:00,5.4060683,1012.12604,0.7386142,24.0333214,0.203449413,Nivar,Phase 3,3,23.3853073,17,26,331,-0.965925826,-0.258819045,24.4657726,24.6122284,24.3926487,0.212831244,0.216667816,0.217034206,5.4358687,5.4220533,5.4052997,1012.2731,1011.70447,1010.99274,0.83921206,0.9098154,0.9788561,24.490216566666664,0.1118120824988254,24.20579401666667
2020-11-26 18:30:00,5.3454757,1011.6525,0.6954935,23.3853073,0.19854936,Nivar,Phase 3,3,23.1196022,18,26,331,-1.0,-1.84e-16,24.0333214,24.4657726,24.6122284,0.203449413,0.212831244,0.216667816,5.4060683,5.4358687,5.4220533,1012.12604,1012.2731,1011.70447,0.7386142,0.83921206,0.9098154,24.3704408,0.3009974131626016,24.23131593333333
2020-11-26 19:30:00,5.298255,1011.285,0.838088,23.1196022,0.190622032,Nivar,Phase 3,3,22.9723778,19,26,331,-0.965925826,0.2588190451025203,23.3853073,24.0333214,24.4657726,0.19854936,0.203449413,0.212831244,5.3454757,5.4060683,5.4358687,1011.6525,1012.12604,1012.2731,0.6954935,0.7386142,0.83921206,23.9614671,0.5438047411040797,24.1489741
2020-11-26 20:30:00,5.229161,1010.67084,0.74497867,22.9723778,0.181446463,Nivar,Phase 3,3,22.5824528,20,26,331,-0.866025404,0.5000000000000001,23.1196022,23.3853073,24.0333214,0.190622032,0.19854936,0.203449413,5.298255,5.3454757,5.4060683,1011.285,1011.6525,1012.12604,0.838088,0.6954935,0.7386142,23.512743633333333,0.4700007536186664,24.0014801
2020-11-26 21:30:00,5.195714,1010.1359,0.6583455,22.5824528,0.177331313,Nivar,Phase 3,3,22.1169262,21,26,331,-0.707106781,0.7071067811865474,22.9723778,23.1196022,23.3853073,0.181446463,0.190622032,0.19854936,5.229161,5.298255,5.3454757,1010.67084,1011.285,1011.6525,0.74497867,0.838088,0.6954935,23.159095766666663,0.2092785209916772,23.764768283333336
2020-11-26 22:30:00,4.7715964,1010.01935,0.60274416,22.1169262,0.172331959,Nivar,Phase 3,3,21.9346218,22,26,331,-0.5,0.8660254037844384,22.5824528,22.9723778,23.1196022,0.177331313,0.181446463,0.190622032,5.195714,5.229161,5.298255,1010.1359,1010.67084,1011.285,0.6583455,0.74497867,0.838088,22.8914776,0.2775626078022242,23.42647235
2020-11-26 23:30:00,4.793647,1010.3515,0.5440124,21.9346218,0.166681632,Nivar,Phase 3,3,22.4734516,23,26,331,-0.258819045,0.965925826289068,22.1169262,22.5824528,22.9723778,0.172331959,0.177331313,0.181446463,4.7715964,5.195714,5.229161,1010.01935,1010.1359,1010.67084,0.60274416,0.6583455,0.74497867,22.557252266666666,0.4282822202072965,23.03499795
2020-11-27 00:30:00,4.8295684,1010.7275,0.5127876,22.4734516,0.165355861,Nivar,Phase 3,3,22.9241524,0,27,332,0.0,1.0,21.9346218,22.1169262,22.5824528,0.166681632,0.172331959,0.177331313,4.793647,4.7715964,5.195714,1010.3515,1010.01935,1010.1359,0.5440124,0.60274416,0.6583455,22.2113336,0.3340745710483609,22.68521468333333
2020-11-27 01:30:00,4.8047376,1011.3061,0.47639456,22.9241524,0.164807856,Nivar,Phase 3,3,23.5224628,1,27,332,0.2588190451025207,0.9659258262890684,22.4734516,21.9346218,22.1169262,0.165355861,0.166681632,0.172331959,4.8295684,4.793647,4.7715964,1010.7275,1010.3515,1010.01935,0.5127876,0.5440124,0.60274416,22.174999866666663,0.2740689719977787,22.53323873333333
2020-11-27 02:30:00,4.8072314,1012.1117,0.43147758,23.5224628,0.162703425,Nivar,Phase 3,3,22.6486111,2,27,332,0.4999999999999999,0.8660254037844387,22.9241524,22.4734516,21.9346218,0.164807856,0.165355861,0.166681632,4.8047376,4.8295684,4.793647,1011.3061,1010.7275,1010.3515,0.47639456,0.5127876,0.5440124,22.44407526666667,0.49541894271819,22.500663766666666
2020-11-27 03:30:00,4.8022795,1013.0065,0.3791679,22.6486111,0.16161418,Nivar,Phase 3,3,20.7861404,3,27,332,0.7071067811865475,0.7071067811865476,23.5224628,22.9241524,22.4734516,0.162703425,0.164807856,0.165355861,4.8072314,4.8047376,4.8295684,1012.1117,1011.3061,1010.7275,0.43147758,0.47639456,0.5127876,22.9733556,0.5262336368941971,22.5923446
2020-11-27 04:30:00,4.8070045,1013.37213,0.38483208,20.7861404,0.161627099,Nivar,Phase 3,3,19.3047714,4,27,332,0.8660254037844386,0.5000000000000001,22.6486111,23.5224628,22.9241524,0.16161418,0.162703425,0.164807856,4.8022795,4.8072314,4.8047376,1013.0065,1012.1117,1011.3061,0.3791679,0.43147758,0.47639456,23.0317421,0.4467503285478888,22.60337098333333
2020-11-27 05:30:00,4.7356873,1013.01385,0.3670584,19.3047714,0.161365807,Nivar,Phase 3,3,20.8402309,5,27,332,0.9659258262890684,0.2588190451025207,20.7861404,22.6486111,23.5224628,0.161627099,0.16161418,0.162703425,4.8070045,4.8022795,4.8072314,1013.37213,1013.0065,1012.1117,0.38483208,0.3791679,0.43147758,22.31907143333333,1.397609517395813,22.38157335
2020-11-27 06:30:00,4.6762557,1012.5581,0.3796356,20.8402309,0.191511288,Nivar,Phase 3,3,20.6600952,6,27,332,1.0,6.123233995736766e-17,19.3047714,20.7861404,22.6486111,0.161365807,0.161627099,0.16161418,4.7356873,4.8070045,4.8022795,1013.01385,1013.37213,1013.0065,0.3670584,0.38483208,0.3791679,20.9131743,1.675535494591424,21.94326495
2020-11-27 07:30:00,4.5644603,1011.69775,0.35322475,20.6600952,0.187687188,Nivar,Phase 3,3,20.8940887,7,27,332,0.9659258262890684,-0.258819045,20.8402309,19.3047714,20.7861404,0.191511288,0.161365807,0.161627099,4.6762557,4.7356873,4.8070045,1012.5581,1013.01385,1013.37213,0.3796356,0.3670584,0.38483208,20.3103809,0.8713032166903965,21.671061500000004
2020-11-27 08:30:00,4.4351015,1010.9373,0.35990486,20.8940887,0.182822391,Nivar,Phase 3,3,23.3379841,8,27,332,0.8660254037844387,-0.5,20.6600952,20.8402309,19.3047714,0.187687188,0.191511288,0.161365807,4.5644603,4.6762557,4.7356873,1011.69775,1012.5581,1013.01385,0.35322475,0.3796356,0.3670584,20.26836583333333,0.8393437267095314,21.29371863333333
2020-11-27 09:30:00,4.267986,1010.18274,0.4090496,23.3379841,0.196704194,Nivar,Phase 3,3,23.7133293,9,27,332,0.7071067811865476,-0.707106781,20.8940887,20.6600952,20.8402309,0.182822391,0.187687188,0.191511288,4.4351015,4.5644603,4.6762557,1010.9373,1011.69775,1012.5581,0.35990486,0.35322475,0.3796356,20.798138266666665,0.1225442036412218,20.85565628333333
2020-11-27 10:30:00,3.9941812,1009.6563,0.42517406,23.7133293,0.194878519,Nivar,Phase 3,3,24.2558422,10,27,332,0.4999999999999999,-0.866025404,23.3379841,20.8940887,20.6600952,0.196704194,0.182822391,0.187687188,4.267986,4.4351015,4.5644603,1010.18274,1010.9373,1011.69775,0.4090496,0.35990486,0.35322475,21.630722666666667,1.4831535459354617,20.97055178333333
2020-11-27 11:30:00,3.8238382,1010.2297,0.41707313,24.2558422,0.19205308,Nivar,Phase 3,3,24.3512325,11,27,332,0.258819045,-0.965925826,23.7133293,23.3379841,20.8940887,0.194878519,0.196704194,0.182822391,3.9941812,4.267986,4.4351015,1009.6563,1010.18274,1010.9373,0.42517406,0.4090496,0.35990486,22.648467366666665,1.5308835306227488,21.458416600000003
2020-11-27 12:30:00,3.6946793,1010.94214,0.4203321,24.3512325,0.19172807,Nivar,Phase 3,3,25.1358814,12,27,332,1.2246467991473532e-16,-1.0,24.2558422,23.7133293,23.3379841,0.19205308,0.194878519,0.196704194,3.8238382,3.9941812,4.267986,1010.2297,1009.6563,1010.18274,0.41707313,0.42517406,0.4090496,23.76905186666666,0.4614592357519527,22.283595066666667
2020-11-27 13:30:00,3.6337595,1011.9316,0.4004219,25.1358814,0.188256562,Nivar,Phase 3,3,25.5426826,13,27,332,-0.258819045,-0.965925826,24.3512325,24.2558422,23.7133293,0.19172807,0.19205308,0.194878519,3.6946793,3.8238382,3.9941812,1010.94214,1010.2297,1009.6563,0.4203321,0.41707313,0.42517406,24.106801333333333,0.3440784911834394,22.868762
2020-11-27 14:30:00,3.5919762,1013.00635,0.40120143,25.5426826,0.182529882,Nivar,Phase 3,3,25.7332649,14,27,332,-0.5,-0.866025404,25.1358814,24.3512325,24.2558422,0.188256562,0.19172807,0.19205308,3.6337595,3.6946793,3.8238382,1011.9316,1010.94214,1010.2297,0.4004219,0.4203321,0.41707313,24.580985366666663,0.4829151407755819,23.61472636666667
2020-11-27 15:30:00,3.5699804,1013.7218,0.41201466,25.7332649,0.180695698,Nivar,Phase 3,3,25.718462,15,27,332,-0.707106781,-0.707106781,25.5426826,25.1358814,24.3512325,0.182529882,0.188256562,0.19172807,3.5919762,3.6337595,3.6946793,1013.00635,1011.9316,1010.94214,0.40120143,0.4004219,0.4203321,25.009932166666665,0.6056283862488986,24.38949201666667
2020-11-27 16:30:00,3.5284498,1014.39795,0.4113027,25.718462,0.174990252,Nivar,Phase 3,3,25.1964321,16,27,332,-0.866025404,-0.5,25.7332649,25.5426826,25.1358814,0.180695698,0.182529882,0.188256562,3.5699804,3.5919762,3.6337595,1013.7218,1013.00635,1011.9316,0.41201466,0.40120143,0.4004219,25.47060963333333,0.3051436479941704,24.78870548333333
2020-11-27 17:30:00,3.4969294,1014.3071,0.38175073,25.1964321,0.167362779,Nivar,Phase 3,3,25.1544418,17,27,332,-0.965925826,-0.258819045,25.718462,25.7332649,25.5426826,0.174990252,0.180695698,0.182529882,3.5284498,3.5699804,3.5919762,1014.39795,1013.7218,1013.00635,0.4113027,0.41201466,0.40120143,25.664803166666665,0.1060181874226331,25.122894266666663
2020-11-27 18:30:00,3.4293525,1014.0275,0.3329961,25.1544418,0.166294917,Nivar,Phase 3,3,24.999567,18,27,332,-1.0,-1.84e-16,25.1964321,25.718462,25.7332649,0.167362779,0.174990252,0.180695698,3.4969294,3.5284498,3.5699804,1014.3071,1014.39795,1013.7218,0.38175073,0.4113027,0.41201466,25.54938633333333,0.3057569289207912,25.27965925
2020-11-27 19:30:00,3.3535223,1013.52795,0.25041997,24.999567,0.160747945,Nivar,Phase 3,3,24.8412018,19,27,332,-0.965925826,0.2588190451025203,25.1544418,25.1964321,25.718462,0.166294917,0.167362779,0.174990252,3.4293525,3.4969294,3.5284498,1014.0275,1014.3071,1014.39795,0.3329961,0.38175073,0.4113027,25.3564453,0.3142178617340336,25.413527466666665
2020-11-27 20:30:00,3.2552614,1013.10565,0.22339146,24.8412018,0.153330967,Nivar,Phase 3,3,24.4787998,20,27,332,-0.866025404,0.5000000000000001,24.999567,25.1544418,25.1964321,0.160747945,0.166294917,0.167362779,3.3535223,3.4293525,3.4969294,1013.52795,1014.0275,1014.3071,0.25041997,0.3329961,0.38175073,25.116813633333333,0.1036864315835371,25.3908084
2020-11-27 21:30:00,3.2017982,1012.5321,0.21596134,24.4787998,0.152578369,Nivar,Phase 3,3,23.6208954,21,27,332,-0.707106781,0.7071067811865474,24.8412018,24.999567,25.1544418,0.153330967,0.160747945,0.166294917,3.2552614,3.3535223,3.4293525,1013.10565,1013.52795,1014.0275,0.22339146,0.25041997,0.3329961,24.99840353333333,0.1566232410627812,25.27389493333333
2020-11-27 22:30:00,3.054357,1011.8063,0.20380561,23.6208954,0.14857243,Nivar,Phase 3,3,23.5439339,22,27,332,-0.5,0.8660254037844384,24.4787998,24.8412018,24.999567,0.152578369,0.153330967,0.160747945,3.2017982,3.2552614,3.3535223,1012.5321,1013.10565,1013.52795,0.21596134,0.22339146,0.25041997,24.773189533333333,0.2669623015742022,25.064817416666667
2021-05-13 06:00:00,3.2562072,1006.432,0.31901282,25.5962563,0.321319312,Tauktae,Phase 1,1,25.4246807,6,13,133,1.0,6.123233995736766e-17,24.5324993,24.7275047,25.0994911,0.311534047,0.312731624,0.313897282,3.2978797,3.385828,3.5367208,1006.6486,1006.5229,1006.33826,0.27292544,0.2501026,0.24032393,24.786498366666667,0.2880626925634411,25.57461578333333
2021-05-13 07:00:00,3.2459033,1005.7619,0.5097488,25.4246807,0.321358889,Tauktae,Phase 1,1,25.3457279,7,13,133,0.9659258262890684,-0.258819045,25.5962563,24.5324993,24.7275047,0.321319312,0.311534047,0.312731624,3.2562072,3.2978797,3.385828,1006.432,1006.6486,1006.5229,0.31901282,0.27292544,0.2501026,24.952086766666667,0.5663237300903584,25.335813833333333
2021-05-13 08:00:00,3.2847826,1004.9203,0.5221025,25.3457279,0.321460903,Tauktae,Phase 1,1,27.6642914,8,13,133,0.8660254037844387,-0.5,25.4246807,25.5962563,24.5324993,0.321358889,0.321319312,0.311534047,3.2459033,3.2562072,3.2978797,1005.7619,1006.432,1006.6486,0.5097488,0.31901282,0.27292544,25.18447876666667,0.5711107294956506,25.166037233333338
2021-05-13 09:00:00,3.3056855,1004.0198,0.5707653,27.6642914,0.353806674,Tauktae,Phase 1,1,27.5364628,9,13,133,0.7071067811865476,-0.707106781,25.3457279,25.4246807,25.5962563,0.321460903,0.321358889,0.321319312,3.2847826,3.2459033,3.2562072,1004.9203,1005.7619,1006.432,0.5221025,0.5097488,0.31901282,25.455554966666668,0.1280860455252278,25.121026666666666
2021-05-13 10:00:00,3.4717433,1003.31525,0.60284436,27.5364628,0.353576303,Tauktae,Phase 1,1,27.6099243,10,13,133,0.4999999999999999,-0.866025404,27.6642914,25.3457279,25.4246807,0.353806674,0.321460903,0.321358889,3.3056855,3.2847826,3.2459033,1004.0198,1004.9203,1005.7619,0.5707653,0.5221025,0.5097488,26.1449,1.3164235853069557,25.548493383333334
2021-05-13 11:00:00,3.430983,1002.78076,0.61207676,27.6099243,0.353543252,Tauktae,Phase 1,1,27.9376774,11,13,133,0.258819045,-0.965925826,27.5364628,27.6642914,25.3457279,0.353576303,0.353806674,0.321460903,3.4717433,3.3056855,3.2847826,1003.31525,1004.0198,1004.9203,0.60284436,0.5707653,0.5221025,26.848827366666665,1.3032904675338823,26.016653066666667
2021-05-13 12:00:00,3.369336,1002.835,0.60473055,27.9376774,0.355374396,Tauktae,Phase 1,1,28.7745457,12,13,133,1.2246467991473532e-16,-1.0,27.6099243,27.5364628,27.6642914,0.353543252,0.353576303,0.353806674,3.430983,3.4717433,3.3056855,1002.78076,1003.31525,1004.0198,0.61207676,0.60284436,0.5707653,27.6035595,0.064151545,26.52955723333333
2021-05-13 13:00:00,3.1292713,1003.171,0.58473295,28.7745457,0.358143061,Tauktae,Phase 1,1,29.7539635,13,13,133,-0.258819045,-0.965925826,27.9376774,27.6099243,27.5364628,0.355374396,0.353543252,0.353576303,3.369336,3.430983,3.4717433,1002.835,1002.78076,1003.31525,0.60473055,0.61207676,0.60284436,27.694688166666666,0.2136164170481276,26.919794083333333
2021-05-13 14:00:00,2.9801881,1003.6319,0.5928671,29.7539635,0.358650118,Tauktae,Phase 1,1,30.4126816,14,13,133,-0.5,-0.866025404,28.7745457,27.9376774,27.6099243,0.358143061,0.355374396,0.353543252,3.1292713,3.369336,3.430983,1003.171,1002.835,1002.78076,0.58473295,0.60473055,0.61207676,28.107382466666667,0.6005710687118686,27.478104916666663
2021-05-13 15:00:00,2.899374,1004.2304,0.5799053,30.4126816,0.359367579,Tauktae,Phase 1,1,30.6007805,15,13,133,-0.707106781,-0.707106781,29.7539635,28.7745457,27.9376774,0.358650118,0.358143061,0.355374396,2.9801881,3.1292713,3.369336,1003.6319,1003.171,1002.835,0.5928671,0.58473295,0.60473055,28.8220622,0.9090748938302348,28.21281085
2021-05-13 16:00:00,2.8640974,1004.72076,0.5565385,30.6007805,0.358825892,Tauktae,Phase 1,1,30.5118141,16,13,133,-0.866025404,-0.5,30.4126816,29.7539635,28.7745457,0.359367579,0.358650118,0.358143061,2.899374,2.9801881,3.1292713,1004.2304,1003.6319,1003.171,0.5799053,0.5928671,0.58473295,29.6470636,0.8242833239743215,28.67087588333333
2021-05-13 17:00:00,2.8807416,1005.08716,0.56046003,30.5118141,0.359837025,Tauktae,Phase 1,1,30.3916054,17,13,133,-0.965925826,-0.258819045,30.6007805,30.4126816,29.7539635,0.358825892,0.359367579,0.358650118,2.8640974,2.899374,2.9801881,1004.72076,1004.2304,1003.6319,0.5565385,0.5799053,0.5928671,30.255808533333333,0.4446702454136533,29.1815955
2021-05-13 18:00:00,2.890607,1005.1814,0.5519003,30.3916054,0.360905021,Tauktae,Phase 1,1,30.2455978,18,13,133,-1.0,-1.84e-16,30.5118141,30.6007805,30.4126816,0.359837025,0.358825892,0.359367579,2.8807416,2.8640974,2.899374,1005.08716,1004.72076,1004.2304,0.56046003,0.5565385,0.5799053,30.508425400000004,0.094095226,29.6652438
2021-05-13 19:00:00,2.9390147,1004.7545,0.7576116,30.2455978,0.362683594,Tauktae,Phase 1,1,30.0507793,19,13,133,-0.965925826,0.2588190451025203,30.3916054,30.5118141,30.6007805,0.360905021,0.359837025,0.358825892,2.890607,2.8807416,2.8640974,1005.1814,1005.08716,1004.72076,0.5519003,0.56046003,0.5565385,30.5014,0.1049756911100904,30.0742318
2021-05-13 20:00:00,2.998045,1004.2106,0.7871744,30.0507793,0.362585425,Tauktae,Phase 1,1,29.8562603,20,13,133,-0.866025404,0.5000000000000001,30.2455978,30.3916054,30.5118141,0.362683594,0.360905021,0.359837025,2.9390147,2.890607,2.8807416,1004.7545,1005.1814,1005.08716,0.7576116,0.5519003,0.56046003,30.383005766666667,0.1333163338321965,30.319407150000004
2021-05-13 21:00:00,3.0670686,1003.7118,0.7917614,29.8562603,0.36395973,Tauktae,Phase 1,1,29.7441483,21,13,133,-0.707106781,0.7071067811865474,30.0507793,30.2455978,30.3916054,0.362585425,0.362683594,0.360905021,2.998045,2.9390147,2.890607,1004.2106,1004.7545,1005.1814,0.7871744,0.7576116,0.5519003,30.2293275,0.1709945894079936,30.36887645
2021-05-13 22:00:00,3.08459,1003.4183,0.7621194,29.7441483,0.365847826,Tauktae,Phase 1,1,29.742527,22,13,133,-0.5,0.8660254037844384,29.8562603,30.0507793,30.2455978,0.36395973,0.362585425,0.362683594,3.0670686,2.998045,2.9390147,1003.7118,1004.2106,1004.7545,0.7917614,0.7871744,0.7576116,30.05087913333333,0.1946687691991854,30.276139566666668
2021-05-13 23:00:00,3.0111544,1003.3259,0.7430861,29.742527,0.368055552,Tauktae,Phase 1,1,29.7791443,23,13,133,-0.258819045,0.965925826289068,29.7441483,29.8562603,30.0507793,0.365847826,0.36395973,0.362585425,3.08459,3.0670686,2.998045,1003.4183,1003.7118,1004.2106,0.7621194,0.7917614,0.7871744,29.8837293,0.1551500951045338,30.13336753333333
2021-05-14 00:00:00,2.9026663,1003.5054,0.7401342,29.7791443,0.369057417,Tauktae,Phase 1,1,29.0273781,0,14,134,0.0,1.0,29.742527,29.7441483,29.8562603,0.368055552,0.365847826,0.36395973,3.0111544,3.08459,3.0670686,1003.3259,1003.4183,1003.7118,0.7430861,0.7621194,0.7917614,29.780978533333336,0.065200962,30.005153016666668
2021-05-14 01:00:00,2.7744434,1003.80853,0.7534311,29.0273781,0.369814277,Tauktae,Phase 1,1,27.230135,1,14,134,0.2588190451025207,0.9659258262890684,29.7791443,29.742527,29.7441483,0.369057417,0.368055552,0.365847826,2.9026663,3.0111544,3.08459,1003.5054,1003.3259,1003.4183,0.7401342,0.7430861,0.7621194,29.755273199999998,0.020688867,29.903076166666665
2021-05-14 02:00:00,2.7902644,1004.5002,0.7455868,27.230135,0.367252439,Tauktae,Phase 1,1,26.4915142,2,14,134,0.4999999999999999,0.8660254037844387,29.0273781,29.7791443,29.742527,0.369814277,0.369057417,0.368055552,2.7744434,2.9026663,3.0111544,1003.80853,1003.5054,1003.3259,0.7534311,0.7401342,0.7430861,29.5163498,0.4238575223060718,29.70003955
2021-05-14 03:00:00,2.7813594,1005.1207,0.7378622,26.4915142,0.367267132,Tauktae,Phase 1,1,26.4653873,3,14,134,0.7071067811865475,0.7071067811865476,27.230135,29.0273781,29.7791443,0.367252439,0.369814277,0.369057417,2.7902644,2.7744434,2.9026663,1004.5002,1003.80853,1003.5054,0.7455868,0.7534311,0.7401342,28.6788858,1.3097508409010663,29.229932166666668
2021-05-14 04:00:00,2.7358396,1005.33905,0.7582874,26.4653873,0.368855596,Tauktae,Phase 1,1,26.5575047,4,14,134,0.8660254037844386,0.5000000000000001,26.4915142,27.230135,29.0273781,0.367267132,0.367252439,0.369814277,2.7813594,2.7902644,2.7744434,1005.1207,1004.5002,1003.80853,0.7378622,0.7455868,0.7534311,27.5830091,1.3042398275121354,28.66914115
2021-05-14 05:00:00,2.7518628,1005.2274,0.769897,26.5575047,0.370340466,Tauktae,Phase 1,1,24.3594627,5,14,134,0.9659258262890684,0.2588190451025207,26.4653873,26.4915142,27.230135,0.368855596,0.367267132,0.367252439,2.7358396,2.7813594,2.7902644,1005.33905,1005.1207,1004.5002,0.7582874,0.7378622,0.7455868,26.729012166666667,0.4341816719898612,28.12268098333333
2021-05-14 06:00:00,2.895943,1004.90424,0.77745736,24.3594627,0.361994594,Tauktae,Phase 1,1,24.3755913,6,14,134,1.0,6.123233995736766e-17,26.5575047,26.4653873,26.4915142,0.370340466,0.368855596,0.367267132,2.7518628,2.7358396,2.7813594,1005.2274,1005.33905,1005.1207,0.769897,0.7582874,0.7378622,26.504802066666667,0.047474513,27.591843933333333
2021-05-14 07:00:00,3.169263,1004.25665,0.8862581,24.3755913,0.366096914,Tauktae,Phase 1,1,24.2843876,7,14,134,0.9659258262890684,-0.258819045,24.3594627,26.5575047,26.4653873,0.361994594,0.370340466,0.368855596,2.895943,2.7518628,2.7358396,1004.90424,1005.2274,1005.33905,0.77745736,0.769897,0.7582874,25.794118233333336,1.2433015637160003,26.688563666666667
2021-05-14 08:00:00,3.4672587,1003.4432,0.8830687,24.2843876,0.371968001,Tauktae,Phase 1,1,25.8124332,8,14,134,0.8660254037844387,-0.5,24.3755913,24.3594627,26.5575047,0.366096914,0.361994594,0.370340466,3.169263,2.895943,2.7518628,1004.25665,1004.90424,1005.2274,0.8862581,0.77745736,0.769897,25.097519566666666,1.2644099315887491,25.913265866666663
2021-05-14 09:00:00,3.770016,1002.7464,0.8792935,25.8124332,0.387350827,Tauktae,Phase 1,1,25.3098793,9,14,134,0.7071067811865476,-0.707106781,24.2843876,24.3755913,24.3594627,0.371968001,0.366096914,0.361994594,3.4672587,3.169263,2.895943,1003.4432,1004.25665,1004.90424,0.8830687,0.8862581,0.77745736,24.339813866666663,0.04867326,25.422307966666665
2021-05-14 10:00:00,3.8348467,1002.2363,0.86927,25.3098793,0.395441741,Tauktae,Phase 1,1,24.9075603,10,14,134,0.4999999999999999,-0.866025404,25.8124332,24.2843876,24.3755913,0.387350827,0.371968001,0.366096914,3.770016,3.4672587,3.169263,1002.7464,1003.4432,1004.25665,0.8792935,0.8830687,0.8862581,24.824137366666665,0.8571032722848885,25.3091278
2021-05-14 11:00:00,3.9989152,1001.7333,0.86995757,24.9075603,0.404195815,Tauktae,Phase 1,1,24.8587551,11,14,134,0.258819045,-0.965925826,25.3098793,25.8124332,24.2843876,0.395441741,0.387350827,0.371968001,3.8348467,3.770016,3.4672587,1002.2363,1002.7464,1003.4432,0.86927,0.8792935,0.8830687,25.1355667,0.778793619,25.116543133333334
2021-05-14 12:00:00,4.1067657,1001.8169,0.86307234,24.8587551,0.412012339,Tauktae,Phase 1,1,25.6049576,12,14,134,1.2246467991473532e-16,-1.0,24.9075603,25.3098793,25.8124332,0.404195815,0.395441741,0.387350827,3.9989152,3.8348467,3.770016,1001.7333,1002.2363,1002.7464,0.86995757,0.86927,0.8792935,25.34329093333333,0.4533607771081579,24.8415524
2021-05-14 13:00:00,4.1399283,1002.07153,0.8520492,25.6049576,0.416442066,Tauktae,Phase 1,1,26.0438576,13,14,134,-0.258819045,-0.965925826,24.8587551,24.9075603,25.3098793,0.412012339,0.404195815,0.395441741,4.1067657,3.9989152,3.8348467,1001.8169,1001.7333,1002.2363,0.86307234,0.86995757,0.86927,25.02539823333333,0.2475734130629307,24.9247678
2021-05-14 14:00:00,4.171793,1002.48224,0.8548436,26.0438576,0.419917226,Tauktae,Phase 1,1,26.067297,14,14,134,-0.5,-0.866025404,25.6049576,24.8587551,24.9075603,0.416442066,0.412012339,0.404195815,4.1399283,4.1067657,3.9989152,1002.07153,1001.8169,1001.7333,0.8520492,0.86307234,0.86995757,25.123757666666663,0.4174452284632995,25.12966218333333
2021-05-14 15:00:00,4.1806693,1002.9929,0.84083205,26.067297,0.421104401,Tauktae,Phase 1,1,25.8731289,15,14,134,-0.707106781,-0.707106781,26.0438576,25.6049576,24.8587551,0.419917226,0.416442066,0.412012339,4.171793,4.1399283,4.1067657,1002.48224,1002.07153,1001.8169,0.8548436,0.8520492,0.86307234,25.502523433333334,0.5991548654163545,25.422907183333333
2021-05-14 16:00:00,4.175719,1003.37805,0.8126013,25.8731289,0.421075344,Tauktae,Phase 1,1,25.6977158,16,14,134,-0.866025404,-0.5,26.067297,26.0438576,25.6049576,0.421104401,0.419917226,0.416442066,4.1806693,4.171793,4.1399283,1002.9929,1002.48224,1002.07153,0.84083205,0.8548436,0.8520492,25.90537073333333,0.2604292406344841,25.46538448333333
2021-05-14 17:00:00,4.205024,1003.6364,0.78617674,25.6977158,0.423669845,Tauktae,Phase 1,1,25.6587009,17,14,134,-0.965925826,-0.258819045,25.8731289,26.067297,26.0438576,0.421075344,0.421104401,0.419917226,4.175719,4.1806693,4.171793,1003.37805,1002.9929,1002.48224,0.8126013,0.84083205,0.8548436,25.994761166666667,0.1059865915526203,25.559259416666663
2021-05-14 18:00:00,4.2444415,1003.6883,0.72983724,25.6587009,0.427299857,Tauktae,Phase 2,2,25.7650089,18,14,134,-1.0,-1.84e-16,25.6977158,25.8731289,26.067297,0.423669845,0.421075344,0.421104401,4.205024,4.175719,4.1806693,1003.6364,1003.37805,1002.9929,0.78617674,0.8126013,0.84083205,25.87938056666667,0.1848698957387183,25.690952
2021-05-14 19:00:00,4.3188457,1003.3334,0.81278443,25.7650089,0.431605726,Tauktae,Phase 2,2,25.9278564,19,14,134,-0.965925826,0.2588190451025203,25.6587009,25.6977158,25.8731289,0.427299857,0.423669845,0.421075344,4.2444415,4.205024,4.175719,1003.6883,1003.6364,1003.37805,0.72983724,0.78617674,0.8126013,25.74318186666667,0.1142156478316697,25.8242763
2021-05-14 20:00:00,4.378915,1002.9345,0.8205036,25.9278564,0.431068778,Tauktae,Phase 2,2,26.2291546,20,14,134,-0.866025404,0.5000000000000001,25.7650089,25.6587009,25.6977158,0.431605726,0.427299857,0.423669845,4.3188457,4.2444415,4.205024,1003.3334,1003.6883,1003.6364,0.81278443,0.72983724,0.78617674,25.70714186666667,0.0537771862931558,25.85095151666667
2021-05-14 21:00:00,4.4190207,1002.4801,0.79314774,26.2291546,0.432287633,Tauktae,Phase 2,2,26.4432869,21,14,134,-0.707106781,0.7071067811865474,25.9278564,25.7650089,25.6587009,0.431068778,0.431605726,0.427299857,4.378915,4.3188457,4.2444415,1002.9345,1003.3334,1003.6883,0.8205036,0.81278443,0.72983724,25.783855400000004,0.1355638731991438,25.83161798333333
2021-05-14 22:00:00,3.9100204,1002.1287,0.7747819,26.4432869,0.437489778,Tauktae,Phase 2,2,26.7721348,22,14,134,-0.5,0.8660254037844384,26.2291546,25.9278564,25.7650089,0.432287633,0.431068778,0.431605726,4.4190207,4.378915,4.3188457,1002.4801,1002.9345,1003.3334,0.79314774,0.8205036,0.81278443,25.97400663333333,0.2354892582150247,25.85859425
2021-05-14 23:00:00,3.9212375,1001.97766,0.78100306,26.7721348,0.437975347,Tauktae,Phase 2,2,26.9979439,23,14,134,-0.258819045,0.965925826289068,26.4432869,26.2291546,25.9278564,0.437489778,0.432287633,0.431068778,3.9100204,4.4190207,4.378915,1002.1287,1002.4801,1002.9345,0.7747819,0.79314774,0.8205036,26.2000993,0.2589407421131791,25.953620583333333
2021-05-15 00:00:00,3.9158475,1002.2989,0.75497484,26.9979439,0.438758284,Tauktae,Phase 2,2,26.6383286,0,15,135,0.0,1.0,26.7721348,26.4432869,26.2291546,0.437975347,0.437489778,0.432287633,3.9212375,3.9100204,4.4190207,1001.97766,1002.1287,1002.4801,0.78100306,0.7747819,0.79314774,26.48152543333333,0.2735023098103737,26.132690416666662
2021-05-15 01:00:00,3.8666224,1002.7569,0.72620934,26.6383286,0.43886131,Tauktae,Phase 2,2,25.2384148,1,15,135,0.2588190451025207,0.9659258262890684,26.9979439,26.7721348,26.4432869,0.438758284,0.437975347,0.437489778,3.9158475,3.9212375,3.9100204,1002.2989,1001.97766,1002.1287,0.75497484,0.78100306,0.7747819,26.737788533333333,0.2789190678990664,26.35589758333333
2021-05-15 02:00:00,3.7927654,1003.51984,0.713118,25.2384148,0.432991475,Tauktae,Phase 2,2,24.2423134,2,15,135,0.4999999999999999,0.8660254037844387,26.6383286,26.9979439,26.7721348,0.43886131,0.438758284,0.437975347,3.8666224,3.9158475,3.9212375,1002.7569,1002.2989,1001.97766,0.72620934,0.75497484,0.78100306,26.80280243333333,0.1817585453264923,26.501450866666666
2021-05-15 03:00:00,3.67977,1004.1347,0.6792489,24.2423134,0.431380242,Tauktae,Phase 2,2,24.2303638,3,15,135,0.7071067811865475,0.7071067811865476,25.2384148,26.6383286,26.9979439,0.432991475,0.43886131,0.438758284,3.7927654,3.8666224,3.9158475,1003.51984,1002.7569,1002.2989,0.713118,0.72620934,0.75497484,26.291562433333336,0.9296078443059798,26.38654393333333
2021-05-15 04:00:00,3.5517828,1004.4126,0.66090184,24.2303638,0.425582528,Tauktae,Phase 2,2,24.6505108,4,15,135,0.8660254037844386,0.5000000000000001,24.2423134,25.2384148,26.6383286,0.431380242,0.432991475,0.43886131,3.67977,3.7927654,3.8666224,1004.1347,1003.51984,1002.7569,0.6792489,0.713118,0.72620934,25.373018933333334,1.2036656156053398,26.055403733333332
2021-05-15 05:00:00,3.4402268,1004.34906,0.6338226,24.6505108,0.418071359,Tauktae,Phase 2,2,25.5772095,5,15,135,0.9659258262890684,0.2588190451025207,24.2303638,24.2423134,25.2384148,0.425582528,0.431380242,0.432991475,3.5517828,3.67977,3.7927654,1004.4126,1004.1347,1003.51984,0.66090184,0.6792489,0.713118,24.570364,0.5785798145204738,25.686583216666666
2021-05-15 06:00:00,3.3946862,1004.22205,0.6150191,25.5772095,0.406964988,Tauktae,Phase 2,2,25.3485413,6,15,135,1.0,6.123233995736766e-17,24.6505108,24.2303638,24.2423134,0.418071359,0.425582528,0.431380242,3.4402268,3.5517828,3.67977,1004.34906,1004.4126,1004.1347,0.6338226,0.66090184,0.6792489,24.374396,0.2391970637766053,25.33297921666667
2021-05-15 07:00:00,3.4431076,1003.6792,0.68044096,25.3485413,0.399794132,Tauktae,Phase 2,2,24.8614922,7,15,135,0.9659258262890684,-0.258819045,25.5772095,24.6505108,24.2303638,0.406964988,0.418071359,0.425582528,3.3946862,3.4402268,3.5517828,1004.22205,1004.34906,1004.4126,0.6150191,0.6338226,0.66090184,24.819361366666666,0.6891162603653169,25.09619015
2021-05-15 08:00:00,3.575162,1002.98,0.66292447,24.8614922,0.389702618,Tauktae,Phase 2,2,25.9964542,8,15,135,0.8660254037844387,-0.5,25.3485413,25.5772095,24.6505108,0.399794132,0.406964988,0.418071359,3.4431076,3.3946862,3.4402268,1003.6792,1004.22205,1004.34906,0.68044096,0.6150191,0.6338226,25.1920872,0.4827535957406578,24.881225600000004
2021-05-15 09:00:00,3.7716296,1002.2268,0.6454631,25.9964542,0.408757776,Tauktae,Phase 2,2,25.5306969,9,15,135,0.7071067811865476,-0.707106781,24.8614922,25.3485413,25.5772095,0.389702618,0.399794132,0.406964988,3.575162,3.4431076,3.3946862,1002.98,1003.6792,1004.22205,0.66292447,0.68044096,0.6150191,25.262414333333336,0.3655491816024549,24.818405166666665
2021-05-15 10:00:00,4.008091,1001.1346,0.61630756,25.5306969,0.404017568,Tauktae,Phase 2,2,25.2596779,10,15,135,0.4999999999999999,-0.866025404,25.9964542,24.8614922,25.3485413,0.408757776,0.389702618,0.399794132,3.7716296,3.575162,3.4431076,1002.2268,1002.98,1003.6792,0.6454631,0.66292447,0.68044096,25.402162566666664,0.5693778319711794,25.11076196666666
2021-05-15 11:00:00,4.1909504,1000.7099,0.6107407,25.2596779,0.402065247,Tauktae,Phase 2,2,25.2609653,11,15,135,0.258819045,-0.965925826,25.5306969,25.9964542,24.8614922,0.404017568,0.408757776,0.389702618,4.008091,3.7716296,3.575162,1001.1346,1002.2268,1002.98,0.61630756,0.6454631,0.66292447,25.4628811,0.5705119827034536,25.32748415
2021-05-15 12:00:00,4.2827854,1000.8694,0.5791413,25.2609653,0.399107397,Tauktae,Phase 2,2,25.5482197,12,15,135,1.2246467991473532e-16,-1.0,25.2596779,25.5306969,25.9964542,0.402065247,0.404017568,0.408757776,4.1909504,4.008091,3.7716296,1000.7099,1001.1346,1002.2268,0.6107407,0.61630756,0.6454631,25.595609666666665,0.3726527599759012,25.429012
2021-05-15 13:00:00,4.34675,1001.1092,0.5383075,25.5482197,0.395813793,Tauktae,Phase 2,2,25.7032299,13,15,135,-0.258819045,-0.965925826,25.2609653,25.2596779,25.5306969,0.399107397,0.402065247,0.404017568,4.2827854,4.1909504,4.008091,1000.8694,1000.7099,1001.1346,0.5791413,0.6107407,0.61630756,25.350446700000003,0.1561025794140506,25.376304633333334
2021-05-15 14:00:00,4.3573995,1001.6627,0.5356058,25.7032299,0.392305583,Tauktae,Phase 2,2,25.890173,14,15,135,-0.5,-0.866025404,25.5482197,25.2609653,25.2596779,0.395813793,0.399107397,0.402065247,4.34675,4.2827854,4.1909504,1001.1092,1000.8694,1000.7099,0.5383075,0.5791413,0.6107407,25.35628763333333,0.1662192919335579,25.409584366666667
2021-05-15 15:00:00,4.3081775,1002.28906,0.5449822,25.890173,0.392200559,Tauktae,Phase 2,2,25.9608479,15,15,135,-0.707106781,-0.707106781,25.7032299,25.5482197,25.2609653,0.392305583,0.395813793,0.399107397,4.3573995,4.34675,4.2827854,1001.6627,1001.1092,1000.8694,0.5356058,0.5383075,0.5791413,25.504138300000005,0.2244033677838998,25.54987398333333
2021-05-15 16:00:00,4.211808,1002.8217,0.5445446,25.9608479,0.387717038,Tauktae,Phase 2,2,26.0333309,16,15,135,-0.866025404,-0.5,25.890173,25.7032299,25.5482197,0.392200559,0.392305583,0.395813793,4.3081775,4.3573995,4.34675,1002.28906,1001.6627,1001.1092,0.5449822,0.5356058,0.5383075,25.713874200000003,0.1712249709799365,25.532160450000003
2021-05-15 17:00:00,4.1288977,1003.261,0.5366381,26.0333309,0.385333598,Tauktae,Phase 2,2,26.1268082,17,15,135,-0.965925826,-0.258819045,25.9608479,25.890173,25.7032299,0.387717038,0.392200559,0.392305583,4.211808,4.3081775,4.3573995,1002.8217,1002.28906,1001.6627,0.5445446,0.5449822,0.5356058,25.851416933333336,0.1331100409758392,25.60385228333333
2021-05-15 18:00:00,4.0749884,1003.3668,0.53658843,26.1268082,0.387762636,Tauktae,Phase 2,2,26.2140694,18,15,135,-1.0,-1.84e-16,26.0333309,25.9608479,25.890173,0.385333598,0.387717038,0.392200559,4.1288977,4.211808,4.3081775,1003.261,1002.8217,1002.28906,0.5366381,0.5445446,0.5449822,25.961450600000003,0.071580853,25.73279445
2021-05-15 19:00:00,4.074433,1003.009,0.6715545,26.2140694,0.39092207,Tauktae,Phase 2,2,26.2322693,19,15,135,-0.965925826,0.2588190451025203,26.1268082,26.0333309,25.9608479,0.387762636,0.385333598,0.387717038,4.0749884,4.1288977,4.211808,1003.3668,1003.261,1002.8217,0.53658843,0.5366381,0.5445446,26.040329,0.083201174,25.877101600000003
2021-05-15 20:00:00,4.0945544,1002.5235,0.68729293,26.2322693,0.391610742,Tauktae,Phase 2,2,26.2305641,20,15,135,-0.866025404,0.5000000000000001,26.2140694,26.1268082,26.0333309,0.39092207,0.387762636,0.385333598,4.074433,4.0749884,4.1288977,1003.009,1003.3668,1003.261,0.6715545,0.53658843,0.5366381,26.124736166666665,0.090387064,25.98807655
2021-05-15 21:00:00,4.1157007,1002.13525,0.69070077,26.2305641,0.392235816,Tauktae,Phase 2,2,26.1422348,21,15,135,-0.707106781,0.7071067811865474,26.2322693,26.2140694,26.1268082,0.391610742,0.39092207,0.387762636,4.0945544,4.074433,4.0749884,1002.5235,1003.009,1003.3668,0.68729293,0.6715545,0.53658843,26.191048966666667,0.056373453,26.07624978333333
2021-05-15 22:00:00,3.864695,1002.11945,0.68615365,26.1422348,0.392701328,Tauktae,Phase 2,2,26.0565586,22,15,135,-0.5,0.8660254037844384,26.2305641,26.2322693,26.2140694,0.392235816,0.391610742,0.39092207,4.1157007,4.0945544,4.074433,1002.13525,1002.5235,1003.009,0.69070077,0.68729293,0.6715545,26.225634266666663,0.0100516930165348,26.132981633333333
2021-05-15 23:00:00,3.813055,1002.1227,0.68203574,26.0565586,0.390004605,Tauktae,Phase 2,2,25.7427425,23,15,135,-0.258819045,0.965925826289068,26.1422348,26.2305641,26.2322693,0.392701328,0.392235816,0.391610742,3.864695,4.1157007,4.0945544,1002.11945,1002.13525,1002.5235,0.68615365,0.69070077,0.68729293,26.201689400000003,0.051496253,26.16321278333333
2021-05-16 00:00:00,3.749621,1002.44653,0.6636951,25.7427425,0.383595675,Tauktae,Phase 2,2,25.2518978,0,16,136,0.0,1.0,26.0565586,26.1422348,26.2305641,0.390004605,0.392701328,0.392235816,3.813055,3.864695,4.1157007,1002.1227,1002.11945,1002.13525,0.68203574,0.68615365,0.69070077,26.14311916666667,0.087006121,26.167084066666664
2021-05-16 01:00:00,3.5986469,1002.90857,0.64864826,25.2518978,0.379429042,Tauktae,Phase 2,2,24.3181515,1,16,136,0.2588190451025207,0.9659258262890684,25.7427425,26.0565586,26.1422348,0.383595675,0.390004605,0.392701328,3.749621,3.813055,3.864695,1002.44653,1002.1227,1002.11945,0.6636951,0.68203574,0.68615365,25.980511966666665,0.2103231852906458,26.103073116666664
2021-05-16 02:00:00,3.383612,1003.4737,0.65093505,24.3181515,0.370213032,Tauktae,Phase 2,2,22.8466034,2,16,136,0.4999999999999999,0.8660254037844387,25.2518978,25.7427425,26.0565586,0.379429042,0.383595675,0.390004605,3.5986469,3.749621,3.813055,1002.90857,1002.44653,1002.1227,0.64864826,0.6636951,0.68203574,25.683732966666668,0.4055629969959149,25.94271118333333
2021-05-16 03:00:00,3.0653484,1004.1411,0.62791157,22.8466034,0.366303921,Tauktae,Phase 2,2,22.6479263,3,16,136,0.7071067811865475,0.7071067811865476,24.3181515,25.2518978,25.7427425,0.370213032,0.379429042,0.383595675,3.383612,3.5986469,3.749621,1003.4737,1002.90857,1002.44653,0.65093505,0.64864826,0.6636951,25.10426393333333,0.723679279,25.62369155
2021-05-16 04:00:00,2.8308365,1004.4093,0.5871364,22.6479263,0.35970059,Tauktae,Phase 2,2,22.9625492,4,16,136,0.8660254037844386,0.5000000000000001,22.8466034,24.3181515,25.2518978,0.366303921,0.370213032,0.379429042,3.0653484,3.383612,3.5986469,1004.1411,1003.4737,1002.90857,0.62791157,0.65093505,0.64864826,24.13888423333333,1.212626427363951,25.059698099999995
2021-05-16 05:00:00,2.6893172,1004.4274,0.55675256,22.9625492,0.354830474,Tauktae,Phase 2,2,25.2850323,5,16,136,0.9659258262890684,0.2588190451025207,22.6479263,22.8466034,24.3181515,0.35970059,0.366303921,0.370213032,2.8308365,3.0653484,3.383612,1004.4093,1004.1411,1003.4737,0.5871364,0.62791157,0.65093505,23.27089373333333,0.912375893,24.47731335
2021-05-16 06:00:00,2.6331296,1004.3501,0.5621518,25.2850323,0.386688411,Tauktae,Phase 2,2,25.0515575,6,16,136,1.0,6.123233995736766e-17,22.9625492,22.6479263,22.8466034,0.354830474,0.35970059,0.366303921,2.6893172,2.8308365,3.0653484,1004.4274,1004.4093,1004.1411,0.55675256,0.5871364,0.62791157,22.8190263,0.1591139988638927,23.96164511666667
2021-05-16 07:00:00,2.6965892,1003.74225,0.5056549,25.0515575,0.382753193,Tauktae,Phase 2,2,24.5290127,7,16,136,0.9659258262890684,-0.258819045,25.2850323,22.9625492,22.6479263,0.386688411,0.354830474,0.35970059,2.6331296,2.6893172,2.8308365,1004.3501,1004.4274,1004.4093,0.5621518,0.55675256,0.5871364,23.63183593333333,1.4403265471312487,23.88536008333333
2021-05-16 08:00:00,2.808423,1003.15717,0.46315905,24.5290127,0.379865944,Tauktae,Phase 2,2,25.4049473,8,16,136,0.8660254037844387,-0.5,25.0515575,25.2850323,22.9625492,0.382753193,0.386688411,0.354830474,2.6965892,2.6331296,2.6893172,1003.74225,1004.3501,1004.4274,0.5056549,0.5621518,0.55675256,24.433046333333337,1.2788271911853133,23.85197003333333
2021-05-16 09:00:00,2.9287539,1002.4659,0.44304937,25.4049473,0.399775654,Tauktae,Phase 2,2,24.9868088,9,16,136,0.7071067811865476,-0.707106781,24.5290127,25.0515575,25.2850323,0.379865944,0.382753193,0.386688411,2.808423,2.6965892,2.6331296,1003.15717,1003.74225,1004.3501,0.46315905,0.5056549,0.5621518,24.955200833333333,0.3871109198980942,23.88711356666667
2021-05-16 10:00:00,2.8189807,1001.5327,0.4264349,24.9868088,0.395645648,Tauktae,Phase 2,2,24.6106586,10,16,136,0.4999999999999999,-0.866025404,25.4049473,24.5290127,25.0515575,0.399775654,0.379865944,0.382753193,2.9287539,2.808423,2.6965892,1002.4659,1003.15717,1003.74225,0.44304937,0.46315905,0.5056549,24.9951725,0.4406810717945729,24.31350421666667
2021-05-16 11:00:00,3.046497,1001.20734,0.42290357,24.6106586,0.391972482,Tauktae,Phase 2,2,24.4296741,11,16,136,0.258819045,-0.965925826,24.9868088,25.4049473,24.5290127,0.395645648,0.399775654,0.379865944,2.8189807,2.9287539,2.808423,1001.5327,1002.4659,1003.15717,0.4264349,0.44304937,0.46315905,24.9735896,0.4381168979915568,24.70331796666667
2021-05-16 12:00:00,3.2052808,1001.39545,0.40939587,24.4296741,0.390135318,Tauktae,Phase 2,2,24.3527603,12,16,136,1.2246467991473532e-16,-1.0,24.6106586,24.9868088,25.4049473,0.391972482,0.395645648,0.399775654,3.046497,2.8189807,2.9287539,1001.20734,1001.5327,1002.4659,0.42290357,0.4264349,0.44304937,25.0008049,0.3973292750959872,24.978002866666667
2021-05-16 13:00:00,3.2751608,1001.6805,0.4013123,24.3527603,0.388015002,Tauktae,Phase 2,2,24.3987999,13,16,136,-0.258819045,-0.965925826,24.4296741,24.6106586,24.9868088,0.390135318,0.391972482,0.395645648,3.2052808,3.046497,2.8189807,1001.39545,1001.20734,1001.5327,0.40939587,0.42290357,0.4264349,24.675713833333333,0.2842075052211892,24.835443166666664
2021-05-16 14:00:00,3.3470109,1002.1941,0.40605044,24.3987999,0.386071891,Tauktae,Phase 2,2,23.8633308,14,16,136,-0.5,-0.866025404,24.3527603,24.4296741,24.6106586,0.388015002,0.390135318,0.391972482,3.2751608,3.2052808,3.046497,1001.6805,1001.39545,1001.20734,0.4013123,0.40939587,0.42290357,24.464364333333336,0.1324025774003801,24.718976966666663
2021-05-16 15:00:00,3.2548876,1002.98737,0.41521597,23.8633308,0.386005104,Tauktae,Phase 2,2,23.1736488,15,16,136,-0.707106781,-0.707106781,24.3987999,24.3527603,24.4296741,0.386071891,0.388015002,0.390135318,3.3470109,3.2751608,3.2052808,1002.1941,1001.6805,1001.39545,0.40605044,0.4013123,0.40939587,24.393744766666668,0.038705283068039,24.69727483333333
2021-05-16 16:00:00,3.0834653,1003.4635,0.42898816,23.1736488,0.384695858,Tauktae,Phase 2,2,22.4949417,16,16,136,-0.866025404,-0.5,23.8633308,24.3987999,24.3527603,0.386005104,0.386071891,0.388015002,3.2548876,3.3470109,3.2751608,1002.98737,1002.1941,1001.6805,0.41521597,0.40605044,0.4013123,24.204963666666668,0.2967569255842489,24.44033875
2021-05-16 17:00:00,2.9245393,1003.74554,0.42792642,22.4949417,0.385919333,Tauktae,Phase 2,2,21.9201202,17,16,136,-0.965925826,-0.258819045,23.1736488,23.8633308,24.3987999,0.384695858,0.386005104,0.386071891,3.0834653,3.2548876,3.3470109,1003.4635,1002.98737,1002.1941,0.42898816,0.41521597,0.40605044,23.8119265,0.6141910175195493,24.138145416666664
2021-05-16 18:00:00,2.8170588,1003.853,0.42048195,21.9201202,0.385959208,Tauktae,Phase 2,2,21.4538097,18,16,136,-1.0,-1.84e-16,22.4949417,23.1736488,23.8633308,0.385919333,0.384695858,0.386005104,2.9245393,3.0834653,3.2548876,1003.74554,1003.4635,1002.98737,0.42792642,0.42898816,0.41521597,23.1773071,0.6842018851325417,23.78552593333333
2021-05-16 19:00:00,2.7747629,1003.4718,0.55009127,21.4538097,0.38525635,Tauktae,Phase 2,2,21.04286,19,16,136,-0.965925826,0.2588190451025203,21.9201202,22.4949417,23.1736488,0.385959208,0.385919333,0.384695858,2.8170588,2.9245393,3.0834653,1003.853,1003.74554,1003.4635,0.42048195,0.42792642,0.42898816,22.52957023333333,0.6274813457348195,23.36726695
2021-05-16 20:00:00,2.7253473,1003.09143,0.56404483,21.04286,0.38213712,Tauktae,Phase 2,2,20.8787632,20,16,136,-0.866025404,0.5000000000000001,21.4538097,21.9201202,22.4949417,0.38525635,0.385959208,0.385919333,2.7747629,2.8170588,2.9245393,1003.4718,1003.853,1003.74554,0.55009127,0.42048195,0.42792642,21.95629053333333,0.5215076031240423,22.884108516666668
2021-05-16 21:00:00,2.6438363,1002.6574,0.5556964,20.8787632,0.379557461,Tauktae,Phase 2,2,20.7251053,21,16,136,-0.707106781,0.7071067811865474,21.04286,21.4538097,21.9201202,0.38213712,0.38525635,0.385959208,2.7253473,2.7747629,2.8170588,1003.09143,1003.4718,1003.853,0.56404483,0.55009127,0.42048195,21.4722633,0.4389211388630697,22.3247852
2021-05-16 22:00:00,2.2800794,1002.3786,0.58483815,20.7251053,0.376062602,Tauktae,Phase 2,2,20.8338985,22,16,136,-0.5,0.8660254037844384,20.8787632,21.04286,21.4538097,0.379557461,0.38213712,0.38525635,2.6438363,2.7253473,2.7747629,1002.6574,1003.09143,1003.4718,0.5556964,0.56404483,0.55009127,21.1251443,0.2962222962752308,21.827357266666667
2021-05-16 23:00:00,2.210386,1002.52563,0.6131457,20.8338985,0.370140433,Tauktae,Phase 2,2,20.8026104,23,16,136,-0.258819045,0.965925826289068,20.7251053,20.8787632,21.04286,0.376062602,0.379557461,0.38213712,2.2800794,2.6438363,2.7253473,1002.3786,1002.6574,1003.09143,0.58483815,0.5556964,0.56404483,20.882242833333333,0.1589059257210877,21.419266683333333
2021-05-17 00:00:00,2.1530745,1002.81476,0.6217689,20.8026104,0.36461547,Tauktae,Phase 2,2,20.7394733,0,17,137,0.0,1.0,20.8338985,20.7251053,20.8787632,0.370140433,0.376062602,0.379557461,2.210386,2.2800794,2.6438363,1002.52563,1002.3786,1002.6574,0.6131457,0.58483815,0.5556964,20.812589000000003,0.079014294,21.14242615
2021-05-17 01:00:00,2.0684953,1003.3125,0.65869164,20.7394733,0.359465361,Tauktae,Phase 2,2,20.6360111,1,17,137,0.2588190451025207,0.9659258262890684,20.8026104,20.8338985,20.7251053,0.36461547,0.370140433,0.376062602,2.1530745,2.210386,2.2800794,1002.81476,1002.52563,1002.3786,0.6217689,0.6131457,0.58483815,20.78720473333333,0.056008848,20.956174516666668
2021-05-17 02:00:00,1.9669135,1004.1426,0.6699364,20.6360111,0.350243211,Tauktae,Phase 2,2,20.3937836,2,17,137,0.4999999999999999,0.8660254037844387,20.7394733,20.8026104,20.8338985,0.359465361,0.36461547,0.370140433,2.0684953,2.1530745,2.210386,1003.3125,1002.81476,1002.52563,0.65869164,0.6217689,0.6131457,20.791994066666664,0.048099475,20.83711845
2021-05-17 03:00:00,1.9494573,1004.8936,0.66270727,20.3937836,0.341734499,Tauktae,Phase 2,2,20.2486687,3,17,137,0.7071067811865475,0.7071067811865476,20.6360111,20.7394733,20.8026104,0.350243211,0.359465361,0.36461547,1.9669135,2.0684953,2.1530745,1004.1426,1003.3125,1002.81476,0.6699364,0.65869164,0.6217689,20.7260316,0.084109103,20.7693103
2021-05-17 04:00:00,2.0215993,1005.2505,0.6475593,20.2486687,0.336869597,Tauktae,Phase 2,2,20.2599659,4,17,137,0.8660254037844386,0.5000000000000001,20.3937836,20.6360111,20.7394733,0.341734499,0.350243211,0.359465361,1.9494573,1.9669135,2.0684953,1004.8936,1004.1426,1003.3125,0.66270727,0.6699364,0.65869164,20.589756,0.1774260208613685,20.688480366666667
2021-05-17 05:00:00,2.1197515,1005.28284,0.6489244,20.2599659,0.335817873,Tauktae,Phase 2,2,20.0760822,5,17,137,0.9659258262890684,0.2588190451025207,20.2486687,20.3937836,20.6360111,0.336869597,0.341734499,0.350243211,2.0215993,1.9494573,1.9669135,1005.2505,1004.8936,1004.1426,0.6475593,0.66270727,0.6699364,20.426154466666663,0.1956896483368014,20.609074266666667
2021-05-17 06:00:00,2.2245657,1005.24396,0.60793716,20.0760822,0.34164986,Tauktae,Phase 2,2,19.8959732,6,17,137,1.0,6.123233995736766e-17,20.2599659,20.2486687,20.3937836,0.335817873,0.336869597,0.341734499,2.1197515,2.0215993,1.9494573,1005.28284,1005.2505,1004.8936,0.6489244,0.6475593,0.66270727,20.300806066666667,0.080718789,20.513418833333333
2021-05-17 07:00:00,2.3516586,1004.62103,0.5468356,19.8959732,0.341246665,Tauktae,Phase 2,2,19.6263752,7,17,137,0.9659258262890684,-0.258819045,20.0760822,20.2599659,20.2486687,0.34164986,0.335817873,0.336869597,2.2245657,2.1197515,2.0215993,1005.24396,1005.28284,1005.2505,0.60793716,0.6489244,0.6475593,20.1949056,0.1030589975345172,20.3923308
2021-05-17 08:00:00,2.5011127,1004.0698,0.53654677,19.6263752,0.341497451,Tauktae,Phase 2,2,20.2071571,8,17,137,0.8660254037844387,-0.5,19.8959732,20.0760822,20.2599659,0.341246665,0.34164986,0.335817873,2.3516586,2.2245657,2.1197515,1004.62103,1005.24396,1005.28284,0.5468356,0.60793716,0.6489244,20.077340433333333,0.181999612,20.25174745
2021-05-17 09:00:00,2.6461864,1003.337,0.5532003,20.2071571,0.352345884,Tauktae,Phase 2,2,20.0173035,9,17,137,0.7071067811865476,-0.707106781,19.6263752,19.8959732,20.0760822,0.341497451,0.341246665,0.34164986,2.5011127,2.3516586,2.2245657,1004.0698,1004.62103,1005.24396,0.53654677,0.5468356,0.60793716,19.86614353333333,0.2263326163471364,20.0834748
2021-05-17 10:00:00,2.419463,1002.49805,0.5856044,20.0173035,0.350554854,Tauktae,Phase 2,2,19.8695011,10,17,137,0.4999999999999999,-0.866025404,20.2071571,19.6263752,19.8959732,0.352345884,0.341497451,0.341246665,2.6461864,2.5011127,2.3516586,1003.337,1004.0698,1004.62103,0.5532003,0.53654677,0.5468356,19.909835166666664,0.2906389847078464,20.05237038333333
2021-05-17 11:00:00,2.5863824,1002.4043,0.6159814,19.8695011,0.351294577,Tauktae,Phase 2,2,19.9200916,11,17,137,0.258819045,-0.965925826,20.0173035,20.2071571,19.6263752,0.350554854,0.352345884,0.341497451,2.419463,2.6461864,2.5011127,1002.49805,1003.337,1004.0698,0.5856044,0.5532003,0.53654677,19.9502786,0.2961353689735695,20.013809516666665
2021-05-17 12:00:00,2.7490754,1002.51117,0.62257165,19.9200916,0.351967007,Tauktae,Phase 2,2,20.0835915,12,17,137,1.2246467991473532e-16,-1.0,19.8695011,20.0173035,20.2071571,0.351294577,0.350554854,0.352345884,2.5863824,2.419463,2.6461864,1002.4043,1002.49805,1003.337,0.6159814,0.5856044,0.5532003,20.03132056666667,0.1692638537982937,19.94873205
2021-05-17 13:00:00,2.8553758,1002.818,0.59721524,20.0835915,0.352701485,Tauktae,Phase 2,2,20.158947,13,17,137,-0.258819045,-0.965925826,19.9200916,19.8695011,20.0173035,0.351967007,0.351294577,0.350554854,2.7490754,2.5863824,2.419463,1002.51117,1002.4043,1002.49805,0.62257165,0.6159814,0.5856044,19.935632066666667,0.075116689,19.922733616666665
2021-05-17 14:00:00,2.9979303,1003.3641,0.5533835,20.158947,0.354789823,Tauktae,Phase 2,2,20.0207825,14,17,137,-0.5,-0.866025404,20.0835915,19.9200916,19.8695011,0.352701485,0.351967007,0.351294577,2.8553758,2.7490754,2.5863824,1002.818,1002.51117,1002.4043,0.59721524,0.62257165,0.6159814,19.957728066666668,0.111897509179626,19.954003333333333
2021-05-17 15:00:00,3.0721211,1003.93646,0.53880495,20.0207825,0.356731743,Tauktae,Phase 2,2,19.9031525,15,17,137,-0.707106781,-0.707106781,20.158947,20.0835915,19.9200916,0.354789823,0.352701485,0.351967007,2.9979303,2.8553758,2.7490754,1003.3641,1002.818,1002.51117,0.5533835,0.59721524,0.62257165,20.054210033333334,0.1221082653430892,20.0427653
2021-05-17 16:00:00,3.1024036,1004.4325,0.5050361,19.9031525,0.357371271,Tauktae,Phase 2,2,19.7770081,16,17,137,-0.866025404,-0.5,20.0207825,20.158947,20.0835915,0.356731743,0.354789823,0.352701485,3.0721211,2.9979303,2.8553758,1003.93646,1003.3641,1002.818,0.53880495,0.5533835,0.59721524,20.087773666666667,0.069177129,20.011702866666667
2021-05-17 17:00:00,3.138092,1004.87555,0.49934122,19.7770081,0.35508731,Tauktae,Phase 2,2,19.7283764,17,17,137,-0.965925826,-0.258819045,19.9031525,20.0207825,20.158947,0.357371271,0.356731743,0.354789823,3.1024036,3.0721211,2.9979303,1004.4325,1003.93646,1003.3641,0.5050361,0.53880495,0.5533835,20.02762733333333,0.1280345475458866,19.9926777
2021-05-17 18:00:00,3.1937227,1005.0538,0.52884394,19.7283764,0.35527581,Tauktae,Phase 2,2,19.6672268,18,17,137,-1.0,-1.84e-16,19.7770081,19.9031525,20.0207825,0.35508731,0.357371271,0.356731743,3.138092,3.1024036,3.0721211,1004.87555,1004.4325,1003.93646,0.49934122,0.5050361,0.53880495,19.900314366666667,0.1219119796191449,19.9772622
2021-05-17 19:00:00,3.233995,1004.7107,0.5798401,19.6672268,0.354428798,Tauktae,Phase 2,2,19.6174412,19,17,137,-0.965925826,0.2588190451025203,19.7283764,19.7770081,19.9031525,0.35527581,0.35508731,0.357371271,3.1937227,3.138092,3.1024036,1005.0538,1004.87555,1004.4325,0.52884394,0.49934122,0.5050361,19.802845666666663,0.090207296,19.945309666666667
2021-05-17 20:00:00,3.246897,1004.2608,0.5953718,19.6174412,0.353315055,Tauktae,Phase 2,2,19.7413902,20,17,137,-0.866025404,0.5000000000000001,19.6672268,19.7283764,19.7770081,0.354428798,0.35527581,0.35508731,3.233995,3.1937227,3.138092,1004.7107,1005.0538,1004.87555,0.5798401,0.52884394,0.49934122,19.724203766666665,0.0550094683608405,19.87591555
2021-05-17 21:00:00,3.2553523,1003.7308,0.6059073,19.7413902,0.354299903,Tauktae,Phase 2,2,20.0880013,21,17,137,-0.707106781,0.7071067811865474,19.6174412,19.6672268,19.7283764,0.353315055,0.354428798,0.35527581,3.246897,3.233995,3.1937227,1004.2608,1004.7107,1005.0538,0.5953718,0.5798401,0.52884394,19.6710148,0.055564524,19.78566458333333
2021-05-17 22:00:00,3.0949643,1003.11017,0.6230091,20.0880013,0.351307452,Tauktae,Phase 2,2,20.5818062,22,17,137,-0.5,0.8660254037844384,19.7413902,19.6174412,19.6672268,0.354299903,0.353315055,0.354428798,3.2553523,3.246897,3.233995,1003.7308,1004.2608,1004.7107,0.6059073,0.5953718,0.5798401,19.67535273333333,0.0623727644479267,19.7390992
2021-05-17 23:00:00,3.0877318,1003.327,0.6198873,20.5818062,0.347203493,Tauktae,Phase 2,2,20.871521,23,17,137,-0.258819045,0.965925826289068,20.0880013,19.7413902,19.6174412,0.351307452,0.354299903,0.353315055,3.0949643,3.2553523,3.246897,1003.11017,1003.7308,1004.2608,0.6230091,0.6059073,0.5953718,19.8156109,0.2439021036391053,19.76990733333333
2021-05-18 00:00:00,2.996509,1003.44104,0.6115059,20.871521,0.345800966,Tauktae,Phase 2,2,20.8990097,0,18,138,0.0,1.0,20.5818062,20.0880013,19.7413902,0.347203493,0.351307452,0.354299903,3.0877318,3.0949643,3.2553523,1003.327,1003.11017,1003.7308,0.6198873,0.6230091,0.6059073,20.1370659,0.4223508784104192,19.90404035
2021-05-18 01:00:00,2.916482,1004.0863,0.58079123,20.8990097,0.342074633,Tauktae,Phase 2,2,20.8846054,1,18,138,0.2588190451025207,0.9659258262890684,20.871521,20.5818062,20.0880013,0.345800966,0.347203493,0.351307452,2.996509,3.0877318,3.0949643,1003.44104,1003.327,1003.11017,0.6115059,0.6198873,0.6230091,20.51377616666667,0.3961651728113868,20.09456445
2021-05-18 02:00:00,2.9484007,1004.9172,0.5714587,20.8846054,0.336109221,Tauktae,Phase 2,2,20.4855785,2,18,138,0.4999999999999999,0.8660254037844387,20.8990097,20.871521,20.5818062,0.342074633,0.345800966,0.347203493,2.916482,2.996509,3.0877318,1004.0863,1003.44104,1003.327,0.58079123,0.6115059,0.6198873,20.7841123,0.1757405067989688,20.2998616
2021-05-18 03:00:00,2.9747806,1005.4207,0.5484202,20.4855785,0.334271908,Tauktae,Phase 2,2,20.179039,3,18,138,0.7071067811865475,0.7071067811865476,20.8846054,20.8990097,20.871521,0.336109221,0.342074633,0.345800966,2.9484007,2.916482,2.996509,1004.9172,1004.0863,1003.44104,0.5714587,0.58079123,0.6115059,20.885045366666667,0.0137496303602229,20.51105563333333
2021-05-18 04:00:00,3.0660787,1005.8351,0.50624466,20.179039,0.33175534,Tauktae,Phase 2,2,20.1870213,4,18,138,0.8660254037844386,0.5000000000000001,20.4855785,20.8846054,20.8990097,0.334271908,0.336109221,0.342074633,2.9747806,2.9484007,2.916482,1005.4207,1004.9172,1004.0863,0.5484202,0.5714587,0.58079123,20.75639786666667,0.2346470071960307,20.635087016666667
2021-05-18 05:00:00,3.13949,1005.9334,0.45316103,20.1870213,0.329772413,Tauktae,Phase 2,2,22.6434994,5,18,138,0.9659258262890684,0.2588190451025207,20.179039,20.4855785,20.8846054,0.33175534,0.334271908,0.336109221,3.0660787,2.9747806,2.9484007,1005.8351,1005.4207,1004.9172,0.50624466,0.5484202,0.5714587,20.516407633333333,0.3537920473935993,20.650259966666667
2021-05-18 06:00:00,3.195455,1005.9085,0.42256027,22.6434994,0.353563875,Tauktae,Phase 3,3,22.5952625,6,18,138,1.0,6.123233995736766e-17,20.1870213,20.179039,20.4855785,0.329772413,0.33175534,0.334271908,3.13949,3.0660787,2.9747806,1005.9334,1005.8351,1005.4207,0.45316103,0.50624466,0.5484202,20.2838796,0.1747219619120622,20.584462483333333
2021-05-18 07:00:00,3.2329924,1005.5087,0.38452712,22.5952625,0.35258764,Tauktae,Phase 3,3,22.4073505,7,18,138,0.9659258262890684,-0.258819045,22.6434994,20.1870213,20.179039,0.353563875,0.329772413,0.33175534,3.195455,3.13949,3.0660787,1005.9085,1005.9334,1005.8351,0.42256027,0.45316103,0.50624466,21.003186566666667,1.4205581905282694,20.87979221666667
2021-05-18 08:00:00,3.2634983,1004.9011,0.40795824,22.4073505,0.352030367,Tauktae,Phase 3,3,22.9033909,8,18,138,0.8660254037844387,-0.5,22.5952625,22.6434994,20.1870213,0.35258764,0.353563875,0.329772413,3.2329924,3.195455,3.13949,1005.5087,1005.9085,1005.9334,0.38452712,0.42256027,0.45316103,21.8085944,1.404530593690699,21.162501016666667
2021-05-18 09:00:00,3.2691302,1004.2326,0.45637584,22.9033909,0.361808836,Tauktae,Phase 3,3,22.8991585,9,18,138,0.7071067811865476,-0.707106781,22.4073505,22.5952625,22.6434994,0.352030367,0.35258764,0.353563875,3.2634983,3.2329924,3.195455,1004.9011,1005.5087,1005.9085,0.40795824,0.38452712,0.42256027,22.54870413333333,0.1247691342952269,21.41629186666667
2021-05-18 10:00:00,2.954781,1003.3143,0.49175018,22.8991585,0.360307217,Tauktae,Phase 3,3,23.0416946,10,18,138,0.4999999999999999,-0.866025404,22.9033909,22.4073505,22.5952625,0.361808836,0.352030367,0.35258764,3.2691302,3.2634983,3.2329924,1004.2326,1004.9011,1005.5087,0.45637584,0.40795824,0.38452712,22.635334633333333,0.2504363222666051,21.819260600000003
2021-05-18 11:00:00,3.0301414,1003.2336,0.5158402,23.0416946,0.358328074,Tauktae,Phase 3,3,23.2974777,11,18,138,0.258819045,-0.965925826,22.8991585,22.9033909,22.4073505,0.360307217,0.361808836,0.352030367,2.954781,3.2691302,3.2634983,1003.3143,1004.2326,1004.9011,0.49175018,0.45637584,0.40795824,22.7366333,0.2851751217835795,22.27261385
2021-05-18 12:00:00,3.0359168,1003.2715,0.4845001,23.2974777,0.35713172,Tauktae,Phase 3,3,23.3628407,12,18,138,1.2246467991473532e-16,-1.0,23.0416946,22.8991585,22.9033909,0.358328074,0.360307217,0.361808836,3.0301414,2.954781,3.2691302,1003.2336,1003.3143,1004.2326,0.5158402,0.49175018,0.45637584,22.94808133333333,0.081099082,22.748392733333333
2021-05-18 13:00:00,2.9374802,1003.7397,0.45691139,23.3628407,0.353563577,Tauktae,Phase 3,3,23.2858601,13,18,138,-0.258819045,-0.965925826,23.2974777,23.0416946,22.8991585,0.35713172,0.358328074,0.360307217,3.0359168,3.0301414,2.954781,1003.2715,1003.2336,1003.3143,0.4845001,0.5158402,0.49175018,23.0794436,0.2018248907415421,22.857389116666667
2021-05-18 14:00:00,2.9076345,1004.2859,0.4374977,23.2858601,0.349026203,Tauktae,Phase 3,3,22.8518105,14,18,138,-0.5,-0.866025404,23.3628407,23.2974777,23.0416946,0.353563577,0.35713172,0.358328074,2.9374802,3.0359168,3.0301414,1003.7397,1003.2715,1003.2336,0.45691139,0.4845001,0.5158402,23.23400433333333,0.1697214058191037,22.985318816666663
2021-05-18 15:00:00,2.879301,1004.90405,0.4148863,22.8518105,0.345867306,Tauktae,Phase 3,3,22.2362347,15,18,138,-0.707106781,-0.707106781,23.2858601,23.3628407,23.2974777,0.349026203,0.353563577,0.35713172,2.9076345,2.9374802,3.0359168,1004.2859,1003.7397,1003.2715,0.4374977,0.45691139,0.4845001,23.31539283333333,0.041499605,23.13173708333333
2021-05-18 16:00:00,2.875581,1005.4777,0.4034773,22.2362347,0.341628075,Tauktae,Phase 3,3,21.7170887,16,18,138,-0.866025404,-0.5,22.8518105,23.2858601,23.3628407,0.345867306,0.349026203,0.353563577,2.879301,2.9076345,2.9374802,1004.90405,1004.2859,1003.7397,0.4148863,0.4374977,0.45691139,23.1668371,0.2755228161598901,23.12314035
2021-05-18 17:00:00,2.9598272,1005.7924,0.3774201,21.7170887,0.336970001,Tauktae,Phase 3,3,21.5673752,17,18,138,-0.965925826,-0.258819045,22.2362347,22.8518105,23.2858601,0.341628075,0.345867306,0.349026203,2.875581,2.879301,2.9076345,1005.4777,1004.90405,1004.2859,0.4034773,0.4148863,0.4374977,22.791301766666667,0.5274223641337648,23.01265305
2021-05-18 18:00:00,3.0639908,1005.99023,0.36604357,21.5673752,0.334507525,Tauktae,Phase 3,3,21.4574947,18,18,138,-1.0,-1.84e-16,21.7170887,22.2362347,22.8518105,0.336970001,0.341628075,0.345867306,2.9598272,2.875581,2.879301,1005.7924,1005.4777,1004.90405,0.3774201,0.4034773,0.4148863,22.268377966666662,0.5680433813035989,22.7918854
2021-05-18 19:00:00,3.2160683,1005.71216,0.28674152,21.4574947,0.331393093,Tauktae,Phase 3,3,21.2665424,19,18,138,-0.965925826,0.2588190451025203,21.5673752,21.7170887,22.2362347,0.334507525,0.336970001,0.341628075,3.0639908,2.9598272,2.875581,1005.99023,1005.7924,1005.4777,0.36604357,0.3774201,0.4034773,21.840232866666668,0.3510222528888247,22.50353498333333
2021-05-18 20:00:00,3.3214035,1005.07227,0.2944961,21.2665424,0.327676296,Tauktae,Phase 3,3,21.0380936,20,18,138,-0.866025404,0.5000000000000001,21.4574947,21.5673752,21.7170887,0.331393093,0.334507525,0.336970001,3.2160683,3.0639908,2.9598272,1005.71216,1005.99023,1005.7924,0.28674152,0.36604357,0.3774201,21.580652866666668,0.1303053472931045,22.185977316666666
2021-05-18 21:00:00,3.412208,1004.62946,0.28535676,21.0380936,0.325954974,Tauktae,Phase 3,3,20.9530869,21,18,138,-0.707106781,0.7071067811865474,21.2665424,21.4574947,21.5673752,0.327676296,0.331393093,0.334507525,3.3214035,3.2160683,3.0639908,1005.07227,1005.71216,1005.99023,0.2944961,0.28674152,0.36604357,21.43047076666667,0.1522261906462695,21.849424366666668
2021-05-18 22:00:00,3.182967,1004.17224,0.2861676,20.9530869,0.322951525,Tauktae,Phase 3,3,21.2221699,22,18,138,-0.5,0.8660254037844384,21.0380936,21.2665424,21.4574947,0.325954974,0.327676296,0.331393093,3.412208,3.3214035,3.2160683,1004.62946,1005.07227,1005.71216,0.28535676,0.2944961,0.28674152,21.254043566666667,0.2099797282988407,21.547138216666667
2021-05-18 23:00:00,3.2494385,1004.2131,0.28191116,21.2221699,0.319759071,Tauktae,Phase 3,3,21.1290684,23,18,138,-0.258819045,0.965925826289068,20.9530869,21.0380936,21.2665424,0.322951525,0.325954974,0.327676296,3.182967,3.412208,3.3214035,1004.17224,1004.62946,1005.07227,0.2861676,0.28535676,0.2944961,21.08590763333333,0.1621055950851609,21.33328025
2021-05-19 00:00:00,3.2815294,1004.4981,0.28283197,21.1290684,0.320409358,Tauktae,Phase 3,3,20.8960419,0,19,139,0.0,1.0,21.2221699,20.9530869,21.0380936,0.319759071,0.322951525,0.325954974,3.2494385,3.182967,3.412208,1004.2131,1004.17224,1004.62946,0.28191116,0.2861676,0.28535676,21.0711168,0.1375474973457635,21.250793783333336
2021-05-19 01:00:00,3.2724383,1005.17444,0.26078483,20.8960419,0.319752872,Tauktae,Phase 3,3,20.4552727,1,19,139,0.2588190451025207,0.9659258262890684,21.1290684,21.2221699,20.9530869,0.320409358,0.319759071,0.322951525,3.2815294,3.2494385,3.182967,1004.4981,1004.2131,1004.17224,0.28283197,0.28191116,0.2861676,21.10144173333333,0.1366522585094472,21.17774265
2021-05-19 02:00:00,3.345056,1005.88025,0.24117653,20.4552727,0.316515237,Tauktae,Phase 3,3,20.2174168,2,19,139,0.4999999999999999,0.8660254037844387,20.8960419,21.1290684,21.2221699,0.319752872,0.320409358,0.319759071,3.2724383,3.2815294,3.2494385,1005.17444,1004.4981,1004.2131,0.26078483,0.28283197,0.28191116,21.08242673333333,0.1679924161926207,21.08416718333333
2021-05-19 03:00:00,3.4407701,1006.3518,0.20355749,20.2174168,0.315861166,Tauktae,Phase 3,3,20.0427227,3,19,139,0.7071067811865475,0.7071067811865476,20.4552727,20.8960419,21.1290684,0.316515237,0.319752872,0.320409358,3.345056,3.2724383,3.2815294,1005.88025,1005.17444,1004.4981,0.24117653,0.26078483,0.28283197,20.826794333333336,0.3421937761733001,20.948955566666665
2021-05-19 04:00:00,3.5331597,1006.50867,0.17920391,20.0427227,0.315348506,Tauktae,Phase 3,3,20.2038784,4,19,139,0.8660254037844386,0.5000000000000001,20.2174168,20.4552727,20.8960419,0.315861166,0.316515237,0.319752872,3.4407701,3.345056,3.2724383,1006.3518,1005.88025,1005.17444,0.20355749,0.24117653,0.26078483,20.522910466666666,0.3443314641409549,20.8121761
2021-05-19 05:00:00,3.6182249,1006.5913,0.18294685,20.2038784,0.314676106,Tauktae,Phase 3,3,20.3945026,5,19,139,0.9659258262890684,0.2588190451025207,20.0427227,20.2174168,20.4552727,0.315348506,0.315861166,0.316515237,3.5331597,3.4407701,3.345056,1006.50867,1006.3518,1005.88025,0.17920391,0.20355749,0.24117653,20.238470733333333,0.2070792763818813,20.660448733333336
2021-05-19 06:00:00,3.7221472,1006.49133,0.18946685,20.3945026,0.319638789,Tauktae,Phase 3,3,20.5407257,6,19,139,1.0,6.123233995736766e-17,20.2038784,20.0427227,20.2174168,0.314676106,0.315348506,0.315861166,3.6182249,3.5331597,3.4407701,1006.5913,1006.50867,1006.3518,0.18294685,0.17920391,0.20355749,20.15467263333333,0.097187513,20.490733483333333
2021-05-19 07:00:00,3.8705866,1006.0025,0.2179147,20.5407257,0.319311738,Tauktae,Phase 3,3,20.8519421,7,19,139,0.9659258262890684,-0.258819045,20.3945026,20.2038784,20.0427227,0.319638789,0.314676106,0.315348506,3.7221472,3.6182249,3.5331597,1006.49133,1006.5913,1006.50867,0.18946685,0.18294685,0.17920391,20.21370123333333,0.1760955438171758,20.36830585
2021-05-19 08:00:00,3.9880428,1005.3536,0.23491032,20.8519421,0.319162756,Tauktae,Phase 3,3,22.8778629,8,19,139,0.8660254037844387,-0.5,20.5407257,20.3945026,20.2038784,0.319311738,0.319638789,0.314676106,3.8705866,3.7221472,3.6182249,1006.0025,1006.49133,1006.5913,0.2179147,0.18946685,0.18294685,20.379702233333333,0.1689106687561486,20.30908648333333
2021-05-19 09:00:00,4.1104383,1004.6209,0.26936167,22.8778629,0.34081924,Tauktae,Phase 3,3,23.1374702,9,19,139,0.7071067811865476,-0.707106781,20.8519421,20.5407257,20.3945026,0.319162756,0.319311738,0.319638789,3.9880428,3.8705866,3.7221472,1005.3536,1006.0025,1006.49133,0.23491032,0.2179147,0.18946685,20.595723466666666,0.2336263893356365,20.37519805
2021-05-19 10:00:00,4.09383,1003.855,0.28302568,23.1374702,0.340004683,Tauktae,Phase 3,3,23.5714226,10,19,139,0.4999999999999999,-0.866025404,22.8778629,20.8519421,20.5407257,0.34081924,0.319162756,0.319311738,4.1104383,3.9880428,3.8705866,1004.6209,1005.3536,1006.0025,0.26936167,0.23491032,0.2179147,21.42351023333333,1.2690824130795018,20.81860573333333
2021-05-19 11:00:00,4.1937604,1003.5262,0.26679865,23.5714226,0.339480102,Tauktae,Phase 3,3,24.3759651,11,19,139,0.258819045,-0.965925826,23.1374702,22.8778629,20.8519421,0.340004683,0.34081924,0.319162756,4.09383,4.1104383,3.9880428,1003.855,1004.6209,1005.3536,0.28302568,0.26936167,0.23491032,22.289091733333333,1.251358577305464,21.33439698333333
2021-05-19 12:00:00,4.17815,1003.8588,0.22908832,24.3759651,0.340425164,Tauktae,Phase 3,3,25.2318935,12,19,139,1.2246467991473532e-16,-1.0,23.5714226,23.1374702,22.8778629,0.339480102,0.340004683,0.34081924,4.1937604,4.09383,4.1104383,1003.5262,1003.855,1004.6209,0.26679865,0.28302568,0.26936167,23.195585233333333,0.3504130165825292,21.89565435
2021-05-19 13:00:00,4.049237,1004.24225,0.22450522,25.2318935,0.341598868,Tauktae,Phase 3,3,26.0778999,13,19,139,-0.258819045,-0.965925826,24.3759651,23.5714226,23.1374702,0.340425164,0.339480102,0.340004683,4.17815,4.1937604,4.09383,1003.8588,1003.5262,1003.855,0.22908832,0.26679865,0.28302568,23.694952633333333,0.6284203658244214,22.55923143333333
2021-05-19 14:00:00,3.9672985,1004.90735,0.23227601,26.0778999,0.342097402,Tauktae,Phase 3,3,26.6577644,14,19,139,-0.5,-0.866025404,25.2318935,24.3759651,23.5714226,0.341598868,0.340425164,0.339480102,4.049237,4.17815,4.1937604,1004.24225,1003.8588,1003.5262,0.22450522,0.22908832,0.26679865,24.39309373333333,0.8303679575925572,23.341092733333337
2021-05-19 15:00:00,3.8897026,1005.4317,0.23343739,26.6577644,0.342366517,Tauktae,Phase 3,3,27.0116634,15,19,139,-0.707106781,-0.707106781,26.0778999,25.2318935,24.3759651,0.342097402,0.341598868,0.340425164,3.9672985,4.049237,4.17815,1004.90735,1004.24225,1003.8588,0.23227601,0.22450522,0.22908832,25.228586166666663,0.8509722202885589,24.2120857
2021-05-19 16:00:00,3.8506286,1006.07367,0.23381071,27.0116634,0.341851562,Tauktae,Phase 3,3,27.2303658,16,19,139,-0.866025404,-0.5,26.6577644,26.0778999,25.2318935,0.342366517,0.342097402,0.341598868,3.8897026,3.9672985,4.049237,1005.4317,1004.90735,1004.24225,0.23343739,0.23227601,0.22450522,25.98918593333333,0.7170631644267299,24.84206928333333
2021-05-19 17:00:00,3.8264341,1006.44604,0.23853965,27.2303658,0.340714455,Tauktae,Phase 3,3,27.5313168,17,19,139,-0.965925826,-0.258819045,27.0116634,26.6577644,26.0778999,0.341851562,0.342366517,0.342097402,3.8506286,3.8897026,3.9672985,1006.07367,1005.4317,1004.90735,0.23381071,0.23343739,0.23227601,26.582442566666668,0.4714165911539376,25.48776815
2021-05-19 18:00:00,3.827758,1006.6677,0.23434485,27.5313168,0.34050411,Tauktae,Phase 3,3,27.6904068,18,19,139,-1.0,-1.84e-16,27.2303658,27.0116634,26.6577644,0.340714455,0.341851562,0.342366517,3.8264341,3.8506286,3.8897026,1006.44604,1006.07367,1005.4317,0.23853965,0.23381071,0.23343739,26.966597866666664,0.2889485551807275,26.097592016666667
2021-05-19 19:00:00,3.8738194,1006.38116,0.14582087,27.6904068,0.339378417,Tauktae,Phase 3,3,27.8604908,19,19,139,-0.965925826,0.2588190451025203,27.5313168,27.2303658,27.0116634,0.34050411,0.340714455,0.341851562,3.827758,3.8264341,3.8506286,1006.6677,1006.44604,1006.07367,0.23434485,0.23853965,0.23381071,27.257782,0.2609092755140544,26.623483966666665
2021-05-19 20:00:00,3.9382,1006.0539,0.16944692,27.8604908,0.33689025,Tauktae,Phase 3,3,28.0930424,20,19,139,-0.866025404,0.5000000000000001,27.6904068,27.5313168,27.2303658,0.339378417,0.34050411,0.340714455,3.8738194,3.827758,3.8264341,1006.38116,1006.6677,1006.44604,0.14582087,0.23434485,0.23853965,27.4840298,0.2336374877808102,27.033236183333333
2021-05-19 21:00:00,3.978565,1005.7019,0.18860814,28.0930424,0.335122049,Tauktae,Phase 3,3,28.2859879,21,19,139,-0.707106781,0.7071067811865474,27.8604908,27.6904068,27.5313168,0.33689025,0.339378417,0.34050411,3.9382,3.8738194,3.827758,1006.0539,1006.38116,1006.6677,0.16944692,0.14582087,0.23434485,27.694071466666667,0.1646175959757747,27.33033466666667
2021-05-19 22:00:00,3.6153321,1005.63086,0.20269634,28.2859879,0.332849026,Tauktae,Phase 3,3,28.4103966,22,19,139,-0.5,0.8660254037844384,28.0930424,27.8604908,27.6904068,0.335122049,0.33689025,0.339378417,3.978565,3.9382,3.8738194,1005.7019,1006.0539,1006.38116,0.18860814,0.16944692,0.14582087,27.88131333333333,0.2021238234774602,27.56954766666667
2021-05-20 06:30:00,4.845106,997.37866,0.32593516,11.1724358,0.197096393,Yaas,Phase 1,1,10.8979959,6,20,140,1.0,6.123233995736766e-17,10.0865669,10.2108135,10.3870745,0.178637847,0.182316422,0.187171623,4.8938227,4.900509,4.8340416,997.7776,997.8441,997.68524,0.28006566,0.27044496,0.28147864,10.228151633333333,0.1510021939080758,10.671972916666666
2021-05-20 07:30:00,4.750202,996.734,0.30940148,10.8979959,0.193830788,Yaas,Phase 1,1,10.5859308,7,20,140,0.9659258262890684,-0.258819045,11.1724358,10.0865669,10.2108135,0.197096393,0.178637847,0.182316422,4.845106,4.8938227,4.900509,997.37866,997.7776,997.8441,0.32593516,0.28006566,0.27044496,10.489938733333334,0.5943155634083153,10.608660866666668
2021-05-20 08:30:00,4.591466,996.00354,0.317756,10.5859308,0.19087182,Yaas,Phase 1,1,10.2596264,8,20,140,0.8660254037844387,-0.5,10.8979959,11.1724358,10.0865669,0.193830788,0.197096393,0.178637847,4.750202,4.845106,4.8938227,996.734,997.37866,997.7776,0.30940148,0.32593516,0.28006566,10.718999533333331,0.5646304910795238,10.583960216666666
2021-05-20 09:30:00,4.4183745,995.21185,0.35192537,10.2596264,0.187133029,Yaas,Phase 1,1,10.0684986,9,20,140,0.7071067811865476,-0.707106781,10.5859308,10.8979959,11.1724358,0.19087182,0.193830788,0.197096393,4.591466,4.750202,4.845106,996.00354,996.734,997.37866,0.317756,0.30940148,0.32593516,10.885454166666667,0.293453574,10.5568029
2021-05-20 10:30:00,4.0509863,994.3695,0.3756173,10.0684986,0.185446441,Yaas,Phase 1,1,10.0586367,10,20,140,0.4999999999999999,-0.866025404,10.2596264,10.5859308,10.8979959,0.187133029,0.19087182,0.193830788,4.4183745,4.591466,4.750202,995.21185,996.00354,996.734,0.35192537,0.317756,0.30940148,10.581184366666667,0.3192112170720219,10.53556155
2021-05-20 11:30:00,3.8800032,994.48773,0.3702267,10.0586367,0.183826432,Yaas,Phase 1,1,10.5104313,11,20,140,0.258819045,-0.965925826,10.0684986,10.2596264,10.5859308,0.185446441,0.187133029,0.19087182,4.0509863,4.4183745,4.591466,994.3695,995.21185,996.00354,0.3756173,0.35192537,0.317756,10.304685266666668,0.261642401950007,10.5118424
2021-05-20 12:30:00,3.7379866,994.86444,0.322716,10.5104313,0.184256643,Yaas,Phase 1,1,10.8865013,12,20,140,1.2246467991473532e-16,-1.0,10.0586367,10.0684986,10.2596264,0.183826432,0.185446441,0.187133029,3.8800032,4.0509863,4.4183745,994.48773,994.3695,995.21185,0.3702267,0.3756173,0.35192537,10.128920566666666,0.1133019215124671,10.507187366666663
2021-05-20 13:30:00,3.693395,995.6718,0.26597553,10.8865013,0.184559733,Yaas,Phase 1,1,11.1259289,13,20,140,-0.258819045,-0.965925826,10.5104313,10.0586367,10.0684986,0.184256643,0.183826432,0.185446441,3.7379866,3.8800032,4.0509863,994.86444,994.48773,994.3695,0.322716,0.3702267,0.3756173,10.2125222,0.2580439655659572,10.396853283333334
2021-05-20 14:30:00,3.7888217,996.3187,0.22843167,11.1259289,0.184834629,Yaas,Phase 1,1,11.2650156,14,20,140,-0.5,-0.866025404,10.8865013,10.5104313,10.0586367,0.184559733,0.184256643,0.183826432,3.693395,3.7379866,3.8800032,995.6718,994.86444,994.48773,0.26597553,0.322716,0.3702267,10.485189766666666,0.4145091075441538,10.394937516666667
2021-05-20 15:30:00,3.9418929,997.0518,0.24696913,11.2650156,0.186724693,Yaas,Phase 1,1,11.3982754,15,20,140,-0.707106781,-0.707106781,11.1259289,10.8865013,10.5104313,0.184834629,0.184559733,0.184256643,3.7888217,3.693395,3.7379866,996.3187,995.6718,994.86444,0.22843167,0.26597553,0.322716,10.840953833333336,0.3102664221137265,10.4849372
2021-05-20 16:30:00,4.0821424,997.4304,0.26720083,11.3982754,0.188023672,Yaas,Phase 1,1,11.5658922,16,20,140,-0.866025404,-0.5,11.2650156,11.1259289,10.8865013,0.186724693,0.184834629,0.184559733,3.9418929,3.7888217,3.693395,997.0518,996.3187,995.6718,0.24696913,0.22843167,0.26597553,11.092481933333334,0.1914609451311827,10.652502066666663
2021-05-20 17:30:00,4.2121754,997.5843,0.27880642,11.5658922,0.18762508,Yaas,Phase 1,1,11.5347338,17,20,140,-0.965925826,-0.258819045,11.3982754,11.2650156,11.1259289,0.188023672,0.186724693,0.184834629,4.0821424,3.9418929,3.7888217,997.4304,997.0518,996.3187,0.26720083,0.24696913,0.22843167,11.2630733,0.1361836385640151,10.874131533333331
2021-05-20 18:30:00,4.314426,997.1445,0.3217527,11.5347338,0.187164322,Yaas,Phase 1,1,11.3762217,18,20,140,-1.0,-1.84e-16,11.5658922,11.3982754,11.2650156,0.18762508,0.188023672,0.186724693,4.2121754,4.0821424,3.9418929,997.5843,997.4304,997.0518,0.27880642,0.26720083,0.24696913,11.409727733333334,0.1507648800648848,11.125340783333334
2021-05-20 19:30:00,4.4194956,996.51245,0.31659588,11.3762217,0.18603982,Yaas,Phase 1,1,11.2022991,19,20,140,-0.965925826,0.2588190451025203,11.5347338,11.5658922,11.3982754,0.187164322,0.18762508,0.188023672,4.314426,4.2121754,4.0821424,997.1445,997.5843,997.4304,0.3217527,0.27880642,0.26720083,11.4996338,0.089150745,11.296057866666668
2021-05-20 20:30:00,4.4719944,996.002,0.40451574,11.2022991,0.184305802,Yaas,Phase 1,1,11.1910601,20,20,140,-0.866025404,0.5000000000000001,11.3762217,11.5347338,11.5658922,0.18603982,0.187164322,0.18762508,4.4194956,4.314426,4.2121754,996.51245,997.1445,997.5843,0.31659588,0.3217527,0.27880642,11.492282566666669,0.1017118727150858,11.377677933333333
2021-05-20 21:30:00,4.461475,995.56586,0.45714557,11.1910601,0.184080571,Yaas,Phase 1,1,11.3247986,21,20,140,-0.707106781,0.7071067811865474,11.2022991,11.3762217,11.5347338,0.184305802,0.18603982,0.187164322,4.4719944,4.4194956,4.314426,996.002,996.51245,997.1445,0.40451574,0.31659588,0.3217527,11.371084866666664,0.1662768707113189,11.3904063
2021-05-20 22:30:00,4.1344647,995.36096,0.48037532,11.3247986,0.184244066,Yaas,Phase 1,1,11.3756037,22,20,140,-0.5,0.8660254037844384,11.1910601,11.2022991,11.3762217,0.184080571,0.184305802,0.18603982,4.461475,4.4719944,4.4194956,995.56586,996.002,996.51245,0.45714557,0.40451574,0.31659588,11.256526966666668,0.1038108889811556,11.378080383333334
2021-05-20 23:30:00,4.047892,995.5379,0.4898606,11.3756037,0.184095308,Yaas,Phase 1,1,11.5866346,23,20,140,-0.258819045,0.965925826289068,11.3247986,11.1910601,11.2022991,0.184244066,0.184080571,0.184305802,4.1344647,4.461475,4.4719944,995.36096,995.56586,996.002,0.48037532,0.45714557,0.40451574,11.239385933333333,0.07418269,11.36583425
2021-05-21 00:30:00,3.9385898,995.91406,0.48778784,11.5866346,0.185067907,Yaas,Phase 1,1,11.5231352,0,21,141,0.0,1.0,11.3756037,11.3247986,11.1910601,0.184095308,0.184244066,0.184080571,4.047892,4.1344647,4.461475,995.5379,995.36096,995.56586,0.4898606,0.48037532,0.45714557,11.297154133333333,0.095327055,11.3341195
2021-05-21 01:30:00,3.9260833,996.6997,0.4311514,11.5231352,0.185244218,Yaas,Phase 1,1,11.1268225,1,21,141,0.2588190451025207,0.9659258262890684,11.5866346,11.3756037,11.3247986,0.185067907,0.184095308,0.184244066,3.9385898,4.047892,4.1344647,995.91406,995.5379,995.36096,0.48778784,0.4898606,0.48037532,11.429012299999998,0.1388484124485232,11.342769633333331
2021-05-21 02:30:00,4.013324,997.32947,0.40648562,11.1268225,0.18476513,Yaas,Phase 1,1,10.7186174,2,21,141,0.4999999999999999,0.8660254037844387,11.5231352,11.5866346,11.3756037,0.185244218,0.185067907,0.184095308,3.9260833,3.9385898,4.047892,996.6997,995.91406,995.5379,0.4311514,0.48778784,0.4898606,11.4951245,0.1082679993099321,11.367255216666663
2021-05-21 03:30:00,4.063075,997.81036,0.43557945,10.7186174,0.186393172,Yaas,Phase 1,1,10.5849991,3,21,141,0.7071067811865475,0.7071067811865476,11.1268225,11.5231352,11.5866346,0.18476513,0.185244218,0.185067907,4.013324,3.9260833,3.9385898,997.32947,996.6997,995.91406,0.40648562,0.4311514,0.48778784,11.412197433333333,0.2491729978977432,11.354675783333333
2021-05-21 04:30:00,4.1320524,997.8949,0.4551279,10.5849991,0.188483134,Yaas,Phase 1,1,10.5032272,4,21,141,0.8660254037844386,0.5000000000000001,10.7186174,11.1268225,11.5231352,0.186393172,0.18476513,0.185244218,4.063075,4.013324,3.9260833,997.81036,997.32947,996.6997,0.43557945,0.40648562,0.4311514,11.122858366666668,0.4022735492100225,11.275935333333331
2021-05-21 05:30:00,4.1812344,997.7255,0.46925086,10.5032272,0.190204978,Yaas,Phase 1,1,12.5941458,5,21,141,0.9659258262890684,0.2588190451025207,10.5849991,10.7186174,11.1268225,0.188483134,0.186393172,0.18476513,4.1320524,4.063075,4.013324,997.8949,997.81036,997.32947,0.4551279,0.43557945,0.40648562,10.810146333333334,0.2822699212185868,11.152635416666667
2021-05-21 06:30:00,4.251316,997.1331,0.48594457,12.5941458,0.225640252,Yaas,Phase 1,1,12.4712305,6,21,141,1.0,6.123233995736766e-17,10.5032272,10.5849991,10.7186174,0.190204978,0.188483134,0.186393172,4.1812344,4.1320524,4.063075,997.7255,997.8949,997.81036,0.46925086,0.4551279,0.43557945,10.602281233333333,0.1087301184742609,11.007239333333333
2021-05-21 07:30:00,4.3184857,996.39655,0.39381635,12.4712305,0.226216584,Yaas,Phase 1,1,12.2275515,7,21,141,0.9659258262890684,-0.258819045,12.5941458,10.5032272,10.5849991,0.225640252,0.190204978,0.188483134,4.251316,4.1812344,4.1320524,997.1331,997.7255,997.8949,0.48594457,0.46925086,0.4551279,11.227457366666664,1.1842928760499858,11.175157866666666
2021-05-21 08:30:00,4.3902464,995.5906,0.4835337,12.2275515,0.225162297,Yaas,Phase 1,1,12.7252464,8,21,141,0.8660254037844387,-0.5,12.4712305,12.5941458,10.5032272,0.226216584,0.225640252,0.190204978,4.3184857,4.251316,4.1812344,996.39655,997.1331,997.7255,0.39381635,0.48594457,0.46925086,11.856201166666668,1.1733204841823175,11.33317375
2021-05-21 09:30:00,4.4910355,994.9045,0.5340813,12.7252464,0.238818541,Yaas,Phase 1,1,12.4009161,9,21,141,0.7071067811865476,-0.707106781,12.2275515,12.4712305,12.5941458,0.225162297,0.226216584,0.225640252,4.3902464,4.3184857,4.251316,995.5906,996.39655,997.1331,0.4835337,0.39381635,0.48594457,12.430975933333334,0.1865828711357691,11.516628583333334
2021-05-21 10:30:00,4.153491,994.3973,0.5826298,12.4009161,0.238621488,Yaas,Phase 1,1,12.1706161,10,21,141,0.4999999999999999,-0.866025404,12.7252464,12.2275515,12.4712305,0.238818541,0.225162297,0.226216584,4.4910355,4.3902464,4.3184857,994.9045,995.5906,996.39655,0.5340813,0.4835337,0.39381635,12.474676133333334,0.2488653404218974,11.85106675
2021-05-21 11:30:00,4.218112,994.47736,0.56563747,12.1706161,0.236085385,Yaas,Phase 1,1,12.3455591,11,21,141,0.258819045,-0.965925826,12.4009161,12.7252464,12.2275515,0.238621488,0.238818541,0.225162297,4.153491,4.4910355,4.3902464,994.3973,994.9045,995.5906,0.5826298,0.5340813,0.4835337,12.451237999999998,0.2526346642608919,12.153719583333334
2021-05-21 12:30:00,4.3793416,994.7261,0.5233939,12.3455591,0.235294998,Yaas,Phase 1,1,12.7512655,12,21,141,1.2246467991473532e-16,-1.0,12.1706161,12.4009161,12.7252464,0.236085385,0.238621488,0.238818541,4.218112,4.153491,4.4910355,994.47736,994.3973,994.9045,0.56563747,0.5826298,0.5340813,12.432259533333337,0.2786404502748425,12.431617733333333
2021-05-21 13:30:00,4.5803685,995.4271,0.49941772,12.7512655,0.232391641,Yaas,Phase 1,1,13.1911316,13,21,141,-0.258819045,-0.965925826,12.3455591,12.1706161,12.4009161,0.235294998,0.236085385,0.238621488,4.3793416,4.218112,4.153491,994.7261,994.47736,994.3973,0.5233939,0.56563747,0.5826298,12.305697099999998,0.1202133802161961,12.390186616666668
2021-05-21 14:30:00,4.7616444,995.9927,0.4589377,13.1911316,0.229451835,Yaas,Phase 1,1,13.4893827,14,21,141,-0.5,-0.866025404,12.7512655,12.3455591,12.1706161,0.232391641,0.235294998,0.236085385,4.5803685,4.3793416,4.218112,995.4271,994.7261,994.47736,0.49941772,0.5233939,0.56563747,12.422480233333332,0.2978692280096374,12.436859116666668
2021-05-21 15:30:00,4.8869824,996.60205,0.42716527,13.4893827,0.227170855,Yaas,Phase 1,1,13.6984196,15,21,141,-0.707106781,-0.707106781,13.1911316,12.7512655,12.3455591,0.229451835,0.232391641,0.235294998,4.7616444,4.5803685,4.3793416,995.9927,995.4271,994.7261,0.4589377,0.49941772,0.5233939,12.762652066666666,0.4229012338766678,12.5974558
2021-05-21 16:30:00,5.0102463,997.02466,0.40418935,13.6984196,0.224148273,Yaas,Phase 1,1,13.775424,16,21,141,-0.866025404,-0.5,13.4893827,13.1911316,12.7512655,0.227170855,0.229451835,0.232391641,4.8869824,4.7616444,4.5803685,996.60205,995.9927,995.4271,0.42716527,0.4589377,0.49941772,13.1439266,0.3713158820367294,12.72481185
2021-05-21 17:30:00,5.0399594,997.06366,0.44817847,13.775424,0.222709775,Yaas,Phase 1,1,13.9133015,17,21,141,-0.965925826,-0.258819045,13.6984196,13.4893827,13.1911316,0.224148273,0.227170855,0.229451835,5.0102463,4.8869824,4.7616444,997.02466,996.60205,995.9927,0.40418935,0.42716527,0.4589377,13.459644633333331,0.2549481186296692,12.941062433333334
2021-05-21 18:30:00,5.1249905,996.574,0.49845788,13.9133015,0.224353403,Yaas,Phase 1,1,13.934474,18,21,141,-1.0,-1.84e-16,13.775424,13.6984196,13.4893827,0.222709775,0.224148273,0.227170855,5.0399594,5.0102463,4.8869824,997.06366,997.02466,996.60205,0.44817847,0.40418935,0.42716527,13.654408766666668,0.1480122340026249,13.208530416666669
2021-05-21 19:30:00,5.161978,995.786,0.5334577,13.934474,0.226334006,Yaas,Phase 1,1,13.9601402,19,21,141,-0.965925826,0.2588190451025203,13.9133015,13.775424,13.6984196,0.224353403,0.222709775,0.224148273,5.1249905,5.0399594,5.0102463,996.574,997.06366,997.02466,0.49845788,0.44817847,0.40418935,13.795715033333332,0.1088685090474192,13.469820816666669
2021-05-21 20:30:00,5.195717,995.11884,0.57045245,13.9601402,0.227312014,Yaas,Phase 1,1,14.1660767,20,21,141,-0.866025404,0.5000000000000001,13.934474,13.9133015,13.775424,0.226334006,0.224353403,0.222709775,5.161978,5.1249905,5.0399594,995.786,996.574,997.06366,0.5334577,0.49845788,0.44817847,13.874399833333332,0.086366836,13.667022233333332
2021-05-21 21:30:00,5.1397257,994.5717,0.61998427,14.1660767,0.229471624,Yaas,Phase 1,1,14.2867641,21,21,141,-0.707106781,0.7071067811865474,13.9601402,13.934474,13.9133015,0.227312014,0.226334006,0.224353403,5.195717,5.161978,5.1249905,995.11884,995.786,996.574,0.57045245,0.5334577,0.49845788,13.935971899999998,0.02345525,13.795190333333332
2021-05-21 22:30:00,4.586928,994.19836,0.6669681,14.2867641,0.231025949,Yaas,Phase 1,1,14.3131065,22,21,141,-0.5,0.8660254037844384,14.1660767,13.9601402,13.934474,0.229471624,0.227312014,0.226334006,5.1397257,5.195717,5.161978,994.5717,995.11884,995.786,0.61998427,0.57045245,0.5334577,14.0202303,0.12695695235132,13.907972666666666
2021-05-21 23:30:00,4.530248,994.2816,0.66186106,14.3131065,0.232089952,Yaas,Phase 1,1,14.664113,23,21,141,-0.258819045,0.965925826289068,14.2867641,14.1660767,13.9601402,0.231025949,0.229471624,0.227312014,4.586928,5.1397257,5.195717,994.19836,994.5717,995.11884,0.6669681,0.61998427,0.57045245,14.137660333333336,0.165155715716136,14.006030083333334
2021-05-22 00:30:00,4.382329,994.7073,0.65422344,14.664113,0.23379527,Yaas,Phase 1,1,15.2504215,0,22,142,0.0,1.0,14.3131065,14.2867641,14.1660767,0.232089952,0.231025949,0.229471624,4.530248,4.586928,5.1397257,994.2816,994.19836,994.5717,0.66186106,0.6669681,0.61998427,14.255315766666667,0.078397632,14.095643833333332
2021-05-22 01:30:00,4.2293224,995.4739,0.6220602,15.2504215,0.232839465,Yaas,Phase 1,1,14.9583921,1,22,142,0.2588190451025207,0.9659258262890684,14.664113,14.3131065,14.2867641,0.23379527,0.232089952,0.231025949,4.382329,4.530248,4.586928,994.7073,994.2816,994.19836,0.65422344,0.66186106,0.6669681,14.421327866666669,0.2106702310133336,14.220779083333332
2021-05-22 02:30:00,4.0831547,996.0583,0.6012082,14.9583921,0.230622783,Yaas,Phase 1,1,14.2713671,2,22,142,0.4999999999999999,0.8660254037844387,15.2504215,14.664113,14.3131065,0.232839465,0.23379527,0.232089952,4.2293224,4.382329,4.530248,995.4739,994.7073,994.2816,0.6220602,0.65422344,0.66186106,14.742547,0.4735544019151982,14.440103666666666
2021-05-22 03:30:00,3.9891129,996.3869,0.6059147,14.2713671,0.231026947,Yaas,Phase 1,1,14.1398277,3,22,142,0.7071067811865475,0.7071067811865476,14.9583921,15.2504215,14.664113,0.230622783,0.232839465,0.23379527,4.0831547,4.2293224,4.382329,996.0583,995.4739,994.7073,0.6012082,0.6220602,0.65422344,14.9576422,0.2931549693516784,14.606478983333332
2021-05-22 04:30:00,3.917566,996.5069,0.636869,14.1398277,0.231794864,Yaas,Phase 1,1,14.2394514,4,22,142,0.8660254037844386,0.5000000000000001,14.2713671,14.9583921,15.2504215,0.231026947,0.230622783,0.232839465,3.9891129,4.0831547,4.2293224,996.3869,996.0583,995.4739,0.6059147,0.6012082,0.6220602,14.8267269,0.5026317471152525,14.624027383333331
2021-05-22 05:30:00,3.9045973,996.20734,0.65304244,14.2394514,0.232228622,Yaas,Phase 1,1,14.0583038,5,22,142,0.9659258262890684,0.2588190451025207,14.1398277,14.2713671,14.9583921,0.231794864,0.231026947,0.230622783,3.917566,3.9891129,4.0831547,996.5069,996.3869,996.0583,0.636869,0.6059147,0.6012082,14.456528966666667,0.4395743473946807,14.599537983333333
2021-05-22 06:30:00,3.937701,995.55505,0.6866779,14.0583038,0.249405712,Yaas,Phase 1,1,14.0035925,6,22,142,1.0,6.123233995736766e-17,14.2394514,14.1398277,14.2713671,0.232228622,0.231794864,0.231026947,3.9045973,3.917566,3.9891129,996.20734,996.5069,996.3869,0.65304244,0.636869,0.6059147,14.216882066666663,0.068612568,14.587262133333336
2021-05-22 07:30:00,3.939506,994.77515,0.68547386,14.0035925,0.249599218,Yaas,Phase 1,1,13.928894,7,22,142,0.9659258262890684,-0.258819045,14.0583038,14.2394514,14.1398277,0.249405712,0.232228622,0.231794864,3.937701,3.9045973,3.917566,995.55505,996.20734,996.5069,0.6866779,0.65304244,0.636869,14.145860966666667,0.090724382,14.48629393333333
2021-05-22 08:30:00,3.9366388,993.90283,0.71735454,13.928894,0.24941133,Yaas,Phase 1,1,14.4625559,8,22,142,0.8660254037844387,-0.5,14.0035925,14.0583038,14.2394514,0.249599218,0.249405712,0.232228622,3.939506,3.937701,3.9045973,994.77515,995.55505,996.20734,0.68547386,0.6866779,0.65304244,14.100449233333334,0.123448504812511,14.278489100000002
2021-05-22 09:30:00,3.9590328,993.33844,0.7263718,14.4625559,0.258631915,Yaas,Phase 1,1,14.1889725,9,22,142,0.7071067811865476,-0.707106781,13.928894,14.0035925,14.0583038,0.24941133,0.249599218,0.249405712,3.9366388,3.939506,3.937701,993.90283,994.77515,995.55505,0.71735454,0.68547386,0.6866779,13.9969301,0.064961641,14.106906083333335
2021-05-22 10:30:00,3.9766707,992.5633,0.7478906,14.1889725,0.260770023,Yaas,Phase 1,1,14.1480465,10,22,142,0.4999999999999999,-0.866025404,14.4625559,13.928894,14.0035925,0.258631915,0.24941133,0.249599218,3.9590328,3.9366388,3.939506,993.33844,993.90283,994.77515,0.7263718,0.71735454,0.68547386,14.1316808,0.2889700941716486,14.138770883333336
2021-05-22 11:30:00,3.9478054,992.58453,0.7239474,14.1480465,0.261370718,Yaas,Phase 1,1,14.7440166,11,22,142,0.258819045,-0.965925826,14.1889725,14.4625559,13.928894,0.260770023,0.258631915,0.24941133,3.9766707,3.9590328,3.9366388,992.5633,993.33844,993.90283,0.7478906,0.7263718,0.71735454,14.193474133333332,0.2668594281731598,14.146961683333332
2021-05-22 12:30:00,3.9800737,992.64795,0.6853256,14.7440166,0.264460623,Yaas,Phase 2,2,15.3258886,12,22,142,1.2246467991473532e-16,-1.0,14.1480465,14.1889725,14.4625559,0.261370718,0.260770023,0.258631915,3.9478054,3.9766707,3.9590328,992.58453,992.5633,993.33844,0.7239474,0.7478906,0.7263718,14.266524966666664,0.1709965774121131,14.131727533333333
2021-05-22 13:30:00,4.078427,993.07874,0.66042924,15.3258886,0.264004201,Yaas,Phase 2,2,15.9390745,13,22,142,-0.258819045,-0.965925826,14.7440166,14.1480465,14.1889725,0.264460623,0.261370718,0.260770023,3.9800737,3.9478054,3.9766707,992.64795,992.58453,992.5633,0.6853256,0.7239474,0.7478906,14.3603452,0.3328986959308722,14.246013
2021-05-22 14:30:00,4.146401,993.84924,0.6571782,15.9390745,0.263634562,Yaas,Phase 2,2,16.4245186,14,22,142,-0.5,-0.866025404,15.3258886,14.7440166,14.1480465,0.264004201,0.264460623,0.261370718,4.078427,3.9800737,3.9478054,993.07874,992.64795,992.58453,0.66042924,0.6853256,0.7239474,14.739317233333333,0.588935112,14.466395683333332
2021-05-22 15:30:00,4.224282,994.5514,0.633307,16.4245186,0.265704334,Yaas,Phase 2,2,16.6809731,15,22,142,-0.707106781,-0.707106781,15.9390745,15.3258886,14.7440166,0.263634562,0.264004201,0.264460623,4.146401,4.078427,3.9800737,993.84924,993.07874,992.64795,0.6571782,0.66042924,0.6853256,15.336326566666669,0.5975973221570073,14.801425766666666
2021-05-22 16:30:00,4.3339996,994.98157,0.6284887,16.6809731,0.267355591,Yaas,Phase 2,2,16.8434238,16,22,142,-0.866025404,-0.5,16.4245186,15.9390745,15.3258886,0.265704334,0.263634562,0.264004201,4.224282,4.146401,4.078427,994.5514,993.84924,993.07874,0.633307,0.6571782,0.66042924,15.8964939,0.5505513598632745,15.128419549999998
2021-05-22 17:30:00,4.4386783,994.9833,0.65790313,16.8434238,0.269790739,Yaas,Phase 2,2,16.9364929,17,22,142,-0.965925826,-0.258819045,16.6809731,16.4245186,15.9390745,0.267355591,0.265704334,0.263634562,4.3339996,4.224282,4.146401,994.98157,994.5514,993.84924,0.6284887,0.633307,0.6571782,16.348188733333334,0.3767931389762062,15.543752983333334
2021-05-22 18:30:00,4.556319,994.4102,0.7127096,16.9364929,0.271656305,Yaas,Phase 2,2,17.0103741,18,22,142,-1.0,-1.84e-16,16.8434238,16.6809731,16.4245186,0.269790739,0.267355591,0.265704334,4.4386783,4.3339996,4.224282,994.9833,994.98157,994.5514,0.65790313,0.6284887,0.633307,16.6496385,0.2112031830126506,15.992982533333333
2021-05-22 19:30:00,4.6895456,993.6933,0.78739136,17.0103741,0.273741096,Yaas,Phase 2,2,17.1567173,19,22,142,-0.965925826,0.2588190451025203,16.9364929,16.8434238,16.6809731,0.271656305,0.269790739,0.267355591,4.556319,4.4386783,4.3339996,994.4102,994.9833,994.98157,0.7127096,0.65790313,0.6284887,16.820296600000002,0.1293203100171726,16.35839525
2021-05-22 20:30:00,4.711522,992.99805,0.8031541,17.1567173,0.274152905,Yaas,Phase 2,2,17.3805237,20,22,142,-0.866025404,0.5000000000000001,17.0103741,16.9364929,16.8434238,0.273741096,0.271656305,0.269790739,4.6895456,4.556319,4.4386783,993.6933,994.4102,994.9833,0.78739136,0.7127096,0.65790313,16.93009693333333,0.083658723,16.639142833333334
2021-05-22 21:30:00,4.649144,992.6022,0.8111876,17.3805237,0.275268286,Yaas,Phase 2,2,17.4617901,21,22,142,-0.707106781,0.7071067811865474,17.1567173,17.0103741,16.9364929,0.274152905,0.273741096,0.271656305,4.711522,4.6895456,4.556319,992.99805,993.6933,994.4102,0.8031541,0.78739136,0.7127096,17.0345281,0.1120814809676011,16.8420833
2021-05-22 22:30:00,4.338135,992.5591,0.81954527,17.4617901,0.277279377,Yaas,Phase 2,2,17.5154381,22,22,142,-0.5,0.8660254037844384,17.3805237,17.1567173,17.0103741,0.275268286,0.274152905,0.273741096,4.649144,4.711522,4.6895456,992.6022,992.99805,993.6933,0.8111876,0.8031541,0.78739136,17.182538366666666,0.1864208336209936,17.001417483333334
2021-05-22 23:30:00,4.282073,992.7605,0.86780417,17.5154381,0.277751505,Yaas,Phase 2,2,17.8986282,23,22,142,-0.258819045,0.965925826289068,17.4617901,17.3805237,17.1567173,0.277279377,0.275268286,0.274152905,4.338135,4.649144,4.711522,992.5591,992.6022,992.99805,0.81954527,0.8111876,0.8031541,17.333010366666667,0.1579888950475581,17.13155365
2021-05-23 00:30:00,4.1600666,993.24304,0.9276969,17.8986282,0.279881954,Yaas,Phase 2,2,18.4844761,0,23,143,0.0,1.0,17.5154381,17.4617901,17.3805237,0.277751505,0.277279377,0.275268286,4.282073,4.338135,4.649144,992.7605,992.5591,992.6022,0.86780417,0.81954527,0.8111876,17.45258396666667,0.067926714,17.243556033333334
2021-05-23 01:30:00,4.0161686,994.04407,0.9818539,18.4844761,0.282114714,Yaas,Phase 2,2,17.7706108,1,23,143,0.2588190451025207,0.9659258262890684,17.8986282,17.5154381,17.4617901,0.279881954,0.277751505,0.277279377,4.1600666,4.282073,4.338135,993.24304,992.7605,992.5591,0.9276969,0.86780417,0.81954527,17.625285466666668,0.2382366772259538,17.40391191666667
2021-05-23 02:30:00,3.908863,994.65704,1.0355302,17.7706108,0.28535217,Yaas,Phase 2,2,17.9622173,2,23,143,0.4999999999999999,0.8660254037844387,18.4844761,17.8986282,17.5154381,0.282114714,0.279881954,0.277751505,4.0161686,4.1600666,4.282073,994.04407,993.24304,992.7605,0.9818539,0.9276969,0.86780417,17.9661808,0.4880380893804664,17.649595583333333
2021-05-23 03:30:00,3.8113155,995.03326,1.1126511,17.9622173,0.30836919,Yaas,Phase 2,2,18.0291634,3,23,143,0.7071067811865475,0.7071067811865476,17.7706108,18.4844761,17.8986282,0.28535217,0.282114714,0.279881954,3.908863,4.0161686,4.1600666,994.65704,994.04407,993.24304,1.0355302,0.9818539,0.9276969,18.051238366666663,0.3806157036481963,17.751911166666666
2021-05-23 04:30:00,3.7432015,995.19727,1.1261795,18.0291634,0.312926561,Yaas,Phase 2,2,18.2140751,4,23,143,0.8660254037844386,0.5000000000000001,17.9622173,17.7706108,18.4844761,0.30836919,0.28535217,0.282114714,3.8113155,3.908863,4.0161686,995.03326,994.65704,994.04407,1.1126511,1.0355302,0.9818539,18.07243473333333,0.3694750716814769,17.8488601
2021-05-23 05:30:00,3.6990945,994.9204,1.1133446,18.2140751,0.317347944,Yaas,Phase 2,2,17.5413399,5,23,143,0.9659258262890684,0.2588190451025207,18.0291634,17.9622173,17.7706108,0.312926561,0.30836919,0.28535217,3.7432015,3.8113155,3.908863,995.19727,995.03326,994.65704,1.1261795,1.1126511,1.0355302,17.920663833333332,0.1341915782967435,17.943422316666666
2021-05-23 06:30:00,3.7042587,994.3236,1.0802929,17.5413399,0.317320138,Yaas,Phase 2,2,17.3768597,6,23,143,1.0,6.123233995736766e-17,18.2140751,18.0291634,17.9622173,0.317347944,0.312926561,0.30836919,3.6990945,3.7432015,3.8113155,994.9204,995.19727,995.03326,1.1133446,1.1261795,1.1126511,18.068485266666663,0.1304520783808857,18.059861816666665
2021-05-23 07:30:00,3.7053423,993.51776,1.2208536,17.3768597,0.320247173,Yaas,Phase 2,2,17.0166111,7,23,143,0.9659258262890684,-0.258819045,17.5413399,18.2140751,18.0291634,0.317320138,0.317347944,0.312926561,3.7042587,3.6990945,3.7432015,994.3236,994.9204,995.19727,1.0802929,1.1133446,1.1261795,17.9281928,0.3475477792737251,18.000313766666665
2021-05-23 08:30:00,3.7426512,992.6652,1.2220587,17.0166111,0.323152214,Yaas,Phase 2,2,19.8373108,8,23,143,0.8660254037844387,-0.5,17.3768597,17.5413399,18.2140751,0.320247173,0.317320138,0.317347944,3.7053423,3.7042587,3.6990945,993.51776,994.3236,994.9204,1.2208536,1.0802929,1.1133446,17.710758233333333,0.4435756251773072,17.815711033333333
2021-05-23 09:30:00,3.7314105,991.774,1.2301464,19.8373108,0.361909986,Yaas,Phase 2,2,19.1203594,9,23,143,0.7071067811865476,-0.707106781,17.0166111,17.3768597,17.5413399,0.323152214,0.320247173,0.317320138,3.7426512,3.7053423,3.7042587,992.6652,993.51776,994.3236,1.2220587,1.2208536,1.0802929,17.311603566666665,0.2683819118171667,17.690044416666666
2021-05-23 10:30:00,3.693913,990.9705,1.1893455,19.1203594,0.368492812,Yaas,Phase 2,2,18.9722919,10,23,143,0.4999999999999999,-0.866025404,19.8373108,17.0166111,17.3768597,0.361909986,0.323152214,0.320247173,3.7314105,3.7426512,3.7053423,991.774,992.6652,993.51776,1.2301464,1.2220587,1.2208536,18.0769272,1.5351408983582833,18.002560000000003
2021-05-23 11:30:00,3.5544455,991.0676,1.0904151,18.9722919,0.37360689,Yaas,Phase 2,2,19.4771442,11,23,143,0.258819045,-0.965925826,19.1203594,19.8373108,17.0166111,0.368492812,0.361909986,0.323152214,3.693913,3.7314105,3.7426512,990.9705,991.774,992.6652,1.1893455,1.2301464,1.2220587,18.658093766666667,1.4660674732821444,18.184426
2021-05-23 12:30:00,3.540134,991.32697,1.0275968,19.4771442,0.375075519,Yaas,Phase 2,2,19.8359051,12,23,143,1.2246467991473532e-16,-1.0,18.9722919,19.1203594,19.8373108,0.37360689,0.368492812,0.361909986,3.5544455,3.693913,3.7314105,991.0676,990.9705,991.774,1.0904151,1.1893455,1.2301464,19.309987366666665,0.4626375456509858,18.310795466666665
2021-05-23 13:30:00,3.564988,992.1506,0.9193496,19.8359051,0.375998408,Yaas,Phase 2,2,20.2236156,13,23,143,-0.258819045,-0.965925826,19.4771442,18.9722919,19.1203594,0.375075519,0.37360689,0.368492812,3.540134,3.5544455,3.693913,991.32697,991.0676,990.9705,1.0275968,1.0904151,1.1893455,19.189931833333333,0.2595172514763299,18.63342951666667
2021-05-23 14:30:00,3.5744092,992.67303,0.83523464,20.2236156,0.379757583,Yaas,Phase 2,2,20.4670887,14,23,143,-0.5,-0.866025404,19.8359051,19.4771442,18.9722919,0.375998408,0.375075519,0.37360689,3.564988,3.540134,3.5544455,992.1506,991.32697,991.0676,0.9193496,1.0275968,1.0904151,19.428447066666667,0.433861150484564,19.04327041666667
2021-05-23 15:30:00,3.6228137,993.517,0.7501894,20.4670887,0.384680033,Yaas,Phase 2,2,20.4127293,15,23,143,-0.707106781,-0.707106781,20.2236156,19.8359051,19.4771442,0.379757583,0.375998408,0.375075519,3.5744092,3.564988,3.540134,992.67303,992.1506,991.32697,0.83523464,0.9193496,1.0275968,19.84555496666667,0.3733292483848093,19.57777116666667
2021-05-23 16:30:00,3.6697893,993.9066,0.68584996,20.4127293,0.390277088,Yaas,Phase 2,2,20.3091431,16,23,143,-0.866025404,-0.5,20.4670887,20.2236156,19.8359051,0.384680033,0.379757583,0.375998408,3.6228137,3.5744092,3.564988,993.517,992.67303,992.1506,0.7501894,0.83523464,0.9193496,20.175536466666667,0.318326697786826,19.68273415
2021-05-23 17:30:00,3.7114613,994.0759,0.6710835,20.3091431,0.395550817,Yaas,Phase 2,2,20.1811047,17,23,143,-0.965925826,-0.258819045,20.4127293,20.4670887,20.2236156,0.390277088,0.384680033,0.379757583,3.6697893,3.6228137,3.5744092,993.9066,993.517,992.67303,0.68584996,0.7501894,0.83523464,20.3678112,0.1278006822621487,19.89812913333333
2021-05-23 18:30:00,3.8046288,993.6607,0.7350209,20.1811047,0.403304964,Yaas,Phase 2,2,20.1397457,18,23,143,-1.0,-1.84e-16,20.3091431,20.4127293,20.4670887,0.395550817,0.390277088,0.384680033,3.7114613,3.6697893,3.6228137,994.0759,993.9066,993.517,0.6710835,0.68584996,0.7501894,20.396320366666668,0.080241155,20.120937666666663
2021-05-23 19:30:00,3.9554653,993.0362,0.8002359,20.1397457,0.408160955,Yaas,Phase 2,2,20.3140202,19,23,143,-0.965925826,0.2588190451025203,20.1811047,20.3091431,20.4127293,0.403304964,0.395550817,0.390277088,3.8046288,3.7114613,3.6697893,993.6607,994.0759,993.9066,0.7350209,0.6710835,0.68584996,20.300992366666662,0.1160272152201961,20.238264416666667
2021-05-23 20:30:00,4.075465,992.151,0.8106036,20.3140202,0.412444681,Yaas,Phase 2,2,20.3348274,20,23,143,-0.866025404,0.5000000000000001,20.1397457,20.1811047,20.3091431,0.408160955,0.403304964,0.395550817,3.9554653,3.8046288,3.7114613,993.0362,993.6607,994.0759,0.8002359,0.7350209,0.6710835,20.209997833333333,0.088317493,20.288904516666666
2021-05-23 21:30:00,4.156483,991.71295,0.8342535,20.3348274,0.418586791,Yaas,Phase 2,2,20.2421436,21,23,143,-0.707106781,0.7071067811865474,20.3140202,20.1397457,20.1811047,0.412444681,0.408160955,0.403304964,4.075465,3.9554653,3.8046288,992.151,993.0362,993.6607,0.8106036,0.8002359,0.7350209,20.21162353333333,0.091057398,20.30397195
2021-05-23 22:30:00,3.7615404,991.1026,0.8721069,20.2421436,0.421903074,Yaas,Phase 2,2,20.1641827,22,23,143,-0.5,0.8660254037844384,20.3348274,20.3140202,20.1397457,0.418586791,0.412444681,0.408160955,4.156483,4.075465,3.9554653,991.71295,992.151,993.0362,0.8342535,0.8106036,0.8002359,20.26286443333333,0.1071303027449449,20.2819284
2021-05-23 23:30:00,3.8376813,991.1555,0.8957736,20.1641827,0.425457656,Yaas,Phase 2,2,20.2585907,23,23,143,-0.258819045,0.965925826289068,20.2421436,20.3348274,20.3140202,0.421903074,0.418586791,0.412444681,3.7615404,4.156483,4.075465,991.1026,991.71295,992.151,0.8721069,0.8342535,0.8106036,20.296997066666663,0.048630361,20.25349745
2021-05-24 00:30:00,3.8450892,991.3986,0.9190641,20.2585907,0.429953456,Yaas,Phase 2,2,20.4795189,0,24,144,0.0,1.0,20.1641827,20.2421436,20.3348274,0.425457656,0.421903074,0.418586791,3.8376813,3.7615404,4.156483,991.1555,991.1026,991.71295,0.8957736,0.8721069,0.8342535,20.24705123333333,0.08542814,20.22933738333333
2021-05-24 01:30:00,3.775409,992.0167,0.9528624,20.4795189,0.436334819,Yaas,Phase 2,2,19.5988388,1,24,144,0.2588190451025207,0.9659258262890684,20.2585907,20.1641827,20.2421436,0.429953456,0.425457656,0.421903074,3.8450892,3.8376813,3.7615404,991.3986,991.1555,991.1026,0.9190641,0.8957736,0.8721069,20.221639,0.050433586,20.24225171666667
2021-05-24 02:30:00,3.7454667,992.51056,0.97156656,19.5988388,0.445860654,Yaas,Phase 2,2,18.5099888,2,24,144,0.4999999999999999,0.8660254037844387,20.4795189,20.2585907,20.1641827,0.436334819,0.429953456,0.425457656,3.775409,3.8450892,3.8376813,992.0167,991.3986,991.1555,0.9528624,0.9190641,0.8957736,20.3007641,0.1618430613537051,20.29888058333333
2021-05-24 03:30:00,3.6676188,992.8685,0.94107074,18.5099888,0.458282471,Yaas,Phase 2,2,18.4629879,3,24,144,0.7071067811865475,0.7071067811865476,19.5988388,20.4795189,20.2585907,0.445860654,0.436334819,0.429953456,3.7454667,3.775409,3.8450892,992.51056,992.0167,991.3986,0.97156656,0.9528624,0.9190641,20.112316133333334,0.4581992429873746,20.179683683333334
2021-05-24 04:30:00,3.6052213,992.9228,0.9391949,18.4629879,0.467637092,Yaas,Phase 2,2,18.5070267,4,24,144,0.8660254037844386,0.5000000000000001,18.5099888,19.5988388,20.4795189,0.458282471,0.445860654,0.436334819,3.6676188,3.7454667,3.775409,992.8685,992.51056,992.0167,0.94107074,0.97156656,0.9528624,19.529448833333333,0.986596893015108,19.875543916666665
2021-05-24 05:30:00,3.6275358,992.80365,0.9288604,18.5070267,0.479764968,Yaas,Phase 2,2,19.5956211,5,24,144,0.9659258262890684,0.2588190451025207,18.4629879,18.5099888,19.5988388,0.467637092,0.458282471,0.445860654,3.6052213,3.6676188,3.7454667,992.9228,992.8685,992.51056,0.9391949,0.94107074,0.97156656,18.85727183333333,0.642645661,19.579017966666665
2021-05-24 06:30:00,3.7246547,992.3328,0.9855727,19.5956211,0.51779449,Yaas,Phase 2,2,19.7042103,6,24,144,1.0,6.123233995736766e-17,18.5070267,18.4629879,18.5099888,0.479764968,0.467637092,0.458282471,3.6275358,3.6052213,3.6676188,992.80365,992.9228,992.8685,0.9288604,0.9391949,0.94107074,18.493334466666667,0.026322597,19.3028253
2021-05-24 07:30:00,3.8741202,991.6731,1.2200019,19.7042103,0.524352849,Yaas,Phase 2,2,19.9504223,7,24,144,0.9659258262890684,-0.258819045,19.5956211,18.5070267,18.4629879,0.51779449,0.479764968,0.467637092,3.7246547,3.6275358,3.6052213,992.3328,992.80365,992.9228,0.9855727,0.9288604,0.9391949,18.8552119,0.6415911404936162,19.192330366666667
2021-05-24 08:30:00,4.0784545,990.69147,1.2799084,19.9504223,0.528726816,Yaas,Phase 2,2,20.5477085,8,24,144,0.8660254037844387,-0.5,19.7042103,19.5956211,18.5070267,0.524352849,0.51779449,0.479764968,3.8741202,3.7246547,3.6275358,991.6731,992.3328,992.80365,1.2200019,0.9855727,0.9288604,19.2689527,0.6620772807582358,19.063112266666668
2021-05-24 09:30:00,4.2261157,989.9836,1.2250668,20.5477085,0.549970746,Yaas,Phase 2,2,20.6101818,9,24,144,0.7071067811865476,-0.707106781,19.9504223,19.7042103,19.5956211,0.528726816,0.524352849,0.51779449,4.0784545,3.8741202,3.7246547,990.69147,991.6731,992.3328,1.2799084,1.2200019,0.9855727,19.75008456666667,0.1817946895183495,19.121709516666662
2021-05-24 10:30:00,3.6036491,989.03705,1.1087608,20.6101818,0.550519586,Yaas,Phase 2,2,21.0158253,10,24,144,0.4999999999999999,-0.866025404,20.5477085,19.9504223,19.7042103,0.549970746,0.528726816,0.524352849,4.2261157,4.0784545,3.8741202,989.9836,990.69147,991.6731,1.2250668,1.2799084,1.2200019,20.06744703333333,0.433754993642345,19.461329466666665
2021-05-24 11:30:00,3.605022,989.1301,1.0293647,21.0158253,0.546087563,Yaas,Phase 2,2,21.8495636,11,24,144,0.258819045,-0.965925826,20.6101818,20.5477085,19.9504223,0.550519586,0.549970746,0.528726816,3.6036491,4.2261157,4.0784545,989.03705,989.9836,990.69147,1.1087608,1.2250668,1.2799084,20.36943753333333,0.3642197861557231,19.819195116666663
2021-05-24 12:30:00,3.6396785,989.45435,0.9857867,21.8495636,0.540595174,Yaas,Phase 2,2,22.4059582,12,24,144,1.2246467991473532e-16,-1.0,21.0158253,20.6101818,20.5477085,0.546087563,0.550519586,0.549970746,3.605022,3.6036491,4.2261157,989.1301,989.03705,989.9836,1.0293647,1.1087608,1.2250668,20.724571866666665,0.2541596941385893,20.237328216666665
2021-05-24 13:30:00,3.8045352,989.9699,0.8988305,22.4059582,0.540126801,Yaas,Phase 2,2,22.8342972,13,24,144,-0.258819045,-0.965925826,21.8495636,21.0158253,20.6101818,0.540595174,0.546087563,0.550519586,3.6396785,3.605022,3.6036491,989.45435,989.1301,989.03705,0.9857867,1.0293647,1.1087608,21.158523566666663,0.6318931143992015,20.6129853
2021-05-24 14:30:00,3.9564934,990.47076,0.8698406,22.8342972,0.545416296,Yaas,Phase 2,2,23.0896778,14,24,144,-0.5,-0.866025404,22.4059582,21.8495636,21.0158253,0.540126801,0.540595174,0.546087563,3.8045352,3.6396785,3.605022,989.9699,989.45435,989.1301,0.8988305,0.9857867,1.0293647,21.7571157,0.6996622975239337,21.063276616666663
2021-05-24 15:30:00,4.1576757,991.09125,0.79272336,23.0896778,0.554429531,Yaas,Phase 2,2,23.1926384,15,24,144,-0.707106781,-0.707106781,22.8342972,22.4059582,21.8495636,0.545416296,0.540126801,0.540595174,3.9564934,3.8045352,3.6396785,990.47076,989.9699,989.45435,0.8698406,0.8988305,0.9857867,22.363273000000003,0.4937525548962569,21.543922433333336
2021-05-24 16:30:00,4.319364,991.33923,0.7087224,23.1926384,0.561199844,Yaas,Phase 2,2,23.1825523,16,24,144,-0.866025404,-0.5,23.0896778,22.8342972,22.4059582,0.554429531,0.545416296,0.540126801,4.1576757,3.9564934,3.8045352,991.09125,990.47076,989.9699,0.79272336,0.8698406,0.8988305,22.7766444,0.3454866232822665,21.967583983333338
2021-05-24 17:30:00,4.4997296,991.418,0.6718904,23.1825523,0.564721346,Yaas,Phase 2,2,23.021122,17,24,144,-0.965925826,-0.258819045,23.1926384,23.0896778,22.8342972,0.561199844,0.554429531,0.545416296,4.319364,4.1576757,3.9564934,991.33923,991.09125,990.47076,0.7087224,0.79272336,0.8698406,23.03887113333333,0.1844941515001406,22.397993416666665
2021-05-24 18:30:00,4.720425,990.8935,0.68001056,23.021122,0.569593787,Yaas,Phase 2,2,22.7445946,18,24,144,-1.0,-1.84e-16,23.1825523,23.1926384,23.0896778,0.564721346,0.561199844,0.554429531,4.4997296,4.319364,4.1576757,991.418,991.33923,991.09125,0.6718904,0.7087224,0.79272336,23.154956166666665,0.056757213,22.75911458333333
2021-05-24 19:30:00,4.9349923,990.19904,0.99493563,22.7445946,0.572436035,Yaas,Phase 2,2,22.5226727,19,24,144,-0.965925826,0.2588190451025203,23.021122,23.1825523,23.1926384,0.569593787,0.564721346,0.561199844,4.720425,4.4997296,4.319364,990.8935,991.418,991.33923,0.68001056,0.6718904,0.7087224,23.132104233333333,0.096245646,22.95437431666667
2021-05-24 20:30:00,5.143063,989.4802,1.0532604,22.5226727,0.573721468,Yaas,Phase 2,2,22.1975155,20,24,144,-0.866025404,0.5000000000000001,22.7445946,23.021122,23.1825523,0.572436035,0.569593787,0.564721346,4.9349923,4.720425,4.4997296,990.19904,990.8935,991.418,0.99493563,0.68001056,0.6718904,22.9827563,0.2214851732052336,23.010813716666664
2021-05-24 21:30:00,5.3070197,989.0862,1.0321026,22.1975155,0.581301212,Yaas,Phase 2,2,21.9649124,21,24,144,-0.707106781,0.7071067811865474,22.5226727,22.7445946,23.021122,0.573721468,0.572436035,0.569593787,5.143063,4.9349923,4.720425,989.4802,990.19904,990.8935,1.0532604,0.99493563,0.68001056,22.76279643333333,0.249722658603903,22.9588763
2021-05-24 22:30:00,5.2935433,988.4663,1.0464314,21.9649124,0.588381469,Yaas,Phase 2,2,21.7671318,22,24,144,-0.5,0.8660254037844384,22.1975155,22.5226727,22.7445946,0.581301212,0.573721468,0.572436035,5.3070197,5.143063,4.9349923,989.0862,989.4802,990.19904,1.0321026,1.0532604,0.99493563,22.488260933333333,0.2751581593885555,22.810182583333333
2021-05-24 23:30:00,5.6034684,988.60126,1.0226719,21.7671318,0.594257295,Yaas,Phase 2,2,21.4895725,23,24,144,-0.258819045,0.965925826289068,21.9649124,22.1975155,22.5226727,0.588381469,0.581301212,0.573721468,5.2935433,5.3070197,5.143063,988.4663,989.0862,989.4802,1.0464314,1.0321026,1.0532604,22.228366866666665,0.2801570866192301,22.605561583333337
2021-05-25 00:30:00,5.778286,989.1111,0.9580937,21.4895725,0.599937558,Yaas,Phase 2,2,21.3760185,0,25,145,0.0,1.0,21.7671318,21.9649124,22.1975155,0.594257295,0.588381469,0.581301212,5.6034684,5.2935433,5.3070197,988.60126,988.4663,989.0862,1.0226719,1.0464314,1.0321026,21.9765199,0.2154265138014743,22.369658166666667
2021-05-25 01:30:00,5.863504,989.7502,0.922897,21.3760185,0.604144692,Yaas,Phase 2,2,20.6112938,1,25,145,0.2588190451025207,0.9659258262890684,21.4895725,21.7671318,21.9649124,0.599937558,0.594257295,0.588381469,5.778286,5.6034684,5.2935433,989.1111,988.60126,988.4663,0.9580937,1.0226719,1.0464314,21.7405389,0.2387831482346558,22.114399916666667
2021-05-25 02:30:00,5.9702806,990.37427,0.8802269,20.6112938,0.606622875,Yaas,Phase 2,2,19.0518456,2,25,145,0.4999999999999999,0.8660254037844387,21.3760185,21.4895725,21.7671318,0.604144692,0.599937558,0.594257295,5.863504,5.778286,5.6034684,989.7502,989.1111,988.60126,0.922897,0.9580937,1.0226719,21.544240933333334,0.2012060674075355,21.8863039
2021-05-25 03:30:00,6.054087,990.7683,0.8554681,19.0518456,0.598556757,Yaas,Phase 2,2,17.7938099,3,25,145,0.7071067811865475,0.7071067811865476,20.6112938,21.3760185,21.4895725,0.606622875,0.604144692,0.599937558,5.9702806,5.863504,5.778286,990.37427,989.7502,989.1111,0.8802269,0.922897,0.9580937,21.1589616,0.4776804811761421,21.56774075
2021-05-25 04:30:00,6.0679865,990.8117,0.8594744,17.7938099,0.586784422,Yaas,Phase 2,2,16.7865448,4,25,145,0.8660254037844386,0.5000000000000001,19.0518456,20.6112938,21.3760185,0.598556757,0.606622875,0.604144692,6.054087,5.9702806,5.863504,990.7683,990.37427,989.7502,0.8554681,0.8802269,0.922897,20.346385966666663,1.1845155285578386,21.04346243333333
2021-05-25 05:30:00,6.1163263,990.70874,0.8543765,16.7865448,0.571888924,Yaas,Phase 2,2,16.2532387,5,25,145,0.9659258262890684,0.2588190451025207,17.7938099,19.0518456,20.6112938,0.586784422,0.598556757,0.606622875,6.0679865,6.054087,5.9702806,990.8117,990.7683,990.37427,0.8594744,0.8554681,0.8802269,19.152316433333333,1.4114264674267816,20.348278683333334
2021-05-25 06:30:00,6.169044,990.2399,0.80257744,16.2532387,0.563413322,Yaas,Phase 2,2,15.6649446,6,25,145,1.0,6.123233995736766e-17,16.7865448,17.7938099,19.0518456,0.571888924,0.586784422,0.598556757,6.1163263,6.0679865,6.054087,990.70874,990.8117,990.7683,0.8543765,0.8594744,0.8554681,17.8774001,1.1349614177460838,19.518180850000004
2021-05-25 07:30:00,6.278529,989.5644,0.79385245,15.6649446,0.55785799,Yaas,Phase 2,2,15.3057032,7,25,145,0.9659258262890684,-0.258819045,16.2532387,16.7865448,17.7938099,0.563413322,0.571888924,0.586784422,6.169044,6.1163263,6.0679865,990.2399,990.70874,990.8117,0.80257744,0.8543765,0.8594744,16.94453113333333,0.7823424229245489,18.64545855
2021-05-25 08:30:00,6.342644,988.78345,0.86213624,15.3057032,0.555230618,Yaas,Phase 2,2,15.0124388,8,25,145,0.8660254037844387,-0.5,15.6649446,16.2532387,16.7865448,0.55785799,0.563413322,0.571888924,6.278529,6.169044,6.1163263,989.5644,990.2399,990.70874,0.79385245,0.80257744,0.8543765,16.234909366666667,0.5610247102448865,17.6936129
2021-05-25 09:30:00,6.461898,988.0758,0.86483866,15.0124388,0.556226671,Yaas,Phase 2,2,14.8173199,9,25,145,0.7071067811865476,-0.707106781,15.3057032,15.6649446,16.2532387,0.555230618,0.55785799,0.563413322,6.342644,6.278529,6.169044,988.78345,989.5644,990.2399,0.86213624,0.79385245,0.80257744,15.7412955,0.4783596720964149,16.8093478
2021-05-25 10:30:00,5.966812,987.4628,0.8593256,14.8173199,0.549118042,Yaas,Phase 2,2,14.9272118,10,25,145,0.4999999999999999,-0.866025404,15.0124388,15.3057032,15.6649446,0.556226671,0.555230618,0.55785799,6.461898,6.342644,6.278529,988.0758,988.78345,989.5644,0.86483866,0.86213624,0.79385245,15.327695533333332,0.3268083563841604,16.136113333333334
2021-05-25 11:30:00,6.1676135,987.6266,0.8210561,14.9272118,0.536731958,Yaas,Phase 2,2,15.3500519,11,25,145,0.258819045,-0.965925826,14.8173199,15.0124388,15.3057032,0.549118042,0.556226671,0.555230618,5.966812,6.461898,6.342644,987.4628,988.0758,988.78345,0.8593256,0.86483866,0.86213624,15.045153966666668,0.2458297653403044,15.640031666666667
2021-05-25 12:30:00,6.423127,988.01764,0.7553704,15.3500519,0.530796587,Yaas,Phase 2,2,15.4714069,12,25,145,1.2246467991473532e-16,-1.0,14.9272118,14.8173199,15.0124388,0.536731958,0.549118042,0.556226671,6.1676135,5.966812,6.461898,987.6266,987.4628,988.0758,0.8210561,0.8593256,0.86483866,14.918990166666664,0.097818928,15.330142833333335
2021-05-25 13:30:00,6.6284695,988.5359,0.6967997,15.4714069,0.5144943,Yaas,Phase 2,2,15.4110756,13,25,145,-0.258819045,-0.965925826,15.3500519,14.9272118,14.8173199,0.530796587,0.536731958,0.549118042,6.423127,6.1676135,5.966812,988.01764,987.6266,987.4628,0.7553704,0.8210561,0.8593256,15.031527866666666,0.281268958969221,15.1796117
2021-05-25 14:30:00,6.8111625,989.31647,0.6553071,15.4110756,0.494800121,Yaas,Phase 2,2,15.3838644,14,25,145,-0.5,-0.866025404,15.4714069,15.3500519,14.9272118,0.5144943,0.530796587,0.536731958,6.6284695,6.423127,6.1676135,988.5359,988.01764,987.6266,0.6967997,0.7553704,0.8210561,15.249556866666666,0.2856772926039576,15.147355416666665
2021-05-25 15:30:00,6.9500804,990.026,0.6456056,15.3838644,0.484005868,Yaas,Phase 2,2,15.2778349,15,25,145,-0.707106781,-0.707106781,15.4110756,15.4714069,15.3500519,0.494800121,0.5144943,0.530796587,6.8111625,6.6284695,6.423127,989.31647,988.5359,988.01764,0.6553071,0.6967997,0.7553704,15.4108448,0.060677829,15.164917483333332
2021-05-25 16:30:00,7.0948443,990.46466,0.6061674,15.2778349,0.479339153,Yaas,Phase 2,2,15.2536001,16,25,145,-0.866025404,-0.5,15.3838644,15.4110756,15.4714069,0.484005868,0.494800121,0.5144943,6.9500804,6.8111625,6.6284695,990.026,989.31647,988.5359,0.6456056,0.6553071,0.6967997,15.422115633333334,0.0448032820068557,15.22682175
2021-05-25 17:30:00,7.274589,990.5969,0.5350476,15.2536001,0.477521658,Yaas,Phase 2,2,15.3739662,17,25,145,-0.965925826,-0.258819045,15.2778349,15.3838644,15.4110756,0.479339153,0.484005868,0.494800121,7.0948443,6.9500804,6.8111625,990.46466,990.026,989.31647,0.6061674,0.6456056,0.6553071,15.357591633333334,0.070398613,15.303574250000002
2021-05-25 18:30:00,7.4468374,990.2576,0.5014892,15.3739662,0.481613129,Yaas,Phase 2,2,15.5788221,18,25,145,-1.0,-1.84e-16,15.2536001,15.2778349,15.3838644,0.477521658,0.479339153,0.484005868,7.274589,7.0948443,6.9500804,990.5969,990.46466,990.026,0.5350476,0.6061674,0.6456056,15.3050998,0.06928007,15.3579723
2021-05-25 19:30:00,7.650472,989.72046,0.38778037,15.5788221,0.483835727,Yaas,Phase 2,2,15.9222479,19,25,145,-0.965925826,0.2588190451025203,15.3739662,15.2536001,15.2778349,0.481613129,0.477521658,0.479339153,7.4468374,7.274589,7.0948443,990.2576,990.5969,990.46466,0.5014892,0.5350476,0.6061674,15.3018004,0.063661279,15.361958016666668
2021-05-25 20:30:00,7.8321385,989.0137,0.43926236,15.9222479,0.481404603,Yaas,Phase 2,2,16.2705078,20,25,145,-0.866025404,0.5000000000000001,15.5788221,15.3739662,15.2536001,0.483835727,0.481613129,0.477521658,7.650472,7.4468374,7.274589,989.72046,990.2576,990.5969,0.38778037,0.5014892,0.5350476,15.402129466666668,0.1644299684152059,15.379860550000002
2021-05-25 21:30:00,7.976222,988.49274,0.5087365,16.2705078,0.479469717,Yaas,Phase 2,2,16.601759,21,25,145,-0.707106781,0.7071067811865474,15.9222479,15.5788221,15.3739662,0.481404603,0.483835727,0.481613129,7.8321385,7.650472,7.4468374,989.0137,989.72046,990.2576,0.43926236,0.38778037,0.5014892,15.625012066666663,0.2770439322638984,15.465055933333334
2021-05-25 22:30:00,7.6386247,988.2338,0.5557202,16.601759,0.471344173,Yaas,Phase 2,2,16.8470535,22,25,145,-0.5,0.8660254037844384,16.2705078,15.9222479,15.5788221,0.479469717,0.481404603,0.483835727,7.976222,7.8321385,7.650472,988.49274,989.0137,989.72046,0.5087365,0.43926236,0.38778037,15.923859266666668,0.3458456653957659,15.61282983333333
2021-05-25 23:30:00,7.8078065,987.8526,0.5682074,16.8470535,0.460609376,Yaas,Phase 2,2,16.9440613,23,25,145,-0.258819045,0.965925826289068,16.601759,16.2705078,15.9222479,0.471344173,0.479469717,0.481404603,7.6386247,7.976222,7.8321385,988.2338,988.49274,989.0137,0.5557202,0.5087365,0.43926236,16.264838233333332,0.3397910265817148,15.833483850000002
2021-05-26 00:30:00,7.9291515,988.355,0.566063,16.9440613,0.455774009,Yaas,Phase 2,2,17.091053,0,26,146,0.0,1.0,16.8470535,16.601759,16.2705078,0.460609376,0.471344173,0.479469717,7.8078065,7.6386247,7.976222,987.8526,988.2338,988.49274,0.5682074,0.5557202,0.5087365,16.57310676666667,0.2893388133371849,16.099059416666666
2021-05-26 01:30:00,7.9132314,988.99646,0.54311126,17.091053,0.450407982,Yaas,Phase 2,2,17.3503036,1,26,146,0.2588190451025207,0.9659258262890684,16.9440613,16.8470535,16.601759,0.455774009,0.460609376,0.471344173,7.9291515,7.8078065,7.6386247,988.355,987.8526,988.2338,0.566063,0.5682074,0.5557202,16.797624600000002,0.1764231511529415,16.360741933333333
2021-05-26 02:30:00,7.838523,989.5442,0.50924593,17.3503036,0.447384328,Yaas,Phase 2,2,16.6941872,2,26,146,0.4999999999999999,0.8660254037844387,17.091053,16.9440613,16.8470535,0.450407982,0.455774009,0.460609376,7.9132314,7.9291515,7.8078065,988.99646,988.355,987.8526,0.54311126,0.566063,0.5682074,16.9607226,0.1228500638515549,16.612780416666666
2021-05-26 03:30:00,7.7395287,990.0572,0.45493516,16.6941872,0.445820928,Yaas,Phase 2,2,16.5448246,3,26,146,0.7071067811865475,0.7071067811865476,17.3503036,17.091053,16.9440613,0.447384328,0.450407982,0.455774009,7.838523,7.9132314,7.9291515,989.5442,988.99646,988.355,0.50924593,0.54311126,0.566063,17.128472633333335,0.2056899931849448,16.8507897
2021-05-26 04:30:00,7.5626636,990.1817,0.43132693,16.5448246,0.442211717,Yaas,Phase 2,2,16.616396,4,26,146,0.8660254037844386,0.5000000000000001,16.6941872,17.3503036,17.091053,0.445820928,0.447384328,0.450407982,7.7395287,7.838523,7.9132314,990.0572,989.5442,988.99646,0.45493516,0.50924593,0.54311126,17.045181266666663,0.3304547541290556,16.921402933333333
2021-05-26 05:30:00,7.3739295,990.16675,0.3887061,16.616396,0.43991214,Yaas,Phase 2,2,17.8870354,5,26,146,0.9659258262890684,0.2588190451025207,16.5448246,16.6941872,17.3503036,0.442211717,0.445820928,0.447384328,7.5626636,7.7395287,7.838523,990.1817,990.0572,989.5442,0.43132693,0.45493516,0.50924593,16.86310513333333,0.428484604170859,16.911913866666666
2021-05-26 06:30:00,7.185099,989.8382,0.3393021,17.8870354,0.449494123,Yaas,Phase 2,2,18.2836742,6,26,146,1.0,6.123233995736766e-17,16.616396,16.5448246,16.6941872,0.43991214,0.442211717,0.445820928,7.3739295,7.5626636,7.7395287,990.16675,990.1817,990.0572,0.3887061,0.43132693,0.45493516,16.618469266666665,0.074702881,16.87347095
2021-05-26 07:30:00,7.0217657,989.12885,0.36277285,18.2836742,0.450242579,Yaas,Phase 2,2,18.5559845,7,26,146,0.9659258262890684,-0.258819045,17.8870354,16.616396,16.5448246,0.449494123,0.43991214,0.442211717,7.185099,7.3739295,7.5626636,989.8382,990.16675,990.1817,0.3393021,0.3887061,0.43132693,17.016085333333333,0.7551133228161794,17.0306333
2021-05-26 08:30:00,6.8367205,988.5307,0.37780845,18.5559845,0.451157838,Yaas,Phase 2,2,18.7562294,8,26,146,0.8660254037844387,-0.5,18.2836742,17.8870354,16.616396,0.450242579,0.449494123,0.43991214,7.0217657,7.185099,7.3739295,989.12885,989.8382,990.16675,0.36277285,0.3393021,0.3887061,17.595701866666666,0.8709825312726749,17.2294035
2021-05-26 09:30:00,6.6462917,987.9289,0.39216676,18.7562294,0.465157449,Yaas,Phase 2,2,18.6159,9,26,146,0.7071067811865476,-0.707106781,18.5559845,18.2836742,17.8870354,0.451157838,0.450242579,0.449494123,6.8367205,7.0217657,7.185099,988.5307,989.12885,989.8382,0.37780845,0.36277285,0.3393021,18.242231366666665,0.3363946431257366,17.430350316666665
2021-05-26 10:30:00,5.8205843,987.7272,0.3913771,18.6159,0.463338435,Yaas,Phase 2,2,18.6771049,10,26,146,0.4999999999999999,-0.866025404,18.7562294,18.5559845,18.2836742,0.465157449,0.451157838,0.450242579,6.6462917,6.8367205,7.0217657,987.9289,988.5307,989.12885,0.39216676,0.37780845,0.36277285,18.5319627,0.2371916723204024,17.774024016666665
2021-05-26 11:30:00,5.8977337,987.9598,0.38011765,18.6771049,0.460172981,Yaas,Phase 2,2,18.941494,11,26,146,0.258819045,-0.965925826,18.6159,18.7562294,18.5559845,0.463338435,0.465157449,0.451157838,5.8205843,6.6462917,6.8367205,987.7272,987.9289,988.5307,0.3913771,0.39216676,0.37780845,18.64270463333333,0.102778262633982,18.11920325
2021-05-26 12:30:00,6.145496,988.1809,0.3643385,18.941494,0.4608033,Yaas,Phase 2,2,19.2000408,12,26,146,1.2246467991473532e-16,-1.0,18.6771049,18.6159,18.7562294,0.460172981,0.463338435,0.465157449,5.8977337,5.8205843,6.6462917,987.9598,987.7272,987.9289,0.38011765,0.3913771,0.39216676,18.6830781,0.070355131,18.46265473333333
2021-05-26 13:30:00,6.3743887,989.0578,0.34455058,19.2000408,0.457550436,Yaas,Phase 2,2,19.1956367,13,26,146,-0.258819045,-0.965925826,18.941494,18.6771049,18.6159,0.4608033,0.460172981,0.463338435,6.145496,5.8977337,5.8205843,988.1809,987.9598,987.7272,0.3643385,0.38011765,0.3913771,18.744832966666667,0.1730409820526841,18.63839783333333
2021-05-26 14:30:00,6.562485,989.93976,0.33890766,19.1956367,0.454649657,Yaas,Phase 2,2,19.2230263,14,26,146,-0.5,-0.866025404,19.2000408,18.941494,18.6771049,0.457550436,0.4608033,0.460172981,6.3743887,6.145496,5.8977337,989.0578,988.1809,987.9598,0.34455058,0.3643385,0.38011765,18.939546566666667,0.2614733891806063,18.7911256
2021-05-26 15:30:00,6.728887,990.72406,0.34025085,19.2230263,0.459307373,Yaas,Phase 2,2,19.0900288,15,26,146,-0.707106781,-0.707106781,19.1956367,19.2000408,18.941494,0.454649657,0.457550436,0.4608033,6.562485,6.3743887,6.145496,989.93976,989.0578,988.1809,0.33890766,0.34455058,0.3643385,19.1123905,0.1480170912710269,18.8977343
2021-05-26 16:30:00,6.8611746,991.2498,0.33759928,19.0900288,0.464365155,Yaas,Phase 2,2,18.9914398,16,26,146,-0.866025404,-0.5,19.2230263,19.1956367,19.2000408,0.459307373,0.454649657,0.457550436,6.728887,6.562485,6.3743887,990.72406,989.93976,989.0578,0.34025085,0.33890766,0.34455058,19.2062346,0.014707818,18.975533783333333
2021-05-26 17:30:00,6.9934626,991.31616,0.32156014,18.9914398,0.469358653,Yaas,Phase 2,2,18.8889656,17,26,146,-0.965925826,-0.258819045,19.0900288,19.2230263,19.1956367,0.464365155,0.459307373,0.454649657,6.8611746,6.728887,6.562485,991.2498,990.72406,989.93976,0.33759928,0.34025085,0.33890766,19.169563933333333,0.07022767,19.05455525
2021-05-26 18:30:00,7.159678,991.1382,0.3188366,18.8889656,0.476202786,Yaas,Phase 2,2,18.9357033,18,26,146,-1.0,-1.84e-16,18.9914398,19.0900288,19.2230263,0.469358653,0.464365155,0.459307373,6.9934626,6.8611746,6.728887,991.31616,991.2498,990.72406,0.32156014,0.33759928,0.34025085,19.1014983,0.1162184960244932,19.1069444
2021-05-26 19:30:00,7.2923994,990.6039,0.33622512,18.9357033,0.479859293,Yaas,Phase 2,2,19.2892628,19,26,146,-0.965925826,0.2588190451025203,18.8889656,18.9914398,19.0900288,0.476202786,0.469358653,0.464365155,7.159678,6.9934626,6.8611746,991.1382,991.31616,991.2498,0.3188366,0.32156014,0.33759928,18.99014473333333,0.1005378560382073,19.098189666666663
2021-05-26 20:30:00,7.392814,990.12103,0.34574655,19.2892628,0.482310623,Yaas,Phase 2,2,19.5862179,20,26,146,-0.866025404,0.5000000000000001,18.9357033,18.8889656,18.9914398,0.479859293,0.476202786,0.469358653,7.2923994,7.159678,6.9934626,990.6039,991.1382,991.31616,0.33622512,0.3188366,0.32156014,18.9387029,0.05130291,19.054133416666662
2021-05-26 21:30:00,7.4116898,989.76685,0.34876856,19.5862179,0.487196535,Yaas,Phase 2,2,19.7218819,21,26,146,-0.707106781,0.7071067811865474,19.2892628,18.9357033,18.8889656,0.482310623,0.479859293,0.476202786,7.392814,7.2923994,7.159678,990.12103,990.6039,991.1382,0.34574655,0.33622512,0.3188366,19.037977233333333,0.2188708070106874,19.069737766666663
2021-05-26 22:30:00,6.774071,989.89484,0.32458705,19.7218819,0.488050818,Yaas,Phase 2,2,19.8099442,22,26,146,-0.5,0.8660254037844384,19.5862179,19.2892628,18.9357033,0.487196535,0.482310623,0.479859293,7.4116898,7.392814,7.2923994,989.76685,990.12103,990.6039,0.34876856,0.34574655,0.33622512,19.270394666666668,0.325667493073609,19.1302697
2021-05-26 23:30:00,6.803562,989.91974,0.27645585,19.8099442,0.485947669,Yaas,Phase 2,2,19.6505508,23,26,146,-0.258819045,0.965925826289068,19.7218819,19.5862179,19.2892628,0.488050818,0.487196535,0.482310623,6.774071,7.4116898,7.392814,989.89484,989.76685,990.12103,0.32458705,0.34876856,0.34574655,19.5324542,0.2212639215945855,19.23557855
2021-05-27 00:30:00,6.795001,990.55054,0.23706274,19.6505508,0.484462976,Yaas,Phase 2,2,19.6105042,0,27,147,0.0,1.0,19.8099442,19.7218819,19.5862179,0.485947669,0.488050818,0.487196535,6.803562,6.774071,7.4116898,989.91974,989.89484,989.76685,0.27645585,0.32458705,0.34876856,19.706014666666665,0.1127039979242436,19.37199595
2021-05-27 01:30:00,6.713933,991.36993,0.19450898,19.6105042,0.479298562,Yaas,Phase 2,2,19.4495506,1,27,147,0.2588190451025207,0.9659258262890684,19.6505508,19.8099442,19.7218819,0.484462976,0.485947669,0.488050818,6.795001,6.803562,6.774071,990.55054,989.91974,989.89484,0.23706274,0.27645585,0.32458705,19.727458966666667,0.079842919,19.498926816666668
2021-05-27 02:30:00,6.5884995,992.00024,0.1699305,19.4495506,0.474481076,Yaas,Phase 2,2,19.3514919,2,27,147,0.4999999999999999,0.8660254037844387,19.6105042,19.6505508,19.8099442,0.479298562,0.484462976,0.485947669,6.713933,6.795001,6.803562,991.36993,990.55054,989.91974,0.19450898,0.23706274,0.27645585,19.690333066666668,0.1055037911915859,19.611393633333336
2021-05-27 03:30:00,6.4944105,992.4411,0.15505558,19.3514919,0.478308737,Yaas,Phase 2,2,19.3731918,3,27,147,0.7071067811865475,0.7071067811865476,19.4495506,19.6105042,19.6505508,0.474481076,0.479298562,0.484462976,6.5884995,6.713933,6.795001,992.00024,991.36993,990.55054,0.1699305,0.19450898,0.23706274,19.570201866666665,0.1063883389006416,19.638108266666663
2021-05-27 04:30:00,6.3129992,992.67444,0.15168378,19.3731918,0.476258129,Yaas,Phase 2,2,19.5649319,4,27,147,0.8660254037844386,0.5000000000000001,19.3514919,19.4495506,19.6105042,0.478308737,0.474481076,0.479298562,6.4944105,6.5884995,6.713933,992.4411,992.00024,991.36993,0.15505558,0.1699305,0.19450898,19.470515566666663,0.1307726663269765,19.598987266666665
2021-05-27 05:30:00,6.0997806,992.8047,0.14413047,19.5649319,0.474060059,Yaas,Phase 2,2,19.1338673,5,27,147,0.9659258262890684,0.2588190451025207,19.3731918,19.3514919,19.4495506,0.476258129,0.478308737,0.474481076,6.3129992,6.4944105,6.5884995,992.67444,992.4411,992.00024,0.15168378,0.15505558,0.1699305,19.39141143333333,0.051505761,19.540872250000003
2021-05-27 06:30:00,5.9158616,992.53827,0.13410535,19.1338673,0.461165309,Yaas,Phase 2,2,19.4208832,6,27,147,1.0,6.123233995736766e-17,19.5649319,19.3731918,19.3514919,0.474060059,0.476258129,0.478308737,6.0997806,6.3129992,6.4944105,992.8047,992.67444,992.4411,0.14413047,0.15168378,0.15505558,19.42987186666667,0.1174675736871513,19.500036866666665
2021-05-27 07:30:00,5.702529,992.1275,0.1873394,19.4208832,0.45446375,Yaas,Phase 2,2,19.5725269,7,27,147,0.9659258262890684,-0.258819045,19.1338673,19.5649319,19.3731918,0.461165309,0.474060059,0.476258129,5.9158616,6.0997806,6.3129992,992.53827,992.8047,992.67444,0.13410535,0.14413047,0.15168378,19.357330333333334,0.2159695856754974,19.41392295
2021-05-27 08:30:00,5.516583,991.64667,0.17864046,19.5725269,0.445261836,Yaas,Phase 2,2,19.9166126,8,27,147,0.8660254037844387,-0.5,19.4208832,19.1338673,19.5649319,0.45446375,0.461165309,0.474060059,5.702529,5.9158616,6.0997806,992.1275,992.53827,992.8047,0.1873394,0.13410535,0.14413047,19.373227466666663,0.2194481123930806,19.38231945
2021-05-27 09:30:00,5.302151,991.1969,0.16426812,19.9166126,0.444102168,Yaas,Phase 2,2,19.7456913,9,27,147,0.7071067811865476,-0.707106781,19.5725269,19.4208832,19.1338673,0.445261836,0.45446375,0.461165309,5.516583,5.702529,5.9158616,991.64667,992.1275,992.53827,0.17864046,0.1873394,0.13410535,19.37575913333333,0.2227839698281406,19.4028155
2021-05-27 10:30:00,4.8185873,990.80786,0.14160864,19.7456913,0.437876612,Yaas,Phase 2,2,19.8463879,10,27,147,0.4999999999999999,-0.866025404,19.9166126,19.5725269,19.4208832,0.444102168,0.445261836,0.45446375,5.302151,5.516583,5.702529,991.1969,991.64667,992.1275,0.16426812,0.17864046,0.1873394,19.63667423333333,0.2540139165210602,19.49700228333333
2021-05-27 11:30:00,4.673959,991.00726,0.11734929,19.8463879,0.432203799,Yaas,Phase 2,2,20.1883812,11,27,147,0.258819045,-0.965925826,19.7456913,19.9166126,19.5725269,0.437876612,0.444102168,0.445261836,4.8185873,5.302151,5.516583,990.80786,991.1969,991.64667,0.14160864,0.16426812,0.17864046,19.7449436,0.1720440685624915,19.55908553333333
2021-05-27 12:30:00,4.6529455,991.3497,0.09692248,20.1883812,0.428761363,Yaas,Phase 3,3,20.2993526,12,27,147,1.2246467991473532e-16,-1.0,19.8463879,19.7456913,19.9166126,0.432203799,0.437876612,0.444102168,4.673959,4.8185873,5.302151,991.00726,990.80786,991.1969,0.11734929,0.14160864,0.16426812,19.8362306,0.085912169,19.605994866666663
2021-05-27 13:30:00,4.674777,992.0017,0.08065429,20.2993526,0.425718099,Yaas,Phase 3,3,20.4283333,13,27,147,-0.258819045,-0.965925826,20.1883812,19.8463879,19.7456913,0.428761363,0.432203799,0.437876612,4.6529455,4.673959,4.8185873,991.3497,991.00726,990.80786,0.09692248,0.11734929,0.14160864,19.926820133333333,0.2320465363018553,19.781747183333334
2021-05-27 14:30:00,4.7465754,992.7544,0.06371356,20.4283333,0.423824757,Yaas,Phase 3,3,20.3945694,14,27,147,-0.5,-0.866025404,20.2993526,20.1883812,19.8463879,0.425718099,0.428761363,0.432203799,4.674777,4.6529455,4.673959,992.0017,991.3497,991.00726,0.08065429,0.09692248,0.11734929,20.1113739,0.2360971157202794,19.92815875
2021-05-27 15:30:00,4.7805247,993.5809,0.055499677,20.3945694,0.424481452,Yaas,Phase 3,3,20.1889172,15,27,147,-0.707106781,-0.707106781,20.4283333,20.2993526,20.1883812,0.423824757,0.425718099,0.428761363,4.7465754,4.674777,4.6529455,992.7544,992.0017,991.3497,0.06371356,0.08065429,0.09692248,20.3053557,0.1200886359351067,20.07079315
2021-05-27 16:30:00,4.849141,994.1058,0.052721836,20.1889172,0.426327854,Yaas,Phase 3,3,20.1538067,16,27,147,-0.866025404,-0.5,20.3945694,20.4283333,20.2993526,0.424481452,0.423824757,0.425718099,4.7805247,4.7465754,4.674777,993.5809,992.7544,992.0017,0.055499677,0.06371356,0.08065429,20.3740851,0.066885799,20.150452616666666
2021-05-27 17:30:00,4.913404,994.3636,0.054665804,20.1538067,0.429938197,Yaas,Phase 3,3,20.1263084,17,27,147,-0.965925826,-0.258819045,20.1889172,20.3945694,20.4283333,0.426327854,0.424481452,0.423824757,4.849141,4.7805247,4.7465754,994.1058,993.5809,992.7544,0.052721836,0.055499677,0.06371356,20.3372733,0.1295845266270426,20.2243236
2021-05-27 18:30:00,5.0341935,994.12964,0.062500075,20.1263084,0.435862929,Yaas,Phase 3,3,20.1241493,18,27,147,-1.0,-1.84e-16,20.1538067,20.1889172,20.3945694,0.429938197,0.426327854,0.424481452,4.913404,4.849141,4.7805247,994.3636,994.1058,993.5809,0.054665804,0.052721836,0.055499677,20.24576443333333,0.1300591226366235,20.275560066666667
2021-05-27 19:30:00,5.147702,993.90845,0.046337016,20.1241493,0.440129161,Yaas,Phase 3,3,20.3701782,19,27,147,-0.965925826,0.2588190451025203,20.1263084,20.1538067,20.1889172,0.435862929,0.429938197,0.426327854,5.0341935,4.913404,4.849141,994.12964,994.3636,994.1058,0.062500075,0.054665804,0.052721836,20.1563441,0.031381432,20.2652146
2021-05-27 20:30:00,5.2270446,993.51556,0.044077527,20.3701782,0.441740036,Yaas,Phase 3,3,20.606535,20,27,147,-0.866025404,0.5000000000000001,20.1241493,20.1263084,20.1538067,0.440129161,0.435862929,0.429938197,5.147702,5.0341935,4.913404,993.90845,994.12964,994.3636,0.046337016,0.062500075,0.054665804,20.1347548,0.0165347088984091,20.23601405
2021-05-27 21:30:00,5.2069006,993.24005,0.04666059,20.606535,0.44204095,Yaas,Phase 3,3,20.6857662,21,27,147,-0.707106781,0.7071067811865474,20.3701782,20.1241493,20.1263084,0.441740036,0.440129161,0.435862929,5.2270446,5.147702,5.0341935,993.51556,993.90845,994.12964,0.044077527,0.046337016,0.062500075,20.20687863333333,0.1414256935047128,20.226321533333333
2021-05-27 22:30:00,4.7331986,993.5721,0.041278534,20.6857662,0.439296067,Yaas,Phase 3,3,20.5872002,22,27,147,-0.5,0.8660254037844384,20.606535,20.3701782,20.1241493,0.44204095,0.441740036,0.440129161,5.2069006,5.2270446,5.147702,993.24005,993.51556,993.90845,0.04666059,0.044077527,0.046337016,20.36695416666667,0.241209010371233,20.26164913333333
2021-05-27 23:30:00,4.7462096,993.6654,0.03613466,20.5872002,0.434142232,Yaas,Phase 3,3,20.5225887,23,27,147,-0.258819045,0.965925826289068,20.6857662,20.606535,20.3701782,0.439296067,0.44204095,0.441740036,4.7331986,5.2069006,5.2270446,993.5721,993.24005,993.51556,0.041278534,0.04666059,0.044077527,20.5541598,0.1641837921879809,20.3444573
2021-05-28 00:30:00,4.6638126,994.10486,0.035319567,20.5225887,0.428777337,Yaas,Phase 3,3,20.6498947,0,28,148,0.0,1.0,20.5872002,20.6857662,20.606535,0.434142232,0.439296067,0.44204095,4.7462096,4.7331986,5.2069006,993.6654,993.5721,993.24005,0.03613466,0.041278534,0.04666059,20.626500466666663,0.052228144,20.41668955
2021-05-28 01:30:00,4.6485047,994.8821,0.03669452,20.6498947,0.420716166,Yaas,Phase 3,3,20.7411137,1,28,148,0.2588190451025207,0.9659258262890684,20.5225887,20.5872002,20.6857662,0.428777337,0.434142232,0.439296067,4.6638126,4.7462096,4.7331986,994.10486,993.6654,993.5721,0.035319567,0.03613466,0.041278534,20.598518366666667,0.082175421,20.482736266666667
2021-05-28 02:30:00,4.6649146,995.3349,0.03846944,20.7411137,0.41198656,Yaas,Phase 3,3,20.6082478,2,28,148,0.4999999999999999,0.8660254037844387,20.6498947,20.5225887,20.5872002,0.420716166,0.428777337,0.434142232,4.6485047,4.6638126,4.7462096,994.8821,994.10486,993.6654,0.03669452,0.035319567,0.03613466,20.5865612,0.063655406,20.570360500000003
2021-05-28 03:30:00,4.7101717,995.8222,0.037360135,20.6082478,0.405970454,Yaas,Phase 3,3,20.8757343,3,28,148,0.7071067811865475,0.7071067811865476,20.7411137,20.6498947,20.5225887,0.41198656,0.420716166,0.428777337,4.6649146,4.6485047,4.6638126,995.3349,994.8821,994.10486,0.03846944,0.03669452,0.035319567,20.637865700000003,0.1097579907658079,20.63218308333333
2021-05-28 04:30:00,4.6198783,996.1442,0.030203475,20.8757343,0.40275085,Yaas,Phase 3,3,21.2413445,4,28,148,0.8660254037844386,0.5000000000000001,20.6082478,20.7411137,20.6498947,0.405970454,0.41198656,0.420716166,4.7101717,4.6649146,4.6485047,995.8222,995.3349,994.8821,0.037360135,0.03846944,0.03669452,20.66641873333333,0.067956748,20.63246855
2021-05-28 05:30:00,4.4805913,995.9381,0.022622695,21.2413445,0.401305586,Yaas,Phase 3,3,23.0828018,5,28,148,0.9659258262890684,0.2588190451025207,20.8757343,20.6082478,20.7411137,0.40275085,0.405970454,0.41198656,4.6198783,4.7101717,4.6649146,996.1442,995.8222,995.3349,0.030203475,0.037360135,0.03846944,20.741698600000003,0.1337442092261146,20.6641299
2021-05-28 06:30:00,4.332162,995.53424,0.025746366,23.0828018,0.464825422,Yaas,Phase 3,3,23.3603859,6,28,148,1.0,6.123233995736766e-17,21.2413445,20.8757343,20.6082478,0.401305586,0.40275085,0.405970454,4.4805913,4.6198783,4.7101717,995.9381,996.1442,995.8222,0.022622695,0.030203475,0.037360135,20.9084422,0.3178131729955203,20.77315395
2021-05-28 07:30:00,4.196057,995.03296,0.043597374,23.3603859,0.460991114,Yaas,Phase 3,3,23.3443718,7,28,148,0.9659258262890684,-0.258819045,23.0828018,21.2413445,20.8757343,0.464825422,0.401305586,0.40275085,4.332162,4.4805913,4.6198783,995.53424,995.9381,996.1442,0.025746366,0.022622695,0.030203475,21.73329353333333,1.182918900828465,21.19985613333333
2021-05-28 08:30:00,4.0682898,994.6907,0.059385244,23.3443718,0.457247078,Yaas,Phase 3,3,23.9789906,8,28,148,0.8660254037844387,-0.5,23.3603859,23.0828018,21.2413445,0.460991114,0.464825422,0.401305586,4.196057,4.332162,4.4805913,995.03296,995.53424,995.9381,0.043597374,0.025746366,0.022622695,22.56151073333333,1.151691102626186,21.651604666666667
2021-05-28 09:30:00,3.9332213,993.978,0.06747475,23.9789906,0.495630592,Yaas,Phase 3,3,24.1012669,9,28,148,0.7071067811865476,-0.707106781,23.3443718,23.3603859,23.0828018,0.457247078,0.460991114,0.464825422,4.0682898,4.196057,4.332162,994.6907,995.03296,995.53424,0.059385244,0.043597374,0.025746366,23.26251983333333,0.1558462109856785,22.085481016666662
2021-05-28 10:30:00,3.7320058,993.5069,0.05511786,24.1012669,0.489991486,Yaas,Phase 3,3,24.351841,10,28,148,0.4999999999999999,-0.866025404,23.9789906,23.3443718,23.3603859,0.495630592,0.457247078,0.460991114,3.9332213,4.0682898,4.196057,993.978,994.6907,995.03296,0.06747475,0.059385244,0.043597374,23.561249433333334,0.3618630605570503,22.647271483333338
2021-05-28 11:30:00,3.5347314,993.6465,0.04448365,24.351841,0.483100146,Yaas,Phase 3,3,24.5407124,11,28,148,0.258819045,-0.965925826,24.1012669,23.9789906,23.3443718,0.489991486,0.495630592,0.457247078,3.7320058,3.9332213,4.0682898,993.5069,993.978,994.6907,0.05511786,0.06747475,0.059385244,23.808209766666668,0.4063214464885123,23.18486025
2021-05-28 12:30:00,3.427102,994.1674,0.03134072,24.5407124,0.475871891,Yaas,Phase 3,3,24.870945,12,28,148,1.2246467991473532e-16,-1.0,24.351841,24.1012669,23.9789906,0.483100146,0.489991486,0.495630592,3.5347314,3.7320058,3.9332213,993.6465,993.5069,993.978,0.04448365,0.05511786,0.06747475,24.14403283333333,0.1900685376001014,23.70327633333333
2021-05-28 13:30:00,3.5157113,994.7198,0.022322167,24.870945,0.46803084,Yaas,Phase 3,3,25.0365829,13,28,148,-0.258819045,-0.965925826,24.5407124,24.351841,24.1012669,0.475871891,0.483100146,0.489991486,3.427102,3.5347314,3.7320058,994.1674,993.6465,993.5069,0.03134072,0.04448365,0.05511786,24.331273433333333,0.220443542582909,23.946261433333333
2021-05-28 14:30:00,3.649364,995.3572,0.016782584,25.0365829,0.460285157,Yaas,Phase 3,3,25.1046753,14,28,148,-0.5,-0.866025404,24.870945,24.5407124,24.351841,0.46803084,0.475871891,0.483100146,3.5157113,3.427102,3.5347314,994.7198,994.1674,993.6465,0.022322167,0.03134072,0.04448365,24.5878328,0.2627403466849377,24.198021283333333
2021-05-28 15:30:00,3.7914062,996.029,0.01459933,25.1046753,0.454446882,Yaas,Phase 3,3,24.9524975,15,28,148,-0.707106781,-0.707106781,25.0365829,24.870945,24.5407124,0.460285157,0.46803084,0.475871891,3.649364,3.5157113,3.427102,995.3572,994.7198,994.1674,0.016782584,0.022322167,0.03134072,24.816080100000004,0.2524470362899365,24.480056466666667
2021-05-28 16:30:00,3.873572,996.29016,0.01864053,24.9524975,0.449247599,Yaas,Phase 3,3,24.7233047,16,28,148,-0.866025404,-0.5,25.1046753,25.0365829,24.870945,0.454446882,0.460285157,0.46803084,3.7914062,3.649364,3.5157113,996.029,995.3572,994.7198,0.01459933,0.016782584,0.022322167,25.004067733333333,0.1202097763580305,24.667670583333333
2021-05-28 17:30:00,3.9315057,996.351,0.01991099,24.7233047,0.443919718,Yaas,Phase 3,3,24.5039692,17,28,148,-0.965925826,-0.258819045,24.9524975,25.1046753,25.0365829,0.449247599,0.454446882,0.460285157,3.873572,3.7914062,3.649364,996.29016,996.029,995.3572,0.01864053,0.01459933,0.016782584,25.0312519,0.076228836,24.80954235
2021-05-28 18:30:00,3.9658341,996.24445,0.021946663,24.5039692,0.438728154,Yaas,Phase 3,3,24.2557945,18,28,148,-1.0,-1.84e-16,24.7233047,24.9524975,25.1046753,0.443919718,0.449247599,0.454446882,3.9315057,3.873572,3.7914062,996.351,996.29016,996.029,0.01991099,0.01864053,0.01459933,24.926825833333336,0.1919769764533672,24.871452966666663
2021-05-28 19:30:00,3.9621024,995.8725,0.015462878,24.2557945,0.433134884,Yaas,Phase 3,3,24.0821285,19,28,148,-0.965925826,0.2588190451025203,24.5039692,24.7233047,24.9524975,0.438728154,0.443919718,0.449247599,3.9658341,3.9315057,3.873572,996.24445,996.351,996.29016,0.021946663,0.01991099,0.01864053,24.726590466666668,0.2242822020851488,24.8653291
2021-05-28 20:30:00,3.9155195,995.44653,0.018089663,24.0821285,0.427178115,Yaas,Phase 3,3,23.8550892,20,28,148,-0.866025404,0.5000000000000001,24.2557945,24.5039692,24.7233047,0.433134884,0.438728154,0.443919718,3.9621024,3.9658341,3.9315057,995.8725,996.24445,996.351,0.015462878,0.021946663,0.01991099,24.49435613333333,0.2339033028070792,24.762804016666667
2021-05-28 21:30:00,3.8175092,995.09375,0.018936006,23.8550892,0.420592964,Yaas,Phase 3,3,23.5494633,21,28,148,-0.707106781,0.7071067811865474,24.0821285,24.2557945,24.5039692,0.427178115,0.433134884,0.438728154,3.9155195,3.9621024,3.9658341,995.44653,995.8725,996.24445,0.018089663,0.015462878,0.021946663,24.28063073333333,0.2120142044976206,24.603728283333336
2021-05-28 22:30:00,3.5886602,995.3577,0.016650155,23.5494633,0.414232582,Yaas,Phase 3,3,23.2512398,22,28,148,-0.5,0.8660254037844384,23.8550892,24.0821285,24.2557945,0.420592964,0.427178115,0.433134884,3.8175092,3.9155195,3.9621024,995.09375,995.44653,995.8725,0.018936006,0.018089663,0.015462878,24.0643374,0.2009442131324644,24.39546393333333
2021-05-28 23:30:00,3.470301,995.2276,0.016581338,23.2512398,0.408682436,Yaas,Phase 3,3,22.90695,23,28,148,-0.258819045,0.965925826289068,23.5494633,23.8550892,24.0821285,0.414232582,0.420592964,0.427178115,3.5886602,3.8175092,3.9155195,995.3577,995.09375,995.44653,0.016650155,0.018936006,0.018089663,23.82889366666667,0.2672970413186765,24.1616249
2021-05-29 00:30:00,3.3872638,995.8667,0.014822202,22.90695,0.403357387,Yaas,Phase 3,3,22.3811035,0,29,149,0.0,1.0,23.2512398,23.5494633,23.8550892,0.408682436,0.414232582,0.420592964,3.470301,3.5886602,3.8175092,995.2276,995.3577,995.09375,0.016581338,0.016650155,0.018936006,23.55193076666667,0.3019322618798739,23.91628075
2021-05-29 01:30:00,3.4207232,996.23474,0.016681725,22.3811035,0.396245629,Yaas,Phase 3,3,21.8053131,1,29,149,0.2588190451025207,0.9659258262890684,22.90695,23.2512398,23.5494633,0.403357387,0.408682436,0.414232582,3.3872638,3.470301,3.5886602,995.8667,995.2276,995.3577,0.014822202,0.016581338,0.016650155,23.235884366666667,0.3215317669668983,23.65011088333333
2021-05-29 02:30:00,3.493396,996.8084,0.014511097,21.8053131,0.390160769,Yaas,Phase 3,3,21.3658848,2,29,149,0.4999999999999999,0.8660254037844387,22.3811035,22.90695,23.2512398,0.396245629,0.403357387,0.408682436,3.4207232,3.3872638,3.470301,996.23474,995.8667,995.2276,0.016681725,0.014822202,0.016581338,22.8464311,0.4382136443417976,23.33766238333333
2021-05-29 03:30:00,3.5560222,997.1484,0.011689692,21.3658848,0.387265384,Yaas,Phase 3,3,21.5509243,3,29,149,0.7071067811865475,0.7071067811865476,21.8053131,22.3811035,22.90695,0.390160769,0.396245629,0.403357387,3.493396,3.4207232,3.3872638,996.8084,996.23474,995.8667,0.014511097,0.016681725,0.014822202,22.36445553333333,0.5510071060848386,22.95819315
2021-05-29 04:30:00,3.5336938,997.331,0.009549843,21.5509243,0.38694787,Yaas,Phase 3,3,21.7854137,4,29,149,0.8660254037844386,0.5000000000000001,21.3658848,21.8053131,22.3811035,0.387265384,0.390160769,0.396245629,3.5560222,3.493396,3.4207232,997.1484,996.8084,996.23474,0.011689692,0.014511097,0.016681725,21.85076713333333,0.5091333853393494,22.54332575
2021-05-29 05:30:00,3.466704,997.0042,0.011160609,21.7854137,0.386618912,Yaas,Phase 3,3,23.2107277,5,29,149,0.9659258262890684,0.2588190451025207,21.5509243,21.3658848,21.8053131,0.38694787,0.387265384,0.390160769,3.5336938,3.5560222,3.493396,997.331,997.1484,996.8084,0.009549843,0.011689692,0.014511097,21.574040733333334,0.2206243069739737,22.210235916666665
2021-05-29 06:30:00,3.394474,996.5723,0.014978622,23.2107277,0.443604678,Yaas,Phase 3,3,23.1719704,6,29,149,1.0,6.123233995736766e-17,21.7854137,21.5509243,21.3658848,0.386618912,0.38694787,0.387265384,3.466704,3.5336938,3.5560222,997.0042,997.331,997.1484,0.011160609,0.009549843,0.011689692,21.5674076,0.2102496108627848,21.965931566666665
2021-05-29 07:30:00,3.3163471,996.03375,0.009861896,23.1719704,0.441421717,Yaas,Phase 3,3,22.9970131,7,29,149,0.9659258262890684,-0.258819045,23.2107277,21.7854137,21.5509243,0.443604678,0.386618912,0.38694787,3.394474,3.466704,3.5336938,996.5723,997.0042,997.331,0.014978622,0.011160609,0.009549843,22.18235523333333,0.8982810068829445,22.016561183333334
2021-05-29 08:30:00,3.2602458,995.4229,0.017980913,22.9970131,0.438964516,Yaas,Phase 3,3,23.6424408,8,29,149,0.8660254037844387,-0.5,23.1719704,23.2107277,21.7854137,0.441421717,0.443604678,0.386618912,3.3163471,3.394474,3.466704,996.03375,996.5723,997.0042,0.009861896,0.014978622,0.011160609,22.72270393333333,0.8119484393742907,22.14837233333333
2021-05-29 09:30:00,3.2112405,994.92694,0.025750786,23.6424408,0.448407084,Yaas,Phase 3,3,23.6996422,9,29,149,0.7071067811865476,-0.707106781,22.9970131,23.1719704,23.2107277,0.438964516,0.441421717,0.443604678,3.2602458,3.3163471,3.394474,995.4229,996.03375,996.5723,0.017980913,0.009861896,0.014978622,23.1265704,0.1138611108468273,22.346989
2021-05-29 10:30:00,2.9198258,994.1194,0.047074135,23.6996422,0.445226252,Yaas,Phase 3,3,24.1546726,10,29,149,0.4999999999999999,-0.866025404,23.6424408,22.9970131,23.1719704,0.448407084,0.438964516,0.441421717,3.2112405,3.2602458,3.3163471,994.92694,995.4229,996.03375,0.025750786,0.017980913,0.009861896,23.270474766666663,0.3337986843459795,22.726415
2021-05-29 11:30:00,2.8818474,994.2411,0.049352568,24.1546726,0.440988332,Yaas,Phase 3,3,24.5640049,11,29,149,0.258819045,-0.965925826,23.6996422,23.6424408,22.9970131,0.445226252,0.448407084,0.438964516,2.9198258,3.2112405,3.2602458,994.1194,994.92694,995.4229,0.047074135,0.025750786,0.017980913,23.44636536666667,0.3902000701042056,23.08453465
2021-05-29 12:30:00,2.8987396,994.4763,0.038093623,24.5640049,0.43784076,Yaas,Phase 3,3,24.917696,12,29,149,1.2246467991473532e-16,-1.0,24.1546726,23.6996422,23.6424408,0.440988332,0.445226252,0.448407084,2.8818474,2.9198258,3.2112405,994.2411,994.1194,994.92694,0.049352568,0.047074135,0.025750786,23.832251866666667,0.2806854948209455,23.479411133333333
2021-05-29 13:30:00,3.0501456,995.00256,0.027712114,24.917696,0.433539003,Yaas,Phase 3,3,25.0929699,13,29,149,-0.258819045,-0.965925826,24.5640049,24.1546726,23.6996422,0.43784076,0.440988332,0.445226252,2.8987396,2.8818474,2.9198258,994.4763,994.2411,994.1194,0.038093623,0.049352568,0.047074135,24.1394399,0.4323826380068659,23.70495733333333
2021-05-29 14:30:00,3.2328951,995.63367,0.024228252,25.0929699,0.428694338,Yaas,Phase 3,3,25.1762981,14,29,149,-0.5,-0.866025404,24.917696,24.5640049,24.1546726,0.433539003,0.43784076,0.440988332,3.0501456,2.8987396,2.8818474,995.00256,994.4763,994.2411,0.027712114,0.038093623,0.049352568,24.545457833333334,0.3818496726439996,23.9959116
2021-05-29 15:30:00,3.4185853,996.3836,0.021845171,25.1762981,0.426142603,Yaas,Phase 3,3,25.003664,15,29,149,-0.707106781,-0.707106781,25.0929699,24.917696,24.5640049,0.428694338,0.433539003,0.43784076,3.2328951,3.0501456,2.8987396,995.63367,995.00256,994.4763,0.024228252,0.027712114,0.038093623,24.8582236,0.2694507702300313,24.34523773333333
2021-05-29 16:30:00,3.605233,996.8169,0.015332344,25.003664,0.42352277,Yaas,Phase 3,3,24.821043,16,29,149,-0.866025404,-0.5,25.1762981,25.0929699,24.917696,0.426142603,0.428694338,0.433539003,3.4185853,3.2328951,3.0501456,996.3836,995.63367,995.00256,0.021845171,0.024228252,0.027712114,25.062321333333333,0.1319972064482127,24.600880616666668
2021-05-29 17:30:00,3.7274628,996.94525,0.015566895,24.821043,0.420506597,Yaas,Phase 3,3,24.7015343,17,29,149,-0.965925826,-0.258819045,25.003664,25.1762981,25.0929699,0.42352277,0.426142603,0.428694338,3.605233,3.4185853,3.2328951,996.8169,996.3836,995.63367,0.015332344,0.021845171,0.024228252,25.09097733333333,0.086334297,24.81821758333333
2021-05-29 18:30:00,3.861492,996.6256,0.016559398,24.7015343,0.417820752,Yaas,Phase 3,3,24.5589046,18,29,149,-1.0,-1.84e-16,24.821043,25.003664,25.1762981,0.420506597,0.42352277,0.426142603,3.7274628,3.605233,3.4185853,996.94525,996.8169,996.3836,0.015566895,0.015332344,0.021845171,25.00033503333333,0.1776509443636373,24.929279316666666
2021-05-29 19:30:00,3.9534245,996.1945,0.014078139,24.5589046,0.413626343,Yaas,Phase 3,3,24.4266567,19,29,149,-0.965925826,0.2588190451025203,24.7015343,24.821043,25.003664,0.417820752,0.420506597,0.42352277,3.861492,3.7274628,3.605233,996.6256,996.94525,996.8169,0.016559398,0.015566895,0.015332344,24.842080433333333,0.1521595186192827,24.952200883333333
2021-05-29 20:30:00,3.999785,995.77576,0.01391872,24.4266567,0.408244312,Yaas,Phase 3,3,24.2330799,20,29,149,-0.866025404,0.5000000000000001,24.5589046,24.7015343,24.821043,0.413626343,0.417820752,0.420506597,3.9534245,3.861492,3.7274628,996.1945,996.6256,996.94525,0.014078139,0.016559398,0.015566895,24.6938273,0.1312390322098481,24.892402316666665
2021-05-29 21:30:00,3.9661481,995.36346,0.01572221,24.2330799,0.403284907,Yaas,Phase 3,3,23.942585,21,29,149,-0.707106781,0.7071067811865474,24.4266567,24.5589046,24.7015343,0.408244312,0.413626343,0.417820752,3.999785,3.9534245,3.861492,995.77576,996.1945,996.6256,0.01391872,0.014078139,0.016559398,24.5623652,0.1374714718030522,24.78135011666667
2021-05-29 22:30:00,3.8045077,995.19763,0.014494523,23.942585,0.398729384,Yaas,Phase 3,3,23.4982891,22,29,149,-0.5,0.8660254037844384,24.2330799,24.4266567,24.5589046,0.403284907,0.408244312,0.413626343,3.9661481,3.999785,3.9534245,995.36346,995.77576,996.1945,0.01572221,0.01391872,0.014078139,24.40621373333333,0.1638715043780065,24.624147083333337
2023-06-10 06:00:00,8.370752,1004.56976,0.41835824,27.8497505,0.423463613,Biparjoy,Phase 1,1,27.4670525,6,10,161,1.0,6.123233995736766e-17,24.2724552,24.318758,24.5736809,0.437080592,0.433231533,0.427478284,8.34286,8.271205,8.138061,1004.7862,1004.95874,1004.6921,0.43901396,0.48359242,0.5145193,24.38829803333333,0.1622069442475396,24.20657285
2023-06-10 07:00:00,8.371247,1003.9753,0.55771136,27.4670525,0.435017616,Biparjoy,Phase 1,1,27.3901501,7,10,161,0.9659258262890684,-0.258819045,27.8497505,24.2724552,24.318758,0.423463613,0.437080592,0.433231533,8.370752,8.34286,8.271205,1004.56976,1004.7862,1004.95874,0.41835824,0.43901396,0.48359242,25.48032123333333,2.0521165353420794,24.90717665
2023-06-10 08:00:00,8.3842535,1003.2607,0.5407228,27.3901501,0.445266634,Biparjoy,Phase 1,1,28.8479595,8,10,161,0.8660254037844387,-0.5,27.4670525,27.8497505,24.2724552,0.435017616,0.423463613,0.437080592,8.371247,8.370752,8.34286,1003.9753,1004.56976,1004.7862,0.55771136,0.41835824,0.43901396,26.529752733333336,1.9642195791956656,25.48039023333333
2023-06-10 09:00:00,8.402002,1002.5958,0.51751584,28.8479595,0.468371838,Biparjoy,Phase 1,1,28.7451611,9,10,161,0.7071067811865476,-0.707106781,27.3901501,27.4670525,27.8497505,0.445266634,0.435017616,0.423463613,8.3842535,8.371247,8.370752,1003.2607,1003.9753,1004.56976,0.5407228,0.55771136,0.41835824,27.56898436666667,0.2461721166210771,25.9786412
2023-06-10 10:00:00,8.083191,1001.9349,0.5208982,28.7451611,0.475518674,Biparjoy,Phase 1,1,28.6222401,10,10,161,0.4999999999999999,-0.866025404,28.8479595,27.3901501,27.4670525,0.468371838,0.445266634,0.435017616,8.402002,8.3842535,8.371247,1002.5958,1003.2607,1003.9753,0.51751584,0.5407228,0.55771136,27.9017207,0.8203684506065401,26.691020966666667
2023-06-10 11:00:00,8.235149,1001.6222,0.48724025,28.6222401,0.480838716,Biparjoy,Phase 1,1,28.4655685,11,10,161,0.258819045,-0.965925826,28.7451611,28.8479595,27.3901501,0.475518674,0.468371838,0.445266634,8.083191,8.402002,8.3842535,1001.9349,1002.5958,1003.2607,0.5208982,0.51751584,0.5407228,28.3277569,0.8136164706514867,27.428754816666668
2023-06-10 12:00:00,8.31402,1001.61475,0.428899,28.4655685,0.484858811,Biparjoy,Phase 1,1,28.5656776,12,10,161,1.2246467991473532e-16,-1.0,28.6222401,28.7451611,28.8479595,0.480838716,0.475518674,0.468371838,8.235149,8.083191,8.402002,1001.6222,1001.9349,1002.5958,0.48724025,0.5208982,0.51751584,28.738453566666664,0.1130090931594355,28.153718966666663
2023-06-10 13:00:00,8.218971,1001.9909,0.38395488,28.5656776,0.487340093,Biparjoy,Phase 1,1,29.0917568,13,10,161,-0.258819045,-0.965925826,28.4655685,28.6222401,28.7451611,0.484858811,0.480838716,0.475518674,8.31402,8.235149,8.083191,1001.61475,1001.6222,1001.9349,0.428899,0.48724025,0.5208982,28.6109899,0.140135401465094,28.2563553
2023-06-10 14:00:00,8.12666,1002.64197,0.36865342,29.0917568,0.487708122,Biparjoy,Phase 1,1,29.1646595,14,10,161,-0.5,-0.866025404,28.5656776,28.4655685,28.6222401,0.487340093,0.484858811,0.480838716,8.218971,8.31402,8.235149,1001.9909,1001.61475,1001.6222,0.38395488,0.428899,0.48724025,28.551162066666667,0.079338031,28.439459483333334
2023-06-10 15:00:00,8.150449,1003.37366,0.34643567,29.1646595,0.489888519,Biparjoy,Phase 1,1,28.8608494,15,10,161,-0.707106781,-0.707106781,29.0917568,28.5656776,28.4655685,0.487708122,0.487340093,0.484858811,8.12666,8.218971,8.31402,1002.64197,1001.9909,1001.61475,0.36865342,0.38395488,0.428899,28.707667633333333,0.3363760157008624,28.7230606
2023-06-10 16:00:00,8.19693,1003.8635,0.33271983,28.8608494,0.493204594,Biparjoy,Phase 1,1,28.3227539,16,10,161,-0.866025404,-0.5,29.1646595,29.0917568,28.5656776,0.489888519,0.487708122,0.487340093,8.150449,8.12666,8.218971,1003.37366,1002.64197,1001.9909,0.34643567,0.36865342,0.38395488,28.940697966666665,0.3268163207032197,28.77584393333333
2023-06-10 17:00:00,8.239066,1004.17145,0.3254799,28.3227539,0.495280683,Biparjoy,Phase 1,1,27.8429394,17,10,161,-0.965925826,-0.258819045,28.8608494,29.1646595,29.0917568,0.493204594,0.489888519,0.487708122,8.19693,8.150449,8.12666,1003.8635,1003.37366,1002.64197,0.33271983,0.34643567,0.36865342,29.039088566666663,0.1586051743084431,28.795125316666667
2023-06-10 18:00:00,8.283854,1004.05835,0.3386918,27.8429394,0.497247696,Biparjoy,Phase 1,1,27.4175415,18,10,161,-1.0,-1.84e-16,28.3227539,28.8608494,29.1646595,0.495280683,0.493204594,0.489888519,8.239066,8.19693,8.150449,1004.17145,1003.8635,1003.37366,0.3254799,0.33271983,0.34643567,28.78275426666666,0.4263512603659875,28.74521095
2023-06-10 19:00:00,8.317588,1003.70404,0.38577557,27.4175415,0.498388559,Biparjoy,Phase 1,1,26.8673096,19,10,161,-0.965925826,0.2588190451025203,27.8429394,28.3227539,28.8608494,0.497247696,0.495280683,0.493204594,8.283854,8.239066,8.19693,1004.05835,1004.17145,1003.8635,0.3386918,0.3254799,0.33271983,28.3421809,0.5092329999831141,28.64143943333333
2023-06-10 20:00:00,8.334637,1003.1506,0.40282223,26.8673096,0.499008775,Biparjoy,Phase 1,1,26.1467972,20,10,161,-0.866025404,0.5000000000000001,27.4175415,27.8429394,28.3227539,0.498388559,0.497247696,0.495280683,8.317588,8.283854,8.239066,1003.70404,1004.05835,1004.17145,0.38577557,0.3386918,0.3254799,27.861078266666667,0.4528787212283697,28.45008341666667
2023-06-10 21:00:00,8.350918,1002.67926,0.42049375,26.1467972,0.500677288,Biparjoy,Phase 1,1,25.5470886,21,10,161,-0.707106781,0.7071067811865474,26.8673096,27.4175415,27.8429394,0.499008775,0.498388559,0.497247696,8.334637,8.317588,8.283854,1003.1506,1003.70404,1004.05835,0.40282223,0.38577557,0.3386918,27.375930166666667,0.4891441545785553,28.079342216666664
2023-06-10 22:00:00,8.178625,1002.0581,0.43789002,25.5470886,0.499138176,Biparjoy,Phase 1,1,25.2786121,22,10,161,-0.5,0.8660254037844384,26.1467972,26.8673096,27.4175415,0.500677288,0.499008775,0.498388559,8.350918,8.334637,8.317588,1002.67926,1003.1506,1003.70404,0.42049375,0.40282223,0.38577557,26.810549433333332,0.6372707873311407,27.576365166666665
2023-06-10 23:00:00,8.318858,1002.13055,0.46282575,25.2786121,0.496800512,Biparjoy,Phase 1,1,25.1038303,23,10,161,-0.258819045,0.965925826289068,25.5470886,26.1467972,26.8673096,0.499138176,0.500677288,0.499008775,8.178625,8.350918,8.334637,1002.0581,1002.67926,1003.1506,0.43789002,0.42049375,0.40282223,26.18706513333333,0.6610310144399056,27.0240717
2023-06-11 00:00:00,8.257462,1002.5854,0.46807414,25.1038303,0.499580622,Biparjoy,Phase 1,1,24.6873093,0,11,162,0.0,1.0,25.2786121,25.5470886,26.1467972,0.496800512,0.499138176,0.500677288,8.318858,8.178625,8.350918,1002.13055,1002.0581,1002.67926,0.46282575,0.43789002,0.42049375,25.6574993,0.4444988571091708,26.51671473333333
2023-06-11 01:00:00,8.251653,1003.23157,0.49094725,24.6873093,0.50236249,Biparjoy,Phase 1,1,24.5415401,1,11,162,0.2588190451025207,0.9659258262890684,25.1038303,25.2786121,25.5470886,0.499580622,0.496800512,0.499138176,8.257462,8.318858,8.178625,1002.5854,1002.13055,1002.0581,0.46807414,0.46282575,0.43789002,25.309843666666666,0.2232734605747987,26.06019655
2023-06-11 02:00:00,8.457158,1003.7221,0.515914,24.5415401,0.501318693,Biparjoy,Phase 1,1,24.2333279,2,11,162,0.4999999999999999,0.8660254037844387,24.6873093,25.1038303,25.2786121,0.50236249,0.499580622,0.496800512,8.251653,8.257462,8.318858,1003.23157,1002.5854,1002.13055,0.49094725,0.46807414,0.46282575,25.023250566666665,0.3037755263183542,25.60515785
2023-06-11 03:00:00,8.7110615,1004.0953,0.525686,24.2333279,0.495827973,Biparjoy,Phase 1,1,23.684082,3,11,162,0.7071067811865475,0.7071067811865476,24.5415401,24.6873093,25.1038303,0.501318693,0.50236249,0.499580622,8.457158,8.251653,8.257462,1003.7221,1003.23157,1002.5854,0.515914,0.49094725,0.46807414,24.7775599,0.2918072057956336,25.2175296
2023-06-11 04:00:00,8.83682,1004.27985,0.5219424,23.684082,0.489919424,Biparjoy,Phase 1,1,23.2864513,4,11,162,0.8660254037844386,0.5000000000000001,24.2333279,24.5415401,24.6873093,0.495827973,0.501318693,0.50236249,8.7110615,8.457158,8.251653,1004.0953,1003.7221,1003.23157,0.525686,0.515914,0.49094725,24.48739243333333,0.2317838545726246,24.89861805
2023-06-11 05:00:00,8.921226,1004.2524,0.518997,23.2864513,0.485415339,Biparjoy,Phase 1,1,23.3661957,5,11,162,0.9659258262890684,0.2588190451025207,23.684082,24.2333279,24.5415401,0.489919424,0.495827973,0.501318693,8.83682,8.7110615,8.457158,1004.27985,1004.0953,1003.7221,0.5219424,0.525686,0.515914,24.15298333333333,0.4343386183135321,24.58811695
2023-06-11 06:00:00,8.938778,1004.03424,0.4951669,23.3661957,0.449484438,Biparjoy,Phase 1,1,23.5199146,6,11,162,1.0,6.123233995736766e-17,23.2864513,23.684082,24.2333279,0.485415339,0.489919424,0.495827973,8.921226,8.83682,8.7110615,1004.2524,1004.27985,1004.0953,0.518997,0.5219424,0.525686,23.7346204,0.4754570656881313,24.256090149999995
2023-06-11 07:00:00,8.916017,1003.54926,0.46297213,23.5199146,0.450870067,Biparjoy,Phase 1,1,23.4199047,7,11,162,0.9659258262890684,-0.258819045,23.3661957,23.2864513,23.684082,0.449484438,0.485415339,0.489919424,8.938778,8.921226,8.83682,1004.03424,1004.2524,1004.27985,0.4951669,0.518997,0.5219424,23.44557633333333,0.2103651756039417,23.96648438333333
2023-06-11 08:00:00,8.895182,1002.75354,0.4652418,23.4199047,0.455479354,Biparjoy,Phase 1,1,25.5774536,8,11,162,0.8660254037844387,-0.5,23.5199146,23.3661957,23.2864513,0.450870067,0.449484438,0.485415339,8.916017,8.938778,8.921226,1003.54926,1004.03424,1004.2524,0.46297213,0.4951669,0.518997,23.390853866666664,0.1186688543771961,23.7719186
2023-06-11 09:00:00,8.858091,1001.91406,0.4106069,25.5774536,0.495026469,Biparjoy,Phase 1,1,25.0170555,9,11,162,0.7071067811865476,-0.707106781,23.4199047,23.5199146,23.3661957,0.455479354,0.450870067,0.449484438,8.895182,8.916017,8.938778,1002.75354,1003.54926,1004.03424,0.4652418,0.46297213,0.4951669,23.43533833333333,0.078012966,23.58497936666667
2023-06-11 10:00:00,8.741079,1001.0772,0.40054578,25.0170555,0.49451685,Biparjoy,Phase 1,1,24.4933395,10,11,162,0.4999999999999999,-0.866025404,25.5774536,23.4199047,23.5199146,0.495026469,0.455479354,0.450870067,8.858091,8.895182,8.916017,1001.91406,1002.75354,1003.54926,0.4106069,0.4652418,0.46297213,24.1724243,1.2178181290399328,23.809000316666665
2023-06-11 11:00:00,8.718522,1000.7519,0.3722213,24.4933395,0.492515922,Biparjoy,Phase 1,1,24.2300129,11,11,162,0.258819045,-0.965925826,25.0170555,25.5774536,23.4199047,0.49451685,0.495026469,0.455479354,8.741079,8.858091,8.895182,1001.0772,1001.91406,1002.75354,0.40054578,0.4106069,0.4652418,24.671471266666668,1.1195202815131111,24.031162566666666
2023-06-11 12:00:00,8.688476,1000.7729,0.35097423,24.2300129,0.488693297,Biparjoy,Phase 1,1,24.007021,12,11,162,1.2246467991473532e-16,-1.0,24.4933395,25.0170555,25.5774536,0.492515922,0.49451685,0.495026469,8.718522,8.741079,8.858091,1000.7519,1001.0772,1001.91406,0.3722213,0.40054578,0.4106069,25.029282866666662,0.5421604714716433,24.2323106
2023-06-11 13:00:00,8.537688,1001.1867,0.34757918,24.007021,0.486588538,Biparjoy,Phase 1,1,24.0138378,13,11,162,-0.258819045,-0.965925826,24.2300129,24.4933395,25.0170555,0.488693297,0.492515922,0.49451685,8.688476,8.718522,8.741079,1000.7729,1000.7519,1001.0772,0.35097423,0.3722213,0.40054578,24.58013596666667,0.400636036,24.37628013333333
2023-06-11 14:00:00,8.367584,1001.76685,0.36196584,24.0138378,0.483902425,Biparjoy,Phase 1,1,23.8021221,14,11,162,-0.5,-0.866025404,24.007021,24.2300129,24.4933395,0.486588538,0.488693297,0.492515922,8.537688,8.688476,8.718522,1001.1867,1000.7729,1000.7519,0.34757918,0.35097423,0.3722213,24.2434578,0.2434378665338034,24.457464533333333
2023-06-11 15:00:00,8.318509,1002.2651,0.35531226,23.8021221,0.482575685,Biparjoy,Phase 1,1,23.6507702,15,11,162,-0.707106781,-0.707106781,24.0138378,24.007021,24.2300129,0.483902425,0.486588538,0.488693297,8.367584,8.537688,8.688476,1001.76685,1001.1867,1000.7729,0.36196584,0.34757918,0.35097423,24.083623900000003,0.126822402127037,24.55645338333333
2023-06-11 16:00:00,8.316671,1002.66504,0.32762834,23.6507702,0.481481224,Biparjoy,Phase 1,1,23.7739754,16,11,162,-0.866025404,-0.5,23.8021221,24.0138378,24.007021,0.482575685,0.483902425,0.486588538,8.318509,8.367584,8.537688,1002.2651,1001.76685,1001.1867,0.35531226,0.36196584,0.34757918,23.94099363333333,0.1203145638245366,24.2605648
2023-06-11 17:00:00,8.321181,1003.04614,0.31625733,23.7739754,0.478186131,Biparjoy,Phase 1,1,23.9455624,17,11,162,-0.965925826,-0.258819045,23.6507702,23.8021221,24.0138378,0.481481224,0.482575685,0.483902425,8.316671,8.318509,8.367584,1002.66504,1002.2651,1001.76685,0.32762834,0.35531226,0.36196584,23.82224336666667,0.1823682252247069,24.03285058333333
2023-06-11 18:00:00,8.343189,1003.0795,0.3285336,23.9455624,0.477019459,Biparjoy,Phase 1,1,23.9570999,18,11,162,-1.0,-1.84e-16,23.7739754,23.6507702,23.8021221,0.478186131,0.481481224,0.482575685,8.321181,8.316671,8.318509,1003.04614,1002.66504,1002.2651,0.31625733,0.32762834,0.35531226,23.74228923333333,0.080497573,23.91295656666667
2023-06-11 19:00:00,8.439564,1002.6804,0.40483287,23.9570999,0.477699518,Biparjoy,Phase 1,1,24.1091423,19,11,162,-0.965925826,0.2588190451025203,23.9455624,23.7739754,23.6507702,0.477019459,0.478186131,0.481481224,8.343189,8.321181,8.316671,1003.0795,1003.04614,1002.66504,0.3285336,0.31625733,0.32762834,23.79010266666667,0.1480563299652509,23.86554815
2023-06-11 20:00:00,8.555544,1002.2357,0.40755814,24.1091423,0.480263561,Biparjoy,Phase 1,1,24.1036987,20,11,162,-0.866025404,0.5000000000000001,23.9570999,23.9455624,23.7739754,0.477699518,0.477019459,0.478186131,8.439564,8.343189,8.321181,1002.6804,1003.0795,1003.04614,0.40483287,0.3285336,0.31625733,23.892212566666668,0.1025587595603032,23.857227966666667
2023-06-11 21:00:00,8.622214,1001.7265,0.42460698,24.1036987,0.481411695,Biparjoy,Phase 1,1,23.8845348,21,11,162,-0.707106781,0.7071067811865474,24.1091423,23.9570999,23.9455624,0.480263561,0.477699518,0.477019459,8.555544,8.439564,8.343189,1002.2357,1002.6804,1003.0795,0.40755814,0.40483287,0.3285336,24.00393486666667,0.091294751,23.87311205
2023-06-11 22:00:00,8.439806,1001.15027,0.44502747,23.8845348,0.486082375,Biparjoy,Phase 1,1,23.9118633,22,11,162,-0.5,0.8660254037844384,24.1036987,24.1091423,23.9570999,0.481411695,0.480263561,0.477699518,8.622214,8.555544,8.439564,1001.7265,1002.2357,1002.6804,0.42460698,0.40755814,0.40483287,24.056646966666666,0.086253244,23.923374816666666
2023-06-11 23:00:00,8.534759,1001.3296,0.47116533,23.9118633,0.48520112,Biparjoy,Phase 1,1,24.1851749,23,11,162,-0.258819045,0.965925826289068,23.8845348,24.1036987,24.1091423,0.486082375,0.481411695,0.480263561,8.439806,8.622214,8.555544,1001.15027,1001.7265,1002.2357,0.44502747,0.42460698,0.40755814,24.0324586,0.1281346797320384,23.96233558333333
2023-06-12 00:00:00,8.575222,1001.4991,0.49905494,24.1851749,0.484285623,Biparjoy,Phase 1,1,24.2830696,0,12,163,0.0,1.0,23.9118633,23.8845348,24.1036987,0.48520112,0.486082375,0.481411695,8.534759,8.439806,8.622214,1001.3296,1001.15027,1001.7265,0.47116533,0.44502747,0.42460698,23.966698933333333,0.1194295347812542,23.9853169
2023-06-12 01:00:00,8.6409855,1001.93384,0.51588786,24.2830696,0.48799628,Biparjoy,Phase 1,1,24.1006317,1,12,163,0.2588190451025207,0.9659258262890684,24.1851749,23.9118633,23.8845348,0.484285623,0.48520112,0.486082375,8.575222,8.534759,8.439806,1001.4991,1001.3296,1001.15027,0.49905494,0.47116533,0.44502747,23.993857666666667,0.1662480813596547,24.025252316666663
2023-06-12 02:00:00,8.924586,1002.4514,0.51679015,24.1006317,0.490587324,Biparjoy,Phase 1,1,24.2474804,2,12,163,0.4999999999999999,0.8660254037844387,24.2830696,24.1851749,23.9118633,0.48799628,0.484285623,0.48520112,8.6409855,8.575222,8.534759,1001.93384,1001.4991,1001.3296,0.51588786,0.49905494,0.47116533,24.1267026,0.1923870751644982,24.0795806
2023-06-12 03:00:00,9.225802,1002.84326,0.51370543,24.2474804,0.485142648,Biparjoy,Phase 1,1,24.2094326,3,12,163,0.7071067811865475,0.7071067811865476,24.1006317,24.2830696,24.1851749,0.490587324,0.48799628,0.484285623,8.924586,8.6409855,8.575222,1002.4514,1001.93384,1001.4991,0.51679015,0.51588786,0.49905494,24.1896254,0.09130034,24.07816216666667
2023-06-12 04:00:00,9.354297,1003.0822,0.49546015,24.2094326,0.48105669,Biparjoy,Phase 1,1,23.9191418,4,12,163,0.8660254037844386,0.5000000000000001,24.2474804,24.1006317,24.2830696,0.485142648,0.490587324,0.48799628,9.225802,8.924586,8.6409855,1002.84326,1002.4514,1001.93384,0.51370543,0.51679015,0.51588786,24.210393900000003,0.096708082,24.10212578333333
2023-06-12 05:00:00,9.416683,1003.14185,0.4868573,23.9191418,0.482358992,Biparjoy,Phase 1,1,23.4692173,5,12,163,0.9659258262890684,0.2588190451025207,24.2094326,24.2474804,24.1006317,0.48105669,0.485142648,0.490587324,9.354297,9.225802,8.924586,1003.0822,1002.84326,1002.4514,0.49546015,0.51370543,0.51679015,24.18584823333333,0.076212216,24.15627541666667
2023-06-12 06:00:00,9.454091,1002.9886,0.48746422,23.4692173,0.494781077,Biparjoy,Phase 2,2,23.3458977,6,12,163,1.0,6.123233995736766e-17,23.9191418,24.2094326,24.2474804,0.482358992,0.48105669,0.485142648,9.416683,9.354297,9.225802,1003.14185,1003.0822,1002.84326,0.4868573,0.49546015,0.51370543,24.1253516,0.1795933461551426,24.1574885
2023-06-12 07:00:00,9.47228,1002.59937,0.6314962,23.3458977,0.502341449,Biparjoy,Phase 2,2,22.9138565,7,12,163,0.9659258262890684,-0.258819045,23.4692173,23.9191418,24.2094326,0.494781077,0.482358992,0.48105669,9.454091,9.416683,9.354297,1002.9886,1003.14185,1003.0822,0.48746422,0.4868573,0.49546015,23.865930566666663,0.3729654797741088,24.03816223333333
2023-06-12 08:00:00,9.519763,1002.02,0.6008615,22.9138565,0.507391214,Biparjoy,Phase 2,2,24.6323414,8,12,163,0.8660254037844387,-0.5,23.3458977,23.4692173,23.9191418,0.502341449,0.494781077,0.482358992,9.47228,9.454091,9.416683,1002.59937,1002.9886,1003.14185,0.6314962,0.48746422,0.4868573,23.5780856,0.3017307236673903,23.881966916666663
2023-06-12 09:00:00,9.545165,1001.5013,0.5912241,24.6323414,0.535828829,Biparjoy,Phase 2,2,24.545929,9,12,163,0.7071067811865476,-0.707106781,22.9138565,23.3458977,23.4692173,0.507391214,0.502341449,0.494781077,9.519763,9.47228,9.454091,1002.02,1002.59937,1002.9886,0.6008615,0.6314962,0.48746422,23.2429905,0.2916313141674363,23.68417105
2023-06-12 10:00:00,8.879202,1000.7496,0.5532553,24.545929,0.538847029,Biparjoy,Phase 2,2,24.5769119,10,12,163,0.4999999999999999,-0.866025404,24.6323414,22.9138565,23.3458977,0.535828829,0.507391214,0.502341449,9.545165,9.519763,9.47228,1001.5013,1002.02,1002.59937,0.5912241,0.6008615,0.6314962,23.630698533333334,0.8939413984610524,23.74831455
2023-06-12 11:00:00,8.957515,1000.59155,0.48116052,24.5769119,0.541264653,Biparjoy,Phase 2,2,24.5130768,11,12,163,0.258819045,-0.965925826,24.545929,24.6323414,22.9138565,0.538847029,0.535828829,0.507391214,8.879202,9.545165,9.519763,1000.7496,1001.5013,1002.02,0.5532553,0.5912241,0.6008615,24.03070896666667,0.968187146136,23.804397283333333
2023-06-12 12:00:00,8.947146,1000.68207,0.42884332,24.5130768,0.547946692,Biparjoy,Phase 2,2,24.6357193,12,12,163,1.2246467991473532e-16,-1.0,24.5769119,24.545929,24.6323414,0.541264653,0.538847029,0.535828829,8.957515,8.879202,9.545165,1000.59155,1000.7496,1001.5013,0.48116052,0.5532553,0.5912241,24.58506076666667,0.0437787475763908,23.91402563333333
2023-06-12 13:00:00,8.817065,1001.2739,0.3505908,24.6357193,0.554523289,Biparjoy,Phase 2,2,24.8673534,13,12,163,-0.258819045,-0.965925826,24.5130768,24.5769119,24.545929,0.547946692,0.541264653,0.538847029,8.947146,8.957515,8.879202,1000.68207,1000.59155,1000.7496,0.42884332,0.48116052,0.5532553,24.5453059,0.031922111,24.088002216666663
2023-06-12 14:00:00,8.699954,1001.81903,0.3158248,24.8673534,0.557813942,Biparjoy,Phase 2,2,24.874918,14,12,163,-0.5,-0.866025404,24.6357193,24.5130768,24.5769119,0.554523289,0.547946692,0.541264653,8.817065,8.947146,8.957515,1001.2739,1000.68207,1000.59155,0.3505908,0.42884332,0.48116052,24.575236,0.061338423,24.30297248333333
2023-06-12 15:00:00,8.699753,1002.5486,0.30395442,24.874918,0.56369859,Biparjoy,Phase 2,2,24.7847576,15,12,163,-0.707106781,-0.707106781,24.8673534,24.6357193,24.5130768,0.557813942,0.554523289,0.547946692,8.699954,8.817065,8.947146,1001.81903,1001.2739,1000.68207,0.3158248,0.3505908,0.42884332,24.67204983333333,0.179910833653936,24.6285553
2023-06-12 16:00:00,8.71691,1003.0932,0.32031903,24.7847576,0.567396164,Biparjoy,Phase 2,2,24.5611515,16,12,163,-0.866025404,-0.5,24.874918,24.8673534,24.6357193,0.56369859,0.557813942,0.554523289,8.699753,8.699954,8.817065,1002.5486,1001.81903,1001.2739,0.30395442,0.3158248,0.3505908,24.792663566666665,0.1359703383936751,24.66898473333333
2023-06-12 17:00:00,8.725433,1003.608,0.32529777,24.5611515,0.571959496,Biparjoy,Phase 2,2,23.9843407,17,12,163,-0.965925826,-0.258819045,24.7847576,24.874918,24.8673534,0.567396164,0.56369859,0.557813942,8.71691,8.699753,8.699954,1003.0932,1002.5486,1001.81903,0.32031903,0.30395442,0.3158248,24.842343,0.050013643,24.7087895
2023-06-12 18:00:00,8.736801,1003.58374,0.31772885,23.9843407,0.58093816,Biparjoy,Phase 2,2,23.6376381,18,12,163,-1.0,-1.84e-16,24.5611515,24.7847576,24.874918,0.571959496,0.567396164,0.56369859,8.725433,8.71691,8.699753,1003.608,1003.0932,1002.5486,0.32529777,0.32031903,0.30395442,24.7402757,0.1615435969056597,24.706162766666665
2023-06-12 19:00:00,8.727876,1003.2283,0.4404367,23.6376381,0.590490878,Biparjoy,Phase 2,2,23.5400314,19,12,163,-0.965925826,0.2588190451025203,23.9843407,24.5611515,24.7847576,0.58093816,0.571959496,0.567396164,8.736801,8.725433,8.71691,1003.58374,1003.608,1003.0932,0.31772885,0.32529777,0.32031903,24.443416600000003,0.4129926554551136,24.618040083333337
2023-06-12 20:00:00,8.73682,1002.78864,0.42926452,23.5400314,0.596935213,Biparjoy,Phase 2,2,23.5812416,20,12,163,-0.866025404,0.5000000000000001,23.6376381,23.9843407,24.5611515,0.590490878,0.58093816,0.571959496,8.727876,8.736801,8.725433,1003.2283,1003.58374,1003.608,0.4404367,0.31772885,0.32529777,24.06104343333333,0.4665101627729671,24.45169321666667
2023-06-12 21:00:00,8.759938,1002.447,0.42082253,23.5812416,0.597516537,Biparjoy,Phase 2,2,23.6421719,21,12,163,-0.707106781,0.7071067811865474,23.5400314,23.6376381,23.9843407,0.596935213,0.590490878,0.58093816,8.73682,8.727876,8.736801,1002.78864,1003.2283,1003.58374,0.42926452,0.4404367,0.31772885,23.720670066666667,0.2335025034833624,24.23047288333333
2023-06-12 22:00:00,8.729074,1001.99976,0.40951172,23.6421719,0.596005678,Biparjoy,Phase 2,2,23.879776,22,12,163,-0.5,0.8660254037844384,23.5812416,23.5400314,23.6376381,0.597516537,0.596935213,0.590490878,8.759938,8.73682,8.727876,1002.447,1002.78864,1003.2283,0.42082253,0.42926452,0.4404367,23.5863037,0.048999853,24.01486015
2023-06-12 23:00:00,8.813955,1002.09503,0.39226702,23.879776,0.594347894,Biparjoy,Phase 2,2,24.0898571,23,12,163,-0.258819045,0.965925826289068,23.6421719,23.5812416,23.5400314,0.596005678,0.597516537,0.596935213,8.729074,8.759938,8.73682,1001.99976,1002.447,1002.78864,0.40951172,0.42082253,0.42926452,23.587814966666667,0.051386548,23.8244292
2023-06-13 00:00:00,8.75971,1002.3697,0.3932709,24.0898571,0.595878005,Biparjoy,Phase 2,2,23.9665985,0,13,164,0.0,1.0,23.879776,23.6421719,23.5812416,0.594347894,0.596005678,0.597516537,8.813955,8.729074,8.759938,1002.09503,1001.99976,1002.447,0.39226702,0.40951172,0.42082253,23.701063166666668,0.1577397634175284,23.710866616666664
2023-06-13 01:00:00,8.740493,1002.875,0.40309164,23.9665985,0.596108377,Biparjoy,Phase 2,2,24.1051044,1,13,164,0.2588190451025207,0.9659258262890684,24.0898571,23.879776,23.6421719,0.595878005,0.594347894,0.596005678,8.75971,8.813955,8.729074,1002.3697,1002.09503,1001.99976,0.3932709,0.39226702,0.40951172,23.87060166666667,0.2239835616039997,23.72845268333333
2023-06-13 02:00:00,8.997329,1003.5163,0.3991499,24.1051044,0.591982841,Biparjoy,Phase 2,2,24.4342747,2,13,164,0.4999999999999999,0.8660254037844387,23.9665985,24.0898571,23.879776,0.596108377,0.595878005,0.594347894,8.740493,8.75971,8.813955,1002.875,1002.3697,1002.09503,0.40309164,0.3932709,0.39226702,23.978743866666665,0.105565854294228,23.78327941666667
2023-06-13 03:00:00,9.292047,1004.11066,0.38170364,24.4342747,0.593892992,Biparjoy,Phase 2,2,24.8079967,3,13,164,0.7071067811865475,0.7071067811865476,24.1051044,23.9665985,24.0898571,0.591982841,0.596108377,0.595878005,8.997329,8.740493,8.75971,1003.5163,1002.875,1002.3697,0.3991499,0.40309164,0.3932709,24.053853333333333,0.075948499,23.87745825
2023-06-13 04:00:00,9.384494,1004.4498,0.36480787,24.8079967,0.59607923,Biparjoy,Phase 2,2,25.3013573,4,13,164,0.8660254037844386,0.5000000000000001,24.4342747,24.1051044,23.9665985,0.593892992,0.591982841,0.596108377,9.292047,8.997329,8.740493,1004.11066,1003.5163,1002.875,0.38170364,0.3991499,0.40309164,24.1686592,0.2402283631544172,24.019630433333333
2023-06-13 05:00:00,9.414948,1004.546,0.3674114,25.3013573,0.600800812,Biparjoy,Phase 2,2,22.8804283,5,13,164,0.9659258262890684,0.2588190451025207,24.8079967,24.4342747,24.1051044,0.59607923,0.593892992,0.591982841,9.384494,9.292047,8.997329,1004.4498,1004.11066,1003.5163,0.36480787,0.38170364,0.3991499,24.449125266666663,0.3516813911021095,24.213934566666666
2023-06-13 06:00:00,9.43134,1004.35803,0.3778363,22.8804283,0.583680987,Biparjoy,Phase 2,2,23.1996422,6,13,164,1.0,6.123233995736766e-17,25.3013573,24.8079967,24.4342747,0.600800812,0.59607923,0.593892992,9.414948,9.384494,9.292047,1004.546,1004.4498,1004.11066,0.3674114,0.36480787,0.38170364,24.84787623333333,0.4349147522098903,24.450864783333333
2023-06-13 07:00:00,9.454186,1003.98346,0.41115478,23.1996422,0.591344595,Biparjoy,Phase 2,2,23.3310699,7,13,164,0.9659258262890684,-0.258819045,22.8804283,25.3013573,24.8079967,0.583680987,0.600800812,0.59607923,9.43134,9.414948,9.384494,1004.35803,1004.546,1004.4498,0.3778363,0.3674114,0.36480787,24.32992743333333,1.2793111324297202,24.249293316666662
2023-06-13 08:00:00,9.489191,1003.4386,0.45239118,23.3310699,0.583402932,Biparjoy,Phase 2,2,22.2710457,8,13,164,0.8660254037844387,-0.5,23.1996422,22.8804283,25.3013573,0.591344595,0.583680987,0.600800812,9.454186,9.43134,9.414948,1003.98346,1004.35803,1004.546,0.41115478,0.3778363,0.3674114,23.793809266666667,1.315294713398364,24.121467266666667
2023-06-13 09:00:00,9.474009,1002.72144,0.45378092,22.2710457,0.547395051,Biparjoy,Phase 2,2,22.0470333,9,13,164,0.7071067811865476,-0.707106781,23.3310699,23.1996422,22.8804283,0.583402932,0.591344595,0.583680987,9.489191,9.454186,9.43134,1003.4386,1003.98346,1004.35803,0.45239118,0.41115478,0.3778363,23.1370468,0.231750083038868,23.992461516666665
2023-06-13 10:00:00,9.067848,1002.0537,0.44869277,22.0470333,0.555108607,Biparjoy,Phase 2,2,21.8145065,10,13,164,0.4999999999999999,-0.866025404,22.2710457,23.3310699,23.1996422,0.547395051,0.583402932,0.591344595,9.474009,9.489191,9.454186,1002.72144,1003.4386,1003.98346,0.45378092,0.45239118,0.41115478,22.933919266666663,0.577814273,23.63192335
2023-06-13 11:00:00,9.053713,1001.8557,0.41551998,21.8145065,0.565820038,Biparjoy,Phase 2,2,21.6339645,11,13,164,0.258819045,-0.965925826,22.0470333,22.2710457,23.3310699,0.555108607,0.547395051,0.583402932,9.067848,9.474009,9.489191,1002.0537,1002.72144,1003.4386,0.44869277,0.45378092,0.45239118,22.5497163,0.6858793443552592,23.17176278333333
2023-06-13 12:00:00,9.035043,1002.14465,0.3353105,21.6339645,0.580243826,Biparjoy,Phase 2,2,21.8698921,12,13,164,1.2246467991473532e-16,-1.0,21.8145065,22.0470333,22.2710457,0.565820038,0.555108607,0.547395051,9.053713,9.067848,9.474009,1001.8557,1002.0537,1002.72144,0.41551998,0.44869277,0.45378092,22.04419516666667,0.2282828323261185,22.59062098333333
2023-06-13 13:00:00,8.860021,1002.5023,0.31179622,21.8698921,0.590712845,Biparjoy,Phase 2,2,22.4951305,13,13,164,-0.258819045,-0.965925826,21.6339645,21.8145065,22.0470333,0.580243826,0.565820038,0.555108607,9.035043,9.053713,9.067848,1002.14465,1001.8557,1002.0537,0.3353105,0.41551998,0.44869277,21.831834766666663,0.2070788738685895,22.382877016666665
2023-06-13 14:00:00,8.752761,1003.0486,0.31008857,22.4951305,0.607833147,Biparjoy,Phase 2,2,22.7668762,14,13,164,-0.5,-0.866025404,21.8698921,21.6339645,21.8145065,0.590712845,0.580243826,0.565820038,8.860021,9.035043,9.053713,1002.5023,1002.14465,1001.8557,0.31179622,0.3353105,0.41551998,21.7727877,0.1233726137179272,22.161252
2023-06-13 15:00:00,8.744198,1003.6422,0.32336423,22.7668762,0.626365006,Biparjoy,Phase 2,2,23.0059986,15,13,164,-0.707106781,-0.707106781,22.4951305,21.8698921,21.6339645,0.607833147,0.590712845,0.580243826,8.752761,8.860021,9.035043,1003.0486,1002.5023,1002.14465,0.31008857,0.31179622,0.3353105,21.999662366666666,0.4450078218100419,22.021928766666665
2023-06-13 16:00:00,8.7321205,1004.17145,0.31896213,23.0059986,0.644799054,Biparjoy,Phase 2,2,23.2161484,16,13,164,-0.866025404,-0.5,22.7668762,22.4951305,21.8698921,0.626365006,0.607833147,0.590712845,8.744198,8.752761,8.860021,1003.6422,1003.0486,1002.5023,0.32336423,0.31008857,0.31179622,22.3772996,0.4599545734736884,22.104567183333334
2023-06-13 17:00:00,8.717105,1004.877,0.30303454,23.2161484,0.661227882,Biparjoy,Phase 2,2,23.1917057,17,13,164,-0.965925826,-0.258819045,23.0059986,22.7668762,22.4951305,0.644799054,0.626365006,0.607833147,8.7321205,8.744198,8.752761,1004.17145,1003.6422,1003.0486,0.31896213,0.32336423,0.31008857,22.756001766666667,0.2556075974510253,22.264394733333333
2023-06-13 18:00:00,8.685522,1005.10065,0.28397956,23.1917057,0.669264257,Biparjoy,Phase 2,2,23.0373058,18,13,164,-1.0,-1.84e-16,23.2161484,23.0059986,22.7668762,0.661227882,0.644799054,0.626365006,8.717105,8.7321205,8.744198,1004.877,1004.17145,1003.6422,0.30303454,0.31896213,0.32336423,22.99634106666667,0.2247917444787643,22.498001716666668
2023-06-13 19:00:00,8.690113,1004.9329,0.27952054,23.0373058,0.682861269,Biparjoy,Phase 2,2,23.1078091,19,13,164,-0.965925826,0.2588190451025203,23.1917057,23.2161484,23.0059986,0.669264257,0.661227882,0.644799054,8.685522,8.717105,8.7321205,1005.10065,1004.877,1004.17145,0.28397956,0.30303454,0.31896213,23.137950900000003,0.1149257086222071,22.75762525
2023-06-13 20:00:00,8.647199,1004.64105,0.2976355,23.1078091,0.691052973,Biparjoy,Phase 2,2,23.1949272,20,13,164,-0.866025404,0.5000000000000001,23.0373058,23.1917057,23.2161484,0.682861269,0.669264257,0.661227882,8.690113,8.685522,8.717105,1004.9329,1005.10065,1004.877,0.27952054,0.28397956,0.30303454,23.14838663333333,0.096972032,22.9521942
2023-06-13 21:00:00,8.601012,1004.41626,0.30012307,23.1949272,0.702791572,Biparjoy,Phase 2,2,23.409729,21,13,164,-0.707106781,0.7071067811865474,23.1078091,23.0373058,23.1917057,0.691052973,0.682861269,0.669264257,8.647199,8.690113,8.685522,1004.64105,1004.9329,1005.10065,0.2976355,0.27952054,0.28397956,23.112273533333333,0.077296705,23.0543073
2023-06-13 22:00:00,8.286203,1004.1216,0.30287102,23.409729,0.708714604,Biparjoy,Phase 2,2,23.5750294,22,13,164,-0.5,0.8660254037844384,23.1949272,23.1078091,23.0373058,0.702791572,0.691052973,0.682861269,8.601012,8.647199,8.690113,1004.41626,1004.64105,1004.9329,0.30012307,0.2976355,0.27952054,23.113347366666662,0.078956512,23.12564913333333
2023-06-13 23:00:00,8.363393,1004.2178,0.30922005,23.5750294,0.70343101,Biparjoy,Phase 2,2,23.7114906,23,13,164,-0.258819045,0.965925826289068,23.409729,23.1949272,23.1078091,0.708714604,0.702791572,0.691052973,8.286203,8.601012,8.647199,1004.1216,1004.41626,1004.64105,0.30287102,0.30012307,0.2976355,23.23748843333333,0.1553946602723729,23.19293753333333
2023-06-14 00:00:00,8.404061,1004.283,0.3242417,23.7114906,0.703263223,Biparjoy,Phase 2,2,23.7721462,0,14,165,0.0,1.0,23.5750294,23.409729,23.1949272,0.70343101,0.708714604,0.702791572,8.363393,8.286203,8.601012,1004.2178,1004.1216,1004.41626,0.30922005,0.30287102,0.30012307,23.39322853333333,0.1905875642884168,23.252751033333336
2023-06-14 01:00:00,8.403641,1004.8747,0.31958973,23.7721462,0.703614593,Biparjoy,Phase 2,2,24.1947327,1,14,165,0.2588190451025207,0.9659258262890684,23.7114906,23.5750294,23.409729,0.703263223,0.70343101,0.708714604,8.404061,8.363393,8.286203,1004.283,1004.2178,1004.1216,0.3242417,0.30922005,0.30287102,23.56541633333333,0.1511103044027963,23.33938185
2023-06-14 02:00:00,8.790575,1005.5178,0.32921222,24.1947327,0.703702569,Biparjoy,Phase 2,2,24.4474411,2,14,165,0.4999999999999999,0.8660254037844387,23.7721462,23.7114906,23.5750294,0.703614593,0.703263223,0.70343101,8.403641,8.404061,8.363393,1004.8747,1004.283,1004.2178,0.31958973,0.3242417,0.30922005,23.68622206666667,0.1009585672104208,23.46185525
2023-06-14 03:00:00,9.060652,1006.0927,0.3245813,24.4474411,0.702211797,Biparjoy,Phase 2,2,24.621315,3,14,165,0.7071067811865475,0.7071067811865476,24.1947327,23.7721462,23.7114906,0.703702569,0.703614593,0.703263223,8.790575,8.403641,8.404061,1005.5178,1004.8747,1004.283,0.32921222,0.31958973,0.3242417,23.89278983333333,0.2632430369468532,23.643009183333334
2023-06-14 04:00:00,9.135957,1006.40576,0.32051876,24.621315,0.697062254,Biparjoy,Phase 2,2,24.8870697,4,14,165,0.8660254037844386,0.5000000000000001,24.4474411,24.1947327,23.7721462,0.702211797,0.703702569,0.703614593,9.060652,8.790575,8.403641,1006.0927,1005.5178,1004.8747,0.3245813,0.32921222,0.31958973,24.13810666666667,0.3411900954450356,23.8517615
2023-06-14 05:00:00,9.181768,1006.61786,0.3196413,24.8870697,0.692463338,Biparjoy,Phase 2,2,23.3014965,5,14,165,0.9659258262890684,0.2588190451025207,24.621315,24.4474411,24.1947327,0.697062254,0.702211797,0.703702569,9.135957,9.060652,8.790575,1006.40576,1006.0927,1005.5178,0.32051876,0.3245813,0.32921222,24.42116293333333,0.2145017976633816,24.0536925
2023-06-14 06:00:00,9.214326,1006.4391,0.31778392,23.3014965,0.675894678,Biparjoy,Phase 2,2,23.6553173,6,14,165,1.0,6.123233995736766e-17,24.8870697,24.621315,24.4474411,0.692463338,0.697062254,0.702211797,9.181768,9.135957,9.060652,1006.61786,1006.40576,1006.0927,0.3196413,0.32051876,0.3245813,24.651941933333333,0.2214087470460771,24.272365883333336
2023-06-14 07:00:00,9.263992,1005.97906,0.3313929,23.6553173,0.677392602,Biparjoy,Phase 2,2,24.1378403,7,14,165,0.9659258262890684,-0.258819045,23.3014965,24.8870697,24.621315,0.675894678,0.692463338,0.697062254,9.214326,9.181768,9.135957,1006.4391,1006.61786,1006.40576,0.31778392,0.3196413,0.32051876,24.2699604,0.8491749727502671,24.20403353333333
2023-06-14 08:00:00,9.290884,1005.3712,0.3296034,24.1378403,0.68056947,Biparjoy,Phase 2,2,24.33531,8,14,165,0.8660254037844387,-0.5,23.6553173,23.3014965,24.8870697,0.677392602,0.675894678,0.692463338,9.263992,9.214326,9.181768,1005.97906,1006.4391,1006.61786,0.3313929,0.31778392,0.3196413,23.94796116666667,0.8323105896615597,24.18456205
2023-06-14 09:00:00,9.2873335,1004.66016,0.34012097,24.33531,0.703493237,Biparjoy,Phase 2,2,25.0580235,9,14,165,0.7071067811865476,-0.707106781,24.1378403,23.6553173,23.3014965,0.68056947,0.677392602,0.675894678,9.290884,9.263992,9.214326,1005.3712,1005.97906,1006.4391,0.3296034,0.3313929,0.31778392,23.698218033333333,0.4198191189548446,24.175079983333333
2023-06-14 10:00:00,9.0153265,1003.9703,0.35206085,25.0580235,0.706442177,Biparjoy,Phase 2,2,25.4366684,10,14,165,0.4999999999999999,-0.866025404,24.33531,24.1378403,23.6553173,0.703493237,0.68056947,0.677392602,9.2873335,9.290884,9.263992,1004.66016,1005.3712,1005.97906,0.34012097,0.3296034,0.3313929,24.042822533333336,0.3498125212168099,24.156391466666665
2023-06-14 11:00:00,9.025369,1003.6803,0.3452508,25.4366684,0.712067485,Biparjoy,Phase 2,2,25.6792068,11,14,165,0.258819045,-0.965925826,25.0580235,24.33531,24.1378403,0.706442177,0.703493237,0.68056947,9.0153265,9.2873335,9.290884,1003.9703,1004.66016,1005.3712,0.35206085,0.34012097,0.3296034,24.51039126666667,0.4844320053874931,24.22917621666667
2023-06-14 12:00:00,8.942189,1003.73175,0.31259125,25.6792068,0.719225824,Biparjoy,Phase 2,2,26.1994114,12,14,165,1.2246467991473532e-16,-1.0,25.4366684,25.0580235,24.33531,0.712067485,0.706442177,0.703493237,9.025369,9.0153265,9.2873335,1003.6803,1003.9703,1004.66016,0.3452508,0.35206085,0.34012097,24.943333966666668,0.5595648739018347,24.320776
2023-06-14 13:00:00,8.724911,1003.9795,0.2952745,26.1994114,0.726097882,Biparjoy,Phase 2,2,26.7472878,13,14,165,-0.258819045,-0.965925826,25.6792068,25.4366684,25.0580235,0.719225824,0.712067485,0.706442177,8.942189,9.025369,9.0153265,1003.73175,1003.6803,1003.9703,0.31259125,0.3452508,0.35206085,25.391299566666664,0.3130669598156372,24.71706105
2023-06-14 14:00:00,8.459763,1004.5445,0.27462798,26.7472878,0.730542898,Biparjoy,Phase 2,2,26.969347,14,14,165,-0.5,-0.866025404,26.1994114,25.6792068,25.4366684,0.726097882,0.719225824,0.712067485,8.724911,8.942189,9.025369,1003.9795,1003.73175,1003.6803,0.2952745,0.31259125,0.3452508,25.7717622,0.3897038588005962,25.14107673333333
2023-06-14 15:00:00,8.416292,1005.14526,0.26663363,26.969347,0.730782986,Biparjoy,Phase 2,2,27.1636353,15,14,165,-0.707106781,-0.707106781,26.7472878,26.1994114,25.6792068,0.730542898,0.726097882,0.719225824,8.459763,8.724911,8.942189,1004.5445,1003.9795,1003.73175,0.27462798,0.2952745,0.31259125,26.20863533333333,0.5341002399829067,25.57598465
2023-06-14 16:00:00,8.423625,1005.74866,0.25008458,27.1636353,0.730559409,Biparjoy,Phase 2,2,26.9100304,16,14,165,-0.866025404,-0.5,26.969347,26.7472878,26.1994114,0.730782986,0.730542898,0.726097882,8.416292,8.459763,8.724911,1005.14526,1004.5445,1003.9795,0.26663363,0.27462798,0.2952745,26.638682066666664,0.3962910685612623,26.014990816666668
2023-06-14 17:00:00,8.446755,1006.1108,0.22322088,26.9100304,0.729899228,Biparjoy,Phase 2,2,26.199482,17,14,165,-0.965925826,-0.258819045,27.1636353,26.969347,26.7472878,0.730559409,0.730782986,0.730542898,8.423625,8.416292,8.459763,1005.74866,1005.14526,1004.5445,0.25008458,0.26663363,0.27462798,26.96009003333333,0.2083280556307497,26.365926116666667
2023-06-14 18:00:00,8.44364,1006.0395,0.20808983,26.199482,0.734093368,Biparjoy,Phase 2,2,25.589262,18,14,165,-1.0,-1.84e-16,26.9100304,27.1636353,26.969347,0.729899228,0.730559409,0.730782986,8.446755,8.423625,8.416292,1006.1108,1005.74866,1005.14526,0.22322088,0.25008458,0.26663363,27.014337566666665,0.1326535888797107,26.61148645
2023-06-14 19:00:00,8.432672,1005.6491,0.30303988,25.589262,0.739171684,Biparjoy,Phase 2,2,25.007513,19,14,165,-0.965925826,0.2588190451025203,26.199482,26.9100304,27.1636353,0.734093368,0.729899228,0.730559409,8.44364,8.446755,8.423625,1006.0395,1006.1108,1005.74866,0.20808983,0.22322088,0.25008458,26.7577159,0.4997976357065334,26.69819898333333
2023-06-14 20:00:00,8.419143,1005.2602,0.32048923,25.007513,0.739311039,Biparjoy,Phase 2,2,24.6207829,20,14,165,-0.866025404,0.5000000000000001,25.589262,26.199482,26.9100304,0.739171684,0.734093368,0.729899228,8.432672,8.44364,8.446755,1005.6491,1006.0395,1006.1108,0.30303988,0.20808983,0.22322088,26.232924800000003,0.6610189916057364,26.596507416666668
2023-06-14 21:00:00,8.40722,1004.81537,0.32404998,24.6207829,0.739974141,Biparjoy,Phase 2,2,24.4250984,21,14,165,-0.707106781,0.7071067811865474,25.007513,25.589262,26.199482,0.739311039,0.739171684,0.734093368,8.419143,8.432672,8.44364,1005.2602,1005.6491,1006.0395,0.32048923,0.30303988,0.20808983,25.598752333333334,0.5960411680918504,26.30654495
2023-06-14 22:00:00,8.3251915,1004.3826,0.31012785,24.4250984,0.740645945,Biparjoy,Phase 2,2,24.4529057,22,14,165,-0.5,0.8660254037844384,24.6207829,25.007513,25.589262,0.739974141,0.739311039,0.739171684,8.40722,8.419143,8.432672,1004.81537,1005.2602,1005.6491,0.32404998,0.32048923,0.30303988,25.0725193,0.4875010831413129,25.9151176
2023-06-14 23:00:00,8.291077,1004.4333,0.2812626,24.4529057,0.743221998,Biparjoy,Phase 2,2,24.587656,23,14,165,-0.258819045,0.965925826289068,24.4250984,24.6207829,25.007513,0.740645945,0.739974141,0.739311039,8.3251915,8.40722,8.419143,1004.3826,1004.81537,1005.2602,0.31012785,0.32404998,0.32048923,24.684464766666665,0.2963835803142552,25.45869478333333
2023-06-15 00:00:00,8.1919155,1004.67865,0.24876674,24.587656,0.750819564,Biparjoy,Phase 2,2,24.3745537,0,15,166,0.0,1.0,24.4529057,24.4250984,24.6207829,0.743221998,0.740645945,0.739974141,8.291077,8.3251915,8.40722,1004.4333,1004.3826,1004.81537,0.2812626,0.31012785,0.32404998,24.499595666666664,0.1058681756977122,25.049174000000004
2023-06-15 01:00:00,8.135282,1005.1971,0.24108,24.3745537,0.757127225,Biparjoy,Phase 2,2,24.651947,1,15,166,0.2588190451025207,0.9659258262890684,24.587656,24.4529057,24.4250984,0.750819564,0.743221998,0.740645945,8.1919155,8.291077,8.3251915,1004.67865,1004.4333,1004.3826,0.24876674,0.2812626,0.31012785,24.488553366666665,0.086944295,24.78053633333333
2023-06-15 02:00:00,8.421171,1005.9732,0.25077403,24.651947,0.757272243,Biparjoy,Phase 2,2,24.8409767,2,15,166,0.4999999999999999,0.8660254037844387,24.3745537,24.587656,24.4529057,0.757127225,0.750819564,0.743221998,8.135282,8.1919155,8.291077,1005.1971,1004.67865,1004.4333,0.24108,0.24876674,0.2812626,24.471705133333334,0.1077878081536239,24.57808495
2023-06-15 03:00:00,8.701132,1006.4414,0.24350539,24.8409767,0.758876681,Biparjoy,Phase 2,2,25.0490417,3,15,166,0.7071067811865475,0.7071067811865476,24.651947,24.3745537,24.587656,0.757272243,0.757127225,0.750819564,8.421171,8.135282,8.1919155,1005.9732,1005.1971,1004.67865,0.25077403,0.24108,0.24876674,24.53805223333333,0.1451969730120456,24.51882395
2023-06-15 04:00:00,8.818185,1006.84216,0.25503555,25.0490417,0.76053679,Biparjoy,Phase 2,2,25.4965363,4,15,166,0.8660254037844386,0.5000000000000001,24.8409767,24.651947,24.3745537,0.758876681,0.757272243,0.757127225,8.701132,8.421171,8.135282,1006.4414,1005.9732,1005.1971,0.24350539,0.25077403,0.24108,24.622492466666667,0.2346023889108086,24.555522916666664
2023-06-15 05:00:00,8.830924,1006.82043,0.25993845,25.4965363,0.758933783,Biparjoy,Phase 2,2,25.8648911,5,15,166,0.9659258262890684,0.2588190451025207,25.0490417,24.8409767,24.651947,0.76053679,0.758876681,0.757272243,8.818185,8.701132,8.421171,1006.84216,1006.4414,1005.9732,0.25503555,0.24350539,0.25077403,24.8473218,0.1986233757958017,24.659513466666667
2023-06-15 06:00:00,8.801568,1006.4831,0.2639162,25.8648911,0.720585346,Biparjoy,Phase 2,2,26.2290592,6,15,166,1.0,6.123233995736766e-17,25.4965363,25.0490417,24.8409767,0.758933783,0.76053679,0.758876681,8.830924,8.818185,8.701132,1006.82043,1006.84216,1006.4414,0.25993845,0.25503555,0.24350539,25.12885156666667,0.334987774,24.8334519
2023-06-15 07:00:00,8.77695,1005.9945,0.2595878,26.2290592,0.721754432,Biparjoy,Phase 2,2,26.5870667,7,15,166,0.9659258262890684,-0.258819045,25.8648911,25.4965363,25.0490417,0.720585346,0.758933783,0.76053679,8.801568,8.830924,8.818185,1006.4831,1006.82043,1006.84216,0.2639162,0.25993845,0.25503555,25.470156366666668,0.4085639320009433,25.046324416666668
2023-06-15 08:00:00,8.699137,1005.29047,0.2806466,26.5870667,0.722652972,Biparjoy,Phase 2,2,27.6459618,8,15,166,0.8660254037844387,-0.5,26.2290592,25.8648911,25.4965363,0.721754432,0.720585346,0.758933783,8.77695,8.801568,8.830924,1005.9945,1006.4831,1006.82043,0.2595878,0.2639162,0.25993845,25.86349553333333,0.3662634440683517,25.355408666666666
2023-06-15 09:00:00,8.65932,1004.6512,0.2775421,27.6459618,0.715003967,Biparjoy,Phase 2,2,27.724577,9,15,166,0.7071067811865476,-0.707106781,26.5870667,26.2290592,25.8648911,0.722652972,0.721754432,0.720585346,8.699137,8.77695,8.801568,1005.29047,1005.9945,1006.4831,0.2806466,0.2595878,0.2639162,26.227005666666667,0.3610921794475193,25.677928616666662
2023-06-15 10:00:00,8.227053,1003.96844,0.28339466,27.724577,0.719785154,Biparjoy,Phase 2,2,27.9103031,10,15,166,0.4999999999999999,-0.866025404,27.6459618,26.5870667,26.2290592,0.715003967,0.722652972,0.721754432,8.65932,8.699137,8.77695,1004.6512,1005.29047,1005.9945,0.2775421,0.2806466,0.2595878,26.8206959,0.736776898,26.14542613333333
2023-06-15 11:00:00,8.207497,1003.5842,0.268506,27.9103031,0.726400971,Biparjoy,Phase 2,2,28.1894436,11,15,166,0.258819045,-0.965925826,27.724577,27.6459618,26.5870667,0.719785154,0.715003967,0.722652972,8.227053,8.65932,8.699137,1003.96844,1004.6512,1005.29047,0.28339466,0.2775421,0.2806466,27.31920183333333,0.6352648876755599,26.591348683333333
2023-06-15 12:00:00,8.068796,1003.6691,0.24349198,28.1894436,0.73207438,Biparjoy,Phase 2,2,28.6957455,12,15,166,1.2246467991473532e-16,-1.0,27.9103031,27.724577,27.6459618,0.726400971,0.719785154,0.715003967,8.207497,8.227053,8.65932,1003.5842,1003.96844,1004.6512,0.268506,0.28339466,0.2775421,27.76028063333333,0.1357392456006279,26.99364315
2023-06-15 13:00:00,7.812865,1003.9512,0.2202739,28.6957455,0.740168393,Biparjoy,Phase 2,2,29.0044003,13,15,166,-0.258819045,-0.965925826,28.1894436,27.9103031,27.724577,0.73207438,0.726400971,0.719785154,8.068796,8.207497,8.227053,1003.6691,1003.5842,1003.96844,0.24349198,0.268506,0.28339466,27.941441233333336,0.2339923641049037,27.381068566666663
2023-06-15 14:00:00,7.6048927,1004.5087,0.20299913,29.0044003,0.745763004,Biparjoy,Phase 2,2,28.8936596,14,15,166,-0.5,-0.866025404,28.6957455,28.1894436,27.9103031,0.740168393,0.73207438,0.726400971,7.812865,8.068796,8.207497,1003.9512,1003.6691,1003.5842,0.2202739,0.24349198,0.268506,28.265164066666667,0.3981584266764854,27.79218295
2023-06-15 15:00:00,7.523056,1005.02,0.19694896,28.8936596,0.744930208,Biparjoy,Phase 2,2,28.65625,15,15,166,-0.707106781,-0.707106781,29.0044003,28.6957455,28.1894436,0.745763004,0.740168393,0.73207438,7.6048927,7.812865,8.068796,1004.5087,1003.9512,1003.6691,0.20299913,0.2202739,0.24349198,28.62986313333333,0.4114534850949821,28.19507188333333
2023-06-15 16:00:00,7.492536,1005.6018,0.18996623,28.65625,0.743606746,Biparjoy,Phase 2,2,28.1705551,16,15,166,-0.866025404,-0.5,28.8936596,29.0044003,28.6957455,0.744930208,0.745763004,0.740168393,7.523056,7.6048927,7.812865,1005.02,1004.5087,1003.9512,0.19694896,0.20299913,0.2202739,28.8646018,0.156365639436125,28.403021516666666
2023-06-15 17:00:00,7.5088973,1006.06024,0.18959036,28.1705551,0.740866721,Biparjoy,Phase 2,2,27.5515709,17,15,166,-0.965925826,-0.258819045,28.65625,28.8936596,29.0044003,0.743606746,0.744930208,0.745763004,7.492536,7.523056,7.6048927,1005.6018,1005.02,1004.5087,0.18996623,0.19694896,0.20299913,28.85143663333333,0.1778742309414211,28.55830035
2023-06-15 18:00:00,7.5766945,1006.0198,0.18404116,27.5515709,0.740478575,Biparjoy,Phase 2,2,26.9831944,18,15,166,-1.0,-1.84e-16,28.1705551,28.65625,28.8936596,0.740866721,0.743606746,0.744930208,7.5088973,7.492536,7.523056,1006.06024,1005.6018,1005.02,0.18959036,0.18996623,0.19694896,28.57348823333333,0.3685880654555797,28.601675683333337
2023-06-15 19:00:00,7.696225,1005.686,0.22524019,26.9831944,0.739420354,Biparjoy,Phase 2,2,26.6187229,19,15,166,-0.965925826,0.2588190451025203,27.5515709,28.1705551,28.65625,0.740478575,0.740866721,0.743606746,7.5766945,7.5088973,7.492536,1006.0198,1006.06024,1005.6018,0.18404116,0.18959036,0.18996623,28.12612533333333,0.5536781390109535,28.49536356666667
2023-06-15 20:00:00,7.8232417,1005.21045,0.23677981,26.6187229,0.736797929,Biparjoy,Phase 2,2,26.2768059,20,15,166,-0.866025404,0.5000000000000001,26.9831944,27.5515709,28.1705551,0.739420354,0.740478575,0.740866721,7.696225,7.5766945,7.5088973,1005.686,1006.0198,1006.06024,0.22524019,0.18404116,0.18959036,27.568440133333336,0.5938600729557117,28.20993838333333
2023-06-15 21:00:00,7.9468446,1004.6018,0.24222751,26.2768059,0.735421956,Biparjoy,Phase 2,2,25.9079437,21,15,166,-0.707106781,0.7071067811865474,26.6187229,26.9831944,27.5515709,0.736797929,0.739420354,0.740478575,7.8232417,7.696225,7.5766945,1005.21045,1005.686,1006.0198,0.23677981,0.22524019,0.18404116,27.05116273333333,0.4701235141194179,27.812325483333336
2023-06-15 22:00:00,8.084697,1004.1758,0.25682762,25.9079437,0.731332779,Biparjoy,Phase 2,2,25.845335,22,15,166,-0.5,0.8660254037844384,26.2768059,26.6187229,26.9831944,0.735421956,0.736797929,0.739420354,7.9468446,7.8232417,7.696225,1004.6018,1005.21045,1005.686,0.24222751,0.23677981,0.22524019,26.626241066666665,0.3532542573777346,27.3761832
2023-06-15 23:00:00,8.083053,1004.0904,0.2730952,25.845335,0.722518504,Biparjoy,Phase 2,2,25.7325077,23,15,166,-0.258819045,0.965925826289068,25.9079437,26.2768059,26.6187229,0.731332779,0.735421956,0.736797929,8.084697,7.9468446,7.8232417,1004.1758,1004.6018,1005.21045,0.25682762,0.24222751,0.23677981,26.267824166666667,0.3554747127973076,26.91813215
2023-06-16 00:00:00,8.033734,1004.2716,0.272597,25.7325077,0.717207849,Biparjoy,Phase 2,2,25.2817917,0,16,167,0.0,1.0,25.845335,25.9079437,26.2768059,0.722518504,0.731332779,0.735421956,8.083053,8.084697,7.9468446,1004.0904,1004.1758,1004.6018,0.2730952,0.25682762,0.24222751,26.0100282,0.2331474174032548,26.530595466666668
2023-06-16 01:00:00,7.9624615,1004.72144,0.2726378,25.2817917,0.712515771,Biparjoy,Phase 2,2,25.3880062,1,16,167,0.2588190451025207,0.9659258262890684,25.7325077,25.845335,25.9079437,0.717207849,0.722518504,0.731332779,8.033734,8.083053,8.084697,1004.2716,1004.0904,1004.1758,0.272597,0.2730952,0.25682762,25.828595466666663,0.088907854,26.227418266666664
2023-06-16 02:00:00,8.191314,1005.36127,0.26262733,25.3880062,0.709152639,Biparjoy,Phase 2,2,25.7950687,2,16,167,0.4999999999999999,0.8660254037844387,25.2817917,25.7325077,25.845335,0.712515771,0.717207849,0.722518504,7.9624615,8.033734,8.083053,1004.72144,1004.2716,1004.0904,0.2726378,0.272597,0.2730952,25.61987813333333,0.2981766711352249,25.94385115
2023-06-16 03:00:00,8.376795,1005.7496,0.27283272,25.7950687,0.710879564,Biparjoy,Phase 2,2,26.0803394,3,16,167,0.7071067811865475,0.7071067811865476,25.3880062,25.2817917,25.7325077,0.709152639,0.712515771,0.717207849,8.191314,7.9624615,8.033734,1005.36127,1004.72144,1004.2716,0.26262733,0.2726378,0.272597,25.4674352,0.2356224791794517,25.7387317
2023-06-16 04:00:00,8.435295,1006.0268,0.28309175,26.0803394,0.710434794,Biparjoy,Phase 2,2,26.5932369,4,16,167,0.8660254037844386,0.5000000000000001,25.7950687,25.3880062,25.2817917,0.710879564,0.709152639,0.712515771,8.376795,8.191314,7.9624615,1005.7496,1005.36127,1004.72144,0.27283272,0.26262733,0.2726378,25.488288866666668,0.2709350099332036,25.65844216666667
2023-06-16 05:00:00,8.437831,1006.0985,0.29144737,26.5932369,0.707854211,Biparjoy,Phase 2,2,26.87854,5,16,167,0.9659258262890684,0.2588190451025207,26.0803394,25.7950687,25.3880062,0.710434794,0.710879564,0.709152639,8.435295,8.376795,8.191314,1006.0268,1005.7496,1005.36127,0.28309175,0.27283272,0.26262733,25.754471433333336,0.3479474364053899,25.687174783333333
2023-06-16 06:00:00,8.454381,1005.9116,0.2885615,26.87854,0.700435877,Biparjoy,Phase 2,2,27.1234894,6,16,167,1.0,6.123233995736766e-17,26.5932369,26.0803394,25.7950687,0.707854211,0.710434794,0.710879564,8.437831,8.435295,8.376795,1006.0985,1006.0268,1005.7496,0.29144737,0.28309175,0.27283272,26.156215,0.4044575983700224,25.8118251
2023-06-16 07:00:00,8.405332,1005.4587,0.31940627,27.1234894,0.69849658,Biparjoy,Phase 2,2,27.2805309,7,16,167,0.9659258262890684,-0.258819045,26.87854,26.5932369,26.0803394,0.700435877,0.707854211,0.710434794,8.454381,8.437831,8.435295,1005.9116,1006.0985,1006.0268,0.2885615,0.29144737,0.28309175,26.5173721,0.4044720637686669,26.002830483333337
2023-06-16 08:00:00,8.357557,1004.77496,0.34534603,27.2805309,0.698770165,Biparjoy,Phase 2,2,27.7217827,8,16,167,0.8660254037844387,-0.5,27.1234894,26.87854,26.5932369,0.69849658,0.700435877,0.707854211,8.405332,8.454381,8.437831,1005.4587,1005.9116,1006.0985,0.31940627,0.2885615,0.29144737,26.865088766666663,0.2653820457333441,26.3097801
2023-06-16 09:00:00,8.293437,1004.0431,0.3335554,27.7217827,0.722668409,Biparjoy,Phase 2,2,27.9490681,9,16,167,0.7071067811865476,-0.707106781,27.2805309,27.1234894,26.87854,0.698770165,0.69849658,0.700435877,8.357557,8.405332,8.454381,1004.77496,1005.4587,1005.9116,0.34534603,0.31940627,0.2885615,27.094186766666667,0.2025911008924434,26.62520088333333
2023-06-16 10:00:00,7.9113355,1003.4973,0.34829196,27.9490681,0.729308784,Biparjoy,Phase 2,2,28.1763535,10,16,167,0.4999999999999999,-0.866025404,27.7217827,27.2805309,27.1234894,0.722668409,0.698770165,0.69849658,8.293437,8.357557,8.405332,1004.0431,1004.77496,1005.4587,0.3335554,0.34534603,0.31940627,27.37526766666667,0.3101935031959384,26.94631988333333
2023-06-16 11:00:00,7.9048686,1003.36957,0.35227838,28.1763535,0.73728478,Biparjoy,Phase 2,2,28.4945297,11,16,167,0.258819045,-0.965925826,27.9490681,27.7217827,27.2805309,0.729308784,0.722668409,0.698770165,7.9113355,8.293437,8.357557,1003.4973,1004.0431,1004.77496,0.34829196,0.3335554,0.34534603,27.650460566666663,0.339927392,27.257774666666663
2023-06-16 12:00:00,7.807813,1003.40436,0.33672544,28.4945297,0.745340765,Biparjoy,Phase 2,2,29.0416718,12,16,167,1.2246467991473532e-16,-1.0,28.1763535,27.9490681,27.7217827,0.73728478,0.729308784,0.722668409,7.9048686,7.9113355,8.293437,1003.36957,1003.4973,1004.0431,0.35227838,0.34829196,0.3335554,27.9490681,0.2272853999997802,27.521627433333336
2023-06-16 13:00:00,7.5831776,1003.8041,0.32100818,29.0416718,0.750767052,Biparjoy,Phase 2,2,29.641058,13,16,167,-0.258819045,-0.965925826,28.4945297,28.1763535,27.9490681,0.745340765,0.73728478,0.729308784,7.807813,7.9048686,7.9113355,1003.40436,1003.36957,1003.4973,0.33672544,0.35227838,0.34829196,28.206650433333337,0.2739899950647628,27.79095905
2023-06-16 14:00:00,7.383273,1004.4752,0.32703745,29.641058,0.753730834,Biparjoy,Phase 2,2,29.8610325,14,16,167,-0.5,-0.866025404,29.0416718,28.4945297,28.1763535,0.750767052,0.745340765,0.73728478,7.5831776,7.807813,7.9048686,1003.8041,1003.40436,1003.36957,0.32100818,0.33672544,0.35227838,28.57085166666667,0.437678789,28.11065611666667
2023-06-16 15:00:00,7.285206,1005.1046,0.30098704,29.8610325,0.750419796,Biparjoy,Phase 2,2,30.0339146,15,16,167,-0.707106781,-0.707106781,29.641058,29.0416718,28.4945297,0.753730834,0.750767052,0.745340765,7.383273,7.5831776,7.807813,1004.4752,1003.8041,1003.40436,0.32703745,0.32100818,0.33672544,29.0590865,0.5734625005239404,28.5040773
2023-06-16 16:00:00,7.193353,1005.76056,0.28413096,30.0339146,0.743476331,Biparjoy,Phase 2,2,30.1940536,16,16,167,-0.866025404,-0.5,29.8610325,29.641058,29.0416718,0.750419796,0.753730834,0.750767052,7.285206,7.383273,7.5831776,1005.1046,1004.4752,1003.8041,0.30098704,0.32703745,0.32100818,29.51458743333333,0.4240684995973364,28.86061893333333
2023-06-16 17:00:00,7.1478477,1006.1039,0.26629964,30.1940536,0.735815108,Biparjoy,Phase 2,2,30.1092091,17,16,167,-0.965925826,-0.258819045,30.0339146,29.8610325,29.641058,0.743476331,0.750419796,0.753730834,7.193353,7.285206,7.383273,1005.76056,1005.1046,1004.4752,0.28413096,0.30098704,0.32703745,29.84533503333333,0.1968981586647487,29.20809335
2023-06-16 18:00:00,7.14077,1006.21747,0.25455818,30.1092091,0.731423378,Biparjoy,Phase 3,3,30.1184177,18,16,167,-1.0,-1.84e-16,30.1940536,30.0339146,29.8610325,0.735815108,0.743476331,0.750419796,7.1478477,7.193353,7.285206,1006.1039,1005.76056,1005.1046,0.26629964,0.28413096,0.30098704,30.0296669,0.1665511797545451,29.5443767
2023-06-16 19:00:00,7.1701307,1005.91943,0.24025717,30.1184177,0.72849071,Biparjoy,Phase 3,3,29.9890728,19,16,167,-0.965925826,0.2588190451025203,30.1092091,30.1940536,30.0339146,0.731423378,0.735815108,0.743476331,7.14077,7.1478477,7.193353,1006.21747,1006.1039,1005.76056,0.25455818,0.26629964,0.28413096,30.112392433333337,0.080116946,29.813489933333333
2023-06-16 20:00:00,7.2344337,1005.53876,0.25042546,29.9890728,0.725010395,Biparjoy,Phase 3,3,29.9591923,20,16,167,-0.866025404,0.5000000000000001,30.1184177,30.1092091,30.1940536,0.72849071,0.731423378,0.735815108,7.1701307,7.14077,7.1478477,1005.91943,1006.21747,1006.1039,0.24025717,0.25455818,0.26629964,30.14056013333333,0.0465549439948212,29.992947583333333
2023-06-16 21:00:00,7.2925363,1005.06055,0.26280046,29.9591923,0.722382069,Biparjoy,Phase 3,3,29.9276123,21,16,167,-0.707106781,0.7071067811865474,29.9890728,30.1184177,30.1092091,0.725010395,0.72849071,0.731423378,7.2344337,7.1701307,7.14077,1005.53876,1005.91943,1006.21747,0.25042546,0.24025717,0.25455818,30.0722332,0.072166049,30.05095005
2023-06-16 22:00:00,7.042484,1004.8206,0.27497354,29.9276123,0.718081713,Biparjoy,Phase 3,3,29.9668331,22,16,167,-0.5,0.8660254037844384,29.9591923,29.9890728,30.1184177,0.722382069,0.725010395,0.72849071,7.2925363,7.2344337,7.1701307,1005.06055,1005.53876,1005.91943,0.26280046,0.25042546,0.24025717,30.0222276,0.084632219,30.067310016666664
2023-06-16 23:00:00,7.0351195,1004.8663,0.28229836,29.9668331,0.712848544,Biparjoy,Phase 3,3,29.9369946,23,16,167,-0.258819045,0.965925826289068,29.9276123,29.9591923,29.9890728,0.718081713,0.722382069,0.725010395,7.042484,7.2925363,7.2344337,1004.8206,1005.06055,1005.53876,0.27497354,0.26280046,0.25042546,29.958625800000004,0.030734166,30.04959296666667
2023-06-17 00:00:00,6.980631,1005.12134,0.28521803,29.9369946,0.709973097,Biparjoy,Phase 3,3,29.5992184,0,17,168,0.0,1.0,29.9668331,29.9276123,29.9591923,0.712848544,0.718081713,0.722382069,7.0351195,7.042484,7.2925363,1004.8663,1004.8206,1005.06055,0.28229836,0.27497354,0.26280046,29.95121256666667,0.020792424,30.01172288333333
2023-06-17 01:00:00,6.9542794,1005.6694,0.28687406,29.5992184,0.705473483,Biparjoy,Phase 3,3,29.1487064,1,17,168,0.2588190451025207,0.9659258262890684,29.9369946,29.9668331,29.9276123,0.709973097,0.712848544,0.718081713,6.980631,7.0351195,7.042484,1005.12134,1004.8663,1004.8206,0.28521803,0.28229836,0.27497354,29.94381333333333,0.020480213,29.98302046666667
2023-06-17 02:00:00,7.182248,1006.30304,0.2908621,29.1487064,0.697869003,Biparjoy,Phase 3,3,28.8418865,2,17,168,0.4999999999999999,0.8660254037844387,29.5992184,29.9369946,29.9668331,0.705473483,0.709973097,0.712848544,6.9542794,6.980631,7.0351195,1005.6694,1005.12134,1004.8663,0.28687406,0.28521803,0.28229836,29.8343487,0.2041746250247594,29.89648725
2023-06-17 03:00:00,7.3568854,1006.7277,0.2807389,28.8418865,0.690783799,Biparjoy,Phase 3,3,28.8808727,3,17,168,0.7071067811865475,0.7071067811865476,29.1487064,29.5992184,29.9369946,0.697869003,0.705473483,0.709973097,7.182248,6.9542794,6.980631,1006.30304,1005.6694,1005.12134,0.2908621,0.28687406,0.28521803,29.5616398,0.3954853789309615,29.75642618333333
2023-06-17 04:00:00,7.464934,1007.0068,0.25927514,28.8808727,0.6819731,Biparjoy,Phase 3,3,29.2271748,4,17,168,0.8660254037844386,0.5000000000000001,28.8418865,29.1487064,29.5992184,0.690783799,0.697869003,0.705473483,7.3568854,7.182248,6.9542794,1006.7277,1006.30304,1005.6694,0.2807389,0.2908621,0.28687406,29.19660376666667,0.3809311223692648,29.57020855
2023-06-17 05:00:00,7.543794,1007.1952,0.24649017,29.2271748,0.675157785,Biparjoy,Phase 3,3,32.2041512,5,17,168,0.9659258262890684,0.2588190451025207,28.8808727,28.8418865,29.1487064,0.6819731,0.690783799,0.697869003,7.464934,7.3568854,7.182248,1007.0068,1006.7277,1006.30304,0.25927514,0.2807389,0.2908621,28.957155200000003,0.1670295710753216,29.39575195
2023-06-17 06:00:00,7.565542,1007.08594,0.23947224,32.2041512,0.791050613,Biparjoy,Phase 3,3,32.7618942,6,17,168,1.0,6.123233995736766e-17,29.2271748,28.8808727,28.8418865,0.675157785,0.6819731,0.690783799,7.543794,7.464934,7.3568854,1007.1952,1007.0068,1006.7277,0.24649017,0.25927514,0.2807389,28.983311333333333,0.2120896596454863,29.272475566666667
2023-06-17 07:00:00,7.543351,1006.7553,0.19214815,32.7618942,0.781152725,Biparjoy,Phase 3,3,33.4226875,7,17,168,0.9659258262890684,-0.258819045,32.2041512,29.2271748,28.8808727,0.791050613,0.675157785,0.6819731,7.565542,7.543794,7.464934,1007.08594,1007.1952,1007.0068,0.23947224,0.24649017,0.25927514,30.10406623333333,1.826950720881779,29.650335
2023-06-17 08:00:00,7.5184174,1006.22736,0.20060438,33.4226875,0.772394478,Biparjoy,Phase 3,3,34.9022598,8,17,168,0.8660254037844387,-0.5,32.7618942,32.2041512,29.2271748,0.781152725,0.791050613,0.675157785,7.543351,7.565542,7.543794,1006.7553,1007.08594,1007.1952,0.19214815,0.23947224,0.24649017,31.397740066666668,1.9003379952410653,30.177447633333333
2023-06-17 09:00:00,7.4650965,1005.43,0.20971304,34.9022598,0.790925026,Biparjoy,Phase 3,3,35.3993797,9,17,168,0.7071067811865476,-0.707106781,33.4226875,32.7618942,32.2041512,0.772394478,0.781152725,0.791050613,7.5184174,7.543351,7.565542,1006.22736,1006.7553,1007.08594,0.20060438,0.19214815,0.23947224,32.796244300000005,0.609993955,30.889777816666665
2023-06-17 10:00:00,7.1354494,1004.941,0.21981806,35.3993797,0.787219942,Biparjoy,Phase 3,3,35.7122612,10,17,168,0.4999999999999999,-0.866025404,34.9022598,33.4226875,32.7618942,0.790925026,0.772394478,0.781152725,7.4650965,7.5184174,7.543351,1005.43,1006.22736,1006.7553,0.20971304,0.20060438,0.19214815,33.69561383333333,1.0959734545077169,31.899840033333334
2023-06-17 11:00:00,7.020426,1004.50476,0.21451117,35.7122612,0.782944858,Biparjoy,Phase 3,3,35.8200912,11,17,168,0.258819045,-0.965925826,35.3993797,34.9022598,33.4226875,0.787219942,0.790925026,0.772394478,7.1354494,7.4650965,7.5184174,1004.941,1005.43,1006.22736,0.21981806,0.20971304,0.20060438,34.57477566666667,1.028232661693656,32.98625786666667
2023-06-17 12:00:00,6.894503,1004.6431,0.18970355,35.8200912,0.77892381,Biparjoy,Phase 3,3,35.6190796,12,17,168,1.2246467991473532e-16,-1.0,35.7122612,35.3993797,34.9022598,0.782944858,0.787219942,0.790925026,7.020426,7.1354494,7.4650965,1004.50476,1004.941,1005.43,0.21451117,0.21981806,0.20971304,35.3379669,0.4084779259677585,34.0671056
2023-06-17 13:00:00,6.648635,1005.1337,0.17855947,35.6190796,0.77305603,Biparjoy,Phase 3,3,35.7233505,13,17,168,-0.258819045,-0.965925826,35.8200912,35.7122612,35.3993797,0.77892381,0.782944858,0.787219942,6.894503,7.020426,7.1354494,1004.6431,1004.50476,1004.941,0.18970355,0.21451117,0.21981806,35.6439107,0.2185254783664504,34.669762266666666
2023-06-17 14:00:00,6.497978,1005.73914,0.17245533,35.7233505,0.764264762,Biparjoy,Phase 3,3,35.8543205,14,17,168,-0.5,-0.866025404,35.6190796,35.8200912,35.7122612,0.77305603,0.77892381,0.782944858,6.648635,6.894503,7.020426,1005.1337,1004.6431,1004.50476,0.17855947,0.18970355,0.21451117,35.717144,0.1005947172323203,35.145959833333336
2023-06-17 15:00:00,6.4707336,1006.49835,0.17407645,35.8543205,0.751464844,Biparjoy,Phase 3,3,35.5948753,15,17,168,-0.707106781,-0.707106781,35.7233505,35.6190796,35.8200912,0.764264762,0.77305603,0.77892381,6.497978,6.648635,6.894503,1005.73914,1005.1337,1004.6431,0.17245533,0.17855947,0.18970355,35.720840433333336,0.1005293049770743,35.52940366666667
2023-06-17 16:00:00,6.5096393,1007.1216,0.17531848,35.5948753,0.738192976,Biparjoy,Phase 3,3,35.3641548,16,17,168,-0.866025404,-0.5,35.8543205,35.7233505,35.6190796,0.751464844,0.764264762,0.77305603,6.4707336,6.497978,6.648635,1006.49835,1005.73914,1005.1337,0.17407645,0.17245533,0.17855947,35.7322502,0.1178727014740887,35.688080449999994
2023-06-17 17:00:00,6.5600924,1007.5658,0.1789269,35.3641548,0.725296557,Biparjoy,Phase 3,3,34.9942894,17,17,168,-0.965925826,-0.258819045,35.5948753,35.8543205,35.7233505,0.738192976,0.751464844,0.764264762,6.5096393,6.4707336,6.497978,1007.1216,1006.49835,1005.73914,0.17531848,0.17407645,0.17245533,35.7241821,0.1297245991291165,35.720663050000006
2023-06-17 18:00:00,6.659419,1007.56396,0.19959651,34.9942894,0.715756953,Biparjoy,Phase 3,3,34.5201836,18,17,168,-1.0,-1.84e-16,35.3641548,35.5948753,35.8543205,0.725296557,0.738192976,0.751464844,6.5600924,6.5096393,6.4707336,1007.5658,1007.1216,1006.49835,0.1789269,0.17531848,0.17407645,35.604450199999995,0.2452230869966467,35.66264531666667
2023-06-17 19:00:00,6.761024,1007.3636,0.2065258,34.5201836,0.706669211,Biparjoy,Phase 3,3,34.1718559,19,17,168,-0.965925826,0.2588190451025203,34.9942894,35.3641548,35.5948753,0.715756953,0.725296557,0.738192976,6.659419,6.5600924,6.5096393,1007.56396,1007.5658,1007.1216,0.19959651,0.1789269,0.17531848,35.31777316666667,0.3029674862955637,35.52501168333333
2023-06-17 20:00:00,6.859466,1006.90985,0.23731382,34.1718559,0.696929336,Biparjoy,Phase 3,3,33.9678383,20,17,168,-0.866025404,0.5000000000000001,34.5201836,34.9942894,35.3641548,0.706669211,0.715756953,0.725296557,6.761024,6.659419,6.5600924,1007.3636,1007.56396,1007.5658,0.2065258,0.19959651,0.1789269,34.9595426,0.4230571494368195,35.34186235
2023-06-17 21:00:00,6.9359994,1006.536,0.25863266,33.9678383,0.68970108,Biparjoy,Phase 3,3,33.7900848,21,17,168,-0.707106781,0.7071067811865474,34.1718559,34.5201836,34.9942894,0.696929336,0.706669211,0.715756953,6.859466,6.761024,6.659419,1006.90985,1007.3636,1007.56396,0.23731382,0.2065258,0.19959651,34.562109633333336,0.412816617499172,35.08327991666667
2023-06-17 22:00:00,6.947648,1006.4322,0.28025785,33.7900848,0.680819452,Biparjoy,Phase 3,3,33.6889038,22,17,168,-0.5,0.8660254037844384,33.9678383,34.1718559,34.5201836,0.68970108,0.696929336,0.706669211,6.9359994,6.859466,6.761024,1006.536,1006.90985,1007.3636,0.25863266,0.23731382,0.2065258,34.21995926666667,0.2792969441672154,34.768866216666666
2023-06-17 23:00:00,6.91708,1006.3096,0.2898288,33.6889038,0.668536127,Biparjoy,Phase 3,3,33.2941551,23,17,168,-0.258819045,0.965925826289068,33.7900848,33.9678383,34.1718559,0.680819452,0.68970108,0.696929336,6.947648,6.9359994,6.859466,1006.4322,1006.536,1006.90985,0.28025785,0.25863266,0.23731382,33.976593,0.1910360614583181,34.4680678
2023-06-18 00:00:00,6.8326364,1006.413,0.29392028,33.2941551,0.657390773,Biparjoy,Phase 3,3,32.7925224,0,18,169,0.0,1.0,33.6889038,33.7900848,33.9678383,0.668536127,0.680819452,0.68970108,6.91708,6.947648,6.9359994,1006.3096,1006.4322,1006.536,0.2898288,0.28025785,0.25863266,33.815608966666666,0.1412080951476632,34.1888593
2023-06-18 01:00:00,6.775635,1006.7221,0.29110572,32.7925224,0.644207001,Biparjoy,Phase 3,3,32.8374786,1,18,169,0.2588190451025207,0.9659258262890684,33.2941551,33.6889038,33.7900848,0.657390773,0.668536127,0.680819452,6.8326364,6.91708,6.947648,1006.413,1006.3096,1006.4322,0.29392028,0.2898288,0.28025785,33.5910479,0.2620465601926382,33.905503583333335
2023-06-18 02:00:00,7.0020437,1007.2094,0.2836818,32.8374786,0.628300607,Biparjoy,Phase 3,3,33.4937935,2,18,169,0.4999999999999999,0.8660254037844387,32.7925224,33.2941551,33.6889038,0.644207001,0.657390773,0.668536127,6.775635,6.8326364,6.91708,1006.7221,1006.413,1006.3096,0.29110572,0.29392028,0.2898288,33.2585271,0.4492515101300973,33.61756005
2023-06-18 03:00:00,7.15796,1007.5532,0.27617055,33.4937935,0.61365658,Biparjoy,Phase 3,3,34.1792488,3,18,169,0.7071067811865475,0.7071067811865476,32.8374786,32.7925224,33.2941551,0.628300607,0.644207001,0.657390773,7.0020437,6.775635,6.8326364,1007.2094,1006.7221,1006.413,0.2836818,0.29110572,0.29392028,32.974718700000004,0.27755175231483,33.395163833333335
2023-06-18 04:00:00,7.142742,1007.75696,0.25087965,34.1792488,0.601410925,Biparjoy,Phase 3,3,34.7452087,4,18,169,0.8660254037844386,0.5000000000000001,33.4937935,32.8374786,32.7925224,0.61365658,0.628300607,0.644207001,7.15796,7.0020437,6.775635,1007.5532,1007.2094,1006.7221,0.27617055,0.2836818,0.29110572,33.04126483333334,0.3925454248818157,33.31615636666667
2023-06-18 05:00:00,7.055733,1007.7836,0.23735072,34.7452087,0.592054069,Biparjoy,Phase 3,3,34.2317657,5,18,169,0.9659258262890684,0.2588190451025207,34.1792488,33.4937935,32.8374786,0.601410925,0.61365658,0.628300607,7.142742,7.15796,7.0020437,1007.75696,1007.5532,1007.2094,0.25087965,0.27617055,0.2836818,33.50350696666667,0.6709378368952711,33.38101703333333
2023-06-18 06:00:00,6.945509,1007.6422,0.2078297,34.2317657,0.613656938,Biparjoy,Phase 3,3,34.4195709,6,18,169,1.0,6.123233995736766e-17,34.7452087,34.1792488,33.4937935,0.592054069,0.601410925,0.61365658,7.055733,7.142742,7.15796,1007.7836,1007.75696,1007.5532,0.23735072,0.25087965,0.27617055,34.139417,0.6266577454367238,33.55706785
2023-06-18 07:00:00,6.8272786,1007.1993,0.18542424,34.4195709,0.607931733,Biparjoy,Phase 3,3,34.8307419,7,18,169,0.9659258262890684,-0.258819045,34.2317657,34.7452087,34.1792488,0.613656938,0.592054069,0.601410925,6.945509,7.055733,7.142742,1007.6422,1007.7836,1007.75696,0.2078297,0.23735072,0.25087965,34.38540773333333,0.3127012278625424,33.71333628333333
2023-06-18 08:00:00,6.715481,1006.43585,0.18746908,34.8307419,0.603019714,Biparjoy,Phase 3,3,34.7275658,8,18,169,0.8660254037844387,-0.5,34.4195709,34.2317657,34.7452087,0.607931733,0.613656938,0.592054069,6.8272786,6.945509,7.055733,1007.1993,1007.6422,1007.7836,0.18542424,0.2078297,0.23735072,34.4655151,0.2597866060772124,33.98451103333333
2023-06-18 09:00:00,6.6324697,1005.82855,0.18448433,34.7275658,0.62974602,Biparjoy,Phase 3,3,34.8592796,9,18,169,0.7071067811865476,-0.707106781,34.8307419,34.4195709,34.2317657,0.603019714,0.607931733,0.613656938,6.715481,6.8272786,6.945509,1006.43585,1007.1993,1007.6422,0.18746908,0.18542424,0.2078297,34.494026166666664,0.3063507990719938,34.31672158333333
2023-06-18 10:00:00,6.4777107,1005.39343,0.19655865,34.8592796,0.622770965,Biparjoy,Phase 3,3,34.8828583,10,18,169,0.4999999999999999,-0.866025404,34.7275658,34.8307419,34.4195709,0.62974602,0.603019714,0.607931733,6.6324697,6.715481,6.8272786,1005.82855,1006.43585,1007.1993,0.18448433,0.18746908,0.18542424,34.65929286666667,0.2139188932266882,34.5223503
2023-06-18 11:00:00,6.391301,1004.95715,0.18832591,34.8828583,0.617093384,Biparjoy,Phase 3,3,34.8541985,11,18,169,0.258819045,-0.965925826,34.8592796,34.7275658,34.8307419,0.622770965,0.62974602,0.603019714,6.4777107,6.6324697,6.715481,1005.39343,1005.82855,1006.43585,0.19655865,0.18448433,0.18746908,34.80586243333334,0.069291934,34.63568876666667
2023-06-18 12:00:00,6.288922,1005.02875,0.18435371,34.8541985,0.612251461,Biparjoy,Phase 3,3,34.7258301,12,18,169,1.2246467991473532e-16,-1.0,34.8828583,34.8592796,34.7275658,0.617093384,0.622770965,0.62974602,6.391301,6.4777107,6.6324697,1004.95715,1005.39343,1005.82855,0.18832591,0.19655865,0.18448433,34.82323456666667,0.083686161,34.658630366666664
2023-06-18 13:00:00,6.1242585,1005.3069,0.16691856,34.7258301,0.606450796,Biparjoy,Phase 3,3,34.8475494,13,18,169,-0.258819045,-0.965925826,34.8541985,34.8828583,34.8592796,0.612251461,0.617093384,0.622770965,6.288922,6.391301,6.4777107,1005.02875,1004.95715,1005.39343,0.18435371,0.18832591,0.19655865,34.86544546666667,0.0152924644004727,34.762369166666666
2023-06-18 14:00:00,5.990881,1005.6662,0.14965679,34.8475494,0.599620342,Biparjoy,Phase 3,3,34.9472618,14,18,169,-0.5,-0.866025404,34.7258301,34.8541985,34.8828583,0.606450796,0.612251461,0.617093384,6.1242585,6.288922,6.391301,1005.3069,1005.02875,1004.95715,0.16691856,0.18435371,0.18832591,34.8209623,0.083623846,34.81341236666666
2023-06-18 15:00:00,5.9506903,1006.1789,0.13596867,34.9472618,0.593648374,Biparjoy,Phase 3,3,34.7832565,15,18,169,-0.707106781,-0.707106781,34.8475494,34.7258301,34.8541985,0.599620342,0.606450796,0.612251461,5.990881,6.1242585,6.288922,1005.6662,1005.3069,1005.02875,0.14965679,0.16691856,0.18435371,34.80919266666667,0.072270608,34.816213616666666
2023-06-18 16:00:00,5.95579,1006.62006,0.12581237,34.7832565,0.588516414,Biparjoy,Phase 3,3,34.6288033,16,18,169,-0.866025404,-0.5,34.9472618,34.8475494,34.7258301,0.593648374,0.599620342,0.606450796,5.9506903,5.990881,6.1242585,1006.1789,1005.6662,1005.3069,0.13596867,0.14965679,0.16691856,34.84021376666667,0.1108979624616303,34.85282961666667
2023-06-18 17:00:00,5.960003,1007.0212,0.12429854,34.6288033,0.584087253,Biparjoy,Phase 3,3,33.9543381,17,18,169,-0.965925826,-0.258819045,34.7832565,34.9472618,34.8475494,0.588516414,0.593648374,0.599620342,5.95579,5.9506903,5.990881,1006.62006,1006.1789,1005.6662,0.12581237,0.13596867,0.14965679,34.8593559,0.082637641,34.8401591
2023-06-18 18:00:00,6.0129557,1007.03644,0.12832439,33.9543381,0.582380235,Biparjoy,Phase 3,3,33.0862808,18,18,169,-1.0,-1.84e-16,34.6288033,34.7832565,34.9472618,0.584087253,0.588516414,0.593648374,5.960003,5.95579,5.9506903,1007.0212,1006.62006,1006.1789,0.12429854,0.12581237,0.13596867,34.78644053333334,0.1592531243222012,34.7978166
2023-06-18 19:00:00,6.0454993,1006.81305,0.15839125,33.0862808,0.581351876,Biparjoy,Phase 3,3,32.4645615,19,18,169,-0.965925826,0.2588190451025203,33.9543381,34.6288033,34.7832565,0.582380235,0.584087253,0.588516414,6.0129557,5.960003,5.95579,1007.03644,1007.0212,1006.62006,0.12832439,0.12429854,0.12581237,34.45546596666667,0.4408069892930449,34.647839866666665
2023-06-18 20:00:00,6.08792,1006.42847,0.16714013,32.4645615,0.579895139,Biparjoy,Phase 3,3,32.0828247,20,18,169,-0.866025404,0.5000000000000001,33.0862808,33.9543381,34.6288033,0.581351876,0.582380235,0.584087253,6.0454993,6.0129557,5.960003,1006.81305,1007.03644,1007.0212,0.15839125,0.12832439,0.12429854,33.8898074,0.7732833078394137,34.37458165
2023-06-18 21:00:00,6.146529,1006.0313,0.17911072,32.0828247,0.580837369,Biparjoy,Phase 3,3,31.6799068,21,18,169,-0.707106781,0.7071067811865474,32.4645615,33.0862808,33.9543381,0.579895139,0.581351876,0.582380235,6.08792,6.0454993,6.0129557,1006.42847,1006.81305,1007.03644,0.16714013,0.15839125,0.12832439,33.168393466666664,0.7482749808705722,33.977417
2023-06-18 22:00:00,6.0280833,1005.5554,0.19482723,31.6799068,0.581112206,Biparjoy,Phase 3,3,31.5090675,22,18,169,-0.5,0.8660254037844384,32.0828247,32.4645615,33.0862808,0.580837369,0.579895139,0.581351876,6.146529,6.08792,6.0454993,1006.0313,1006.42847,1006.81305,0.17911072,0.16714013,0.15839125,32.54455566666667,0.5064882389374417,33.500010816666666
2023-12-02 06:30:00,4.034884453,1011.150452,0.757209003,35.9366684,0.254569441,Michaung,Phase 1,1,34.5425072,6,2,336,1.0,6.123233995736766e-17,37.1883812,38.9866066,41.350174,0.240654051,0.247337267,0.259353638,4.004281044,3.881022215,3.670151949,1011.986877,1012.321411,1012.273743,0.731528282,0.699717939,0.67101109,39.17505393333334,2.0872863065744918,41.12055526666666
2023-12-02 07:30:00,4.003521919,1010.166565,0.831332505,34.5425072,0.253918231,Michaung,Phase 1,1,33.5115776,7,2,336,0.9659258262890684,-0.258819045,35.9366684,37.1883812,38.9866066,0.254569441,0.240654051,0.247337267,4.034884453,4.004281044,3.881022215,1011.150452,1011.986877,1012.321411,0.757209003,0.731528282,0.699717939,37.37055206666667,1.533108092879136,40.03548751666667
2023-12-02 08:30:00,3.967188358,1008.997314,0.835756719,33.5115776,0.254341006,Michaung,Phase 1,1,33.2275581,8,2,336,0.8660254037844387,-0.5,34.5425072,35.9366684,37.1883812,0.253918231,0.254569441,0.240654051,4.003521919,4.034884453,4.004281044,1010.166565,1011.150452,1011.986877,0.831332505,0.757209003,0.731528282,35.8891856,1.3235759397144695,38.62523208333334
2023-12-02 09:30:00,3.925376654,1008.318726,0.846542835,33.2275581,0.277289063,Michaung,Phase 1,1,32.4296951,9,2,336,0.7071067811865476,-0.707106781,33.5115776,34.5425072,35.9366684,0.254341006,0.253918231,0.254569441,3.967188358,4.003521919,4.034884453,1008.997314,1010.166565,1011.150452,0.835756719,0.831332505,0.757209003,34.6635844,1.2170707100786038,36.91931916666667
2023-12-02 10:30:00,3.684675694,1008.301025,0.848903656,32.4296951,0.276304185,Michaung,Phase 1,1,32.6496849,10,2,336,0.4999999999999999,-0.866025404,33.2275581,33.5115776,34.5425072,0.277289063,0.254341006,0.253918231,3.925376654,3.967188358,4.003521919,1008.318726,1008.997314,1010.166565,0.846542835,0.835756719,0.831332505,33.76054763333334,0.691926544,35.565549850000004
2023-12-02 11:30:00,3.587537766,1008.62616,0.817061722,32.6496849,0.276714236,Michaung,Phase 1,1,34.407692,11,2,336,0.258819045,-0.965925826,32.4296951,33.2275581,33.5115776,0.276304185,0.277289063,0.254341006,3.684675694,3.925376654,3.967188358,1008.301025,1008.318726,1008.997314,0.848903656,0.846542835,0.835756719,33.05627693333334,0.5609102998633755,34.47273126666667
2023-12-02 12:30:00,3.471042156,1009.023376,0.800647497,34.407692,0.278598875,Michaung,Phase 1,1,36.2770729,12,2,336,1.2246467991473532e-16,-1.0,32.6496849,32.4296951,33.2275581,0.276714236,0.276304185,0.277289063,3.587537766,3.684675694,3.925376654,1008.62616,1008.301025,1008.318726,0.817061722,0.848903656,0.846542835,32.76897936666666,0.4120918817757264,33.71628188333334
2023-12-02 13:30:00,3.535391808,1009.754089,0.799786687,36.2770729,0.278557152,Michaung,Phase 1,1,38.0393944,13,2,336,-0.258819045,-0.965925826,34.407692,32.6496849,32.4296951,0.278598875,0.276714236,0.276304185,3.471042156,3.587537766,3.684675694,1009.023376,1008.62616,1008.301025,0.800647497,0.817061722,0.848903656,33.162357333333325,1.0840861137509212,33.46145248333334
2023-12-02 14:30:00,3.586754322,1010.465393,0.831400514,38.0393944,0.275590777,Michaung,Phase 1,1,39.1271935,14,2,336,-0.5,-0.866025404,36.2770729,34.407692,32.6496849,0.278557152,0.278598875,0.276714236,3.535391808,3.471042156,3.587537766,1009.754089,1009.023376,1008.62616,0.799786687,0.800647497,0.817061722,34.4448166,1.813978942154537,33.750546766666666
2023-12-02 15:30:00,3.570331573,1010.875305,0.845582008,39.1271935,0.27487877,Michaung,Phase 1,1,40.0203896,15,2,336,-0.707106781,-0.707106781,38.0393944,36.2770729,34.407692,0.275590777,0.278557152,0.278598875,3.586754322,3.535391808,3.471042156,1010.465393,1009.754089,1009.023376,0.831400514,0.799786687,0.800647497,36.24138643333333,1.8161141823874984,34.5051829
2023-12-02 16:30:00,3.522030592,1011.347412,0.851671457,40.0203896,0.273892075,Michaung,Phase 1,1,40.523735,16,2,336,-0.866025404,-0.5,39.1271935,38.0393944,36.2770729,0.27487877,0.275590777,0.278557152,3.570331573,3.586754322,3.535391808,1010.875305,1010.465393,1009.754089,0.845582008,0.831400514,0.799786687,37.8145536,1.438301740819628,35.488455466666665
2023-12-02 17:30:00,3.469117641,1011.240784,0.851399839,40.523735,0.272858292,Michaung,Phase 1,1,40.576973,17,2,336,-0.965925826,-0.258819045,40.0203896,39.1271935,38.0393944,0.273892075,0.27487877,0.275590777,3.522030592,3.570331573,3.586754322,1011.347412,1010.875305,1010.465393,0.851671457,0.845582008,0.831400514,39.06232583333333,0.9920893892387193,36.75357121666666
2023-12-02 18:30:00,3.372262716,1010.895447,0.852303445,40.576973,0.274057686,Michaung,Phase 1,1,40.8116264,18,2,336,-1.0,-1.84e-16,40.523735,40.0203896,39.1271935,0.272858292,0.273892075,0.27487877,3.469117641,3.522030592,3.570331573,1011.240784,1011.347412,1010.875305,0.851399839,0.851671457,0.845582008,39.89043936666666,0.7072816537019193,38.0659129
2023-12-02 19:30:00,3.260704994,1010.395447,0.841719508,40.8116264,0.273554415,Michaung,Phase 1,1,41.125412,19,2,336,-0.965925826,0.2588190451025203,40.576973,40.523735,40.0203896,0.274057686,0.272858292,0.273892075,3.372262716,3.469117641,3.522030592,1010.895447,1011.240784,1011.347412,0.852303445,0.851399839,0.851671457,40.3736992,0.3071307966491505,39.0941264
2023-12-02 20:30:00,3.136151791,1010.014832,0.865397453,41.125412,0.272396207,Michaung,Phase 1,1,40.8806381,20,2,336,-0.866025404,0.5000000000000001,40.8116264,40.576973,40.523735,0.273554415,0.274057686,0.272858292,3.260704994,3.372262716,3.469117641,1010.395447,1010.895447,1011.240784,0.841719508,0.852303445,0.851399839,40.6374448,0.1531763477014132,39.84988531666667
2023-12-02 21:30:00,3.001618624,1009.473389,0.903125525,40.8806381,0.274819314,Michaung,Phase 1,1,40.5543633,21,2,336,-0.707106781,0.7071067811865474,41.125412,40.8116264,40.576973,0.272396207,0.273554415,0.274057686,3.136151791,3.260704994,3.372262716,1010.014832,1010.395447,1010.895447,0.865397453,0.841719508,0.852303445,40.8380038,0.2751693289659037,40.36422158333333
2023-12-02 22:30:00,2.951767921,1009.374634,0.920996368,40.5543633,0.275609195,Michaung,Phase 1,1,40.4340706,22,2,336,-0.5,0.8660254037844384,40.8806381,41.125412,40.8116264,0.274819314,0.272396207,0.273554415,3.001618624,3.136151791,3.260704994,1009.473389,1010.014832,1010.395447,0.903125525,0.865397453,0.841719508,40.9392255,0.1648930358479043,40.65646235
2023-12-02 23:30:00,2.928879499,1009.205078,0.945302248,40.4340706,0.274204373,Michaung,Phase 1,1,40.244751,23,2,336,-0.258819045,0.965925826289068,40.5543633,40.8806381,41.125412,0.275609195,0.274819314,0.272396207,2.951767921,3.001618624,3.136151791,1009.374634,1009.473389,1010.014832,0.920996368,0.903125525,0.865397453,40.85347113333333,0.2864920374138719,40.74545796666667
2023-12-03 00:30:00,2.896234512,1009.683533,0.958342969,40.244751,0.275809705,Michaung,Phase 1,1,40.4097481,0,3,337,0.0,1.0,40.4340706,40.5543633,40.8806381,0.274204373,0.275609195,0.274819314,2.928879499,2.951767921,3.001618624,1009.205078,1009.374634,1009.473389,0.945302248,0.920996368,0.903125525,40.623024,0.2310656872139534,40.7305139
2023-12-03 01:30:00,2.937039137,1010.384949,0.972948194,40.4097481,0.273550808,Michaung,Phase 1,1,39.6829758,1,3,337,0.2588190451025207,0.9659258262890684,40.244751,40.4340706,40.5543633,0.275809705,0.274204373,0.275609195,2.896234512,2.928879499,2.951767921,1009.683533,1009.205078,1009.374634,0.958342969,0.945302248,0.920996368,40.41106163333333,0.1560833222620141,40.67514356666667
2023-12-03 02:30:00,3.042574883,1011.321228,0.997648001,39.6829758,0.264441371,Michaung,Phase 1,1,35.3999863,2,3,337,0.4999999999999999,0.8660254037844387,40.4097481,40.244751,40.4340706,0.273550808,0.275809705,0.274204373,2.937039137,2.896234512,2.928879499,1010.384949,1009.683533,1009.205078,0.972948194,0.958342969,0.945302248,40.362856566666665,0.1030028623875468,40.60816385
2023-12-03 03:30:00,3.184580803,1012.178894,0.977680564,35.3999863,0.256808698,Michaung,Phase 1,1,31.8778362,3,3,337,0.7071067811865475,0.7071067811865476,39.6829758,40.4097481,40.244751,0.264441371,0.273550808,0.275809705,3.042574883,2.937039137,2.896234512,1011.321228,1010.384949,1009.683533,0.997648001,0.972948194,0.958342969,40.11249163333334,0.3810103660864716,40.36775781666667
2023-12-03 04:30:00,3.397219658,1012.450684,0.957433343,31.8778362,0.251470119,Michaung,Phase 1,1,30.1439819,4,3,337,0.8660254037844386,0.5000000000000001,35.3999863,39.6829758,40.4097481,0.256808698,0.264441371,0.273550808,3.184580803,3.042574883,2.937039137,1012.178894,1011.321228,1010.384949,0.977680564,0.997648001,0.972948194,38.49757006666667,2.707086697475663,39.45431585
2023-12-03 05:30:00,3.508947849,1012.032959,0.971959889,30.1439819,0.249332204,Michaung,Phase 1,1,29.4814301,5,3,337,0.9659258262890684,0.2588190451025207,31.8778362,35.3999863,39.6829758,0.251470119,0.256808698,0.264441371,3.397219658,3.184580803,3.042574883,1012.450684,1012.178894,1011.321228,0.957433343,0.977680564,0.997648001,35.65359943333333,3.908745420198357,38.008228
2023-12-03 06:30:00,3.519236088,1011.267273,0.991305232,29.4814301,0.253007025,Michaung,Phase 2,2,28.7864876,6,3,337,1.0,6.123233995736766e-17,30.1439819,31.8778362,35.3999863,0.249332204,0.251470119,0.256808698,3.508947849,3.397219658,3.184580803,1012.032959,1012.450684,1012.178894,0.971959889,0.957433343,0.977680564,32.4739348,2.6782262262356653,36.293213216666665
2023-12-03 07:30:00,3.464085579,1010.225952,1.076787114,28.7864876,0.253232569,Michaung,Phase 2,2,28.333025,7,3,337,0.9659258262890684,-0.258819045,29.4814301,30.1439819,31.8778362,0.253007025,0.249332204,0.251470119,3.519236088,3.508947849,3.397219658,1011.267273,1012.032959,1012.450684,0.991305232,0.971959889,0.957433343,30.50108273333333,1.2374697179749687,34.4993264
2023-12-03 08:30:00,3.385301113,1009.269348,1.092915177,28.333025,0.253334969,Michaung,Phase 2,2,28.084259,8,3,337,0.8660254037844387,-0.5,28.7864876,29.4814301,30.1439819,0.253232569,0.253007025,0.249332204,3.464085579,3.519236088,3.508947849,1010.225952,1011.267273,1012.032959,1.076787114,0.991305232,0.971959889,29.4706332,0.6788115522150101,32.56211631666667
2023-12-03 09:30:00,3.285069942,1008.591431,1.120022893,28.084259,0.258791625,Michaung,Phase 2,2,28.2210178,9,3,337,0.7071067811865476,-0.707106781,28.333025,28.7864876,29.4814301,0.253334969,0.253232569,0.253007025,3.385301113,3.464085579,3.519236088,1009.269348,1010.225952,1011.267273,1.092915177,1.076787114,0.991305232,28.8669809,0.5784184877192201,30.67045785
2023-12-03 10:30:00,2.683870554,1008.23822,1.130205035,28.2210178,0.257324696,Michaung,Phase 2,2,29.0650272,10,3,337,0.4999999999999999,-0.866025404,28.084259,28.333025,28.7864876,0.258791625,0.253334969,0.253232569,3.285069942,3.385301113,3.464085579,1008.591431,1009.269348,1010.225952,1.120022893,1.092915177,1.076787114,28.4012572,0.3560519295023351,29.45116996666667
2023-12-03 11:30:00,2.685622454,1008.367188,1.162293196,29.0650272,0.253080875,Michaung,Phase 2,2,30.9172859,11,3,337,0.258819045,-0.965925826,28.2210178,28.084259,28.333025,0.257324696,0.258791625,0.253334969,2.683870554,3.285069942,3.385301113,1008.23822,1008.591431,1009.269348,1.130205035,1.120022893,1.092915177,28.212767266666663,0.1245880578724403,28.841700233333334
2023-12-03 12:30:00,2.601436853,1008.880676,1.103271246,30.9172859,0.250260592,Michaung,Phase 2,2,32.6265526,12,3,337,1.2246467991473532e-16,-1.0,29.0650272,28.2210178,28.084259,0.253080875,0.257324696,0.258791625,2.685622454,2.683870554,3.285069942,1008.367188,1008.23822,1008.591431,1.162293196,1.130205035,1.120022893,28.456768,0.5311875216277728,28.66187445
2023-12-03 13:30:00,2.643883467,1009.556702,1.060942292,32.6265526,0.249713197,Michaung,Phase 2,2,33.8858452,13,3,337,-0.258819045,-0.965925826,30.9172859,29.0650272,28.2210178,0.250260592,0.253080875,0.257324696,2.601436853,2.685622454,2.683870554,1008.880676,1008.367188,1008.23822,1.103271246,1.162293196,1.130205035,29.4011103,1.379195165431215,28.90118375
2023-12-03 14:30:00,2.718403101,1010.135376,1.032361507,33.8858452,0.250479996,Michaung,Phase 2,2,34.8678246,14,3,337,-0.5,-0.866025404,32.6265526,30.9172859,29.0650272,0.249713197,0.250260592,0.253080875,2.643883467,2.601436853,2.685622454,1009.556702,1008.880676,1008.367188,1.060942292,1.103271246,1.162293196,30.8696219,1.781241052,29.541194583333333
2023-12-03 15:30:00,2.762008667,1010.794556,0.998007357,34.8678246,0.252013981,Michaung,Phase 2,2,35.4708519,15,3,337,-0.707106781,-0.707106781,33.8858452,32.6265526,30.9172859,0.250479996,0.249713197,0.250260592,2.718403101,2.643883467,2.601436853,1010.135376,1009.556702,1008.880676,1.032361507,1.060942292,1.103271246,32.476561233333335,1.489952729773761,30.466664616666662
2023-12-03 16:30:00,2.792467356,1011.033203,0.977808475,35.4708519,0.252332419,Michaung,Phase 2,2,35.7998695,16,3,337,-0.866025404,-0.5,34.8678246,33.8858452,32.6265526,0.252013981,0.250479996,0.249713197,2.762008667,2.718403101,2.643883467,1010.794556,1010.135376,1009.556702,0.998007357,1.032361507,1.060942292,33.79340746666667,1.123491697968492,31.59725888333333
2023-12-03 17:30:00,2.774824858,1010.700989,0.96086973,35.7998695,0.251672179,Michaung,Phase 2,2,36.0341339,17,3,337,-0.965925826,-0.258819045,35.4708519,34.8678246,33.8858452,0.252332419,0.252013981,0.250479996,2.792467356,2.762008667,2.718403101,1011.033203,1010.794556,1010.135376,0.977808475,0.998007357,1.032361507,34.74150723333333,0.8000178858017454,32.80556456666667
2023-12-03 18:30:00,2.708952904,1010.233643,0.904901564,36.0341339,0.252209634,Michaung,Phase 2,2,36.3658257,18,3,337,-1.0,-1.84e-16,35.7998695,35.4708519,34.8678246,0.251672179,0.252332419,0.252013981,2.774824858,2.792467356,2.762008667,1010.700989,1011.033203,1010.794556,0.96086973,0.977808475,0.998007357,35.37951533333333,0.4726877407042824,33.928038283333336
2023-12-03 19:30:00,2.644151449,1009.876953,0.79322964,36.3658257,0.254767299,Michaung,Phase 2,2,36.4377632,19,3,337,-0.965925826,0.2588190451025203,36.0341339,35.7998695,35.4708519,0.252209634,0.251672179,0.252332419,2.708952904,2.774824858,2.792467356,1010.233643,1010.700989,1011.033203,0.904901564,0.96086973,0.977808475,35.76828510000001,0.2829661351183218,34.780846283333325
2023-12-03 20:30:00,2.593148947,1009.375854,0.789348483,36.4377632,0.256127983,Michaung,Phase 2,2,36.1190605,20,3,337,-0.866025404,0.5000000000000001,36.3658257,36.0341339,35.7998695,0.254767299,0.252209634,0.251672179,2.644151449,2.708952904,2.774824858,1009.876953,1010.233643,1010.700989,0.79322964,0.904901564,0.96086973,36.06660970000001,0.2843723145264464,35.40405846666667
2023-12-03 21:30:00,2.551960707,1008.953186,0.786178648,36.1190605,0.256724089,Michaung,Phase 2,2,35.5579414,21,3,337,-0.707106781,0.7071067811865474,36.4377632,36.3658257,36.0341339,0.256127983,0.254767299,0.252209634,2.593148947,2.644151449,2.708952904,1009.375854,1009.876953,1010.233643,0.789348483,0.79322964,0.904901564,36.27924093333333,0.2152947846998495,35.829378133333336
2023-12-03 22:30:00,2.44078207,1008.537048,0.78731668,35.5579414,0.256848454,Michaung,Phase 2,2,34.8909798,22,3,337,-0.5,0.8660254037844384,36.1190605,36.4377632,36.3658257,0.256724089,0.256127983,0.254767299,2.551960707,2.593148947,2.644151449,1008.953186,1009.375854,1009.876953,0.786178648,0.789348483,0.79322964,36.3075498,0.1671523650377751,36.03791745
2023-12-03 23:30:00,2.501262426,1008.426392,0.792472601,34.8909798,0.25758636,Michaung,Phase 2,2,34.7448311,23,3,337,-0.258819045,0.965925826289068,35.5579414,36.1190605,36.4377632,0.256848454,0.256724089,0.256127983,2.44078207,2.551960707,2.593148947,1008.537048,1008.953186,1009.375854,0.78731668,0.786178648,0.789348483,36.038255033333336,0.4454421876310258,36.052432366666665
2023-12-04 00:30:00,2.540627956,1008.883118,0.794478655,34.7448311,0.261517078,Michaung,Phase 2,2,35.3131256,0,4,338,0.0,1.0,34.8909798,35.5579414,36.1190605,0.25758636,0.256848454,0.256724089,2.501262426,2.44078207,2.551960707,1008.426392,1008.537048,1008.953186,0.792472601,0.78731668,0.786178648,35.522660566666666,0.6148000523169573,35.90095075
2023-12-04 01:30:00,2.571201563,1009.456665,0.762494206,35.3131256,0.261887401,Michaung,Phase 2,2,36.1992607,1,4,338,0.2588190451025207,0.9659258262890684,34.7448311,34.8909798,35.5579414,0.261517078,0.25758636,0.256848454,2.540627956,2.501262426,2.44078207,1008.883118,1008.426392,1008.537048,0.794478655,0.792472601,0.78731668,35.0645841,0.4334638736107973,35.68606695
2023-12-04 02:30:00,2.66554594,1010.222717,0.740662277,36.1992607,0.254788965,Michaung,Phase 2,2,34.5875168,2,4,338,0.4999999999999999,0.8660254037844387,35.3131256,34.7448311,34.8909798,0.261887401,0.261517078,0.25758636,2.571201563,2.540627956,2.501262426,1009.456665,1008.883118,1008.426392,0.762494206,0.794478655,0.792472601,34.982978833333334,0.2951059577229013,35.51061693333333
2023-12-04 03:30:00,2.730791569,1010.968994,0.75646621,34.5875168,0.25033623,Michaung,Phase 2,2,32.6672058,3,4,338,0.7071067811865475,0.7071067811865476,36.1992607,35.3131256,34.7448311,0.254788965,0.261887401,0.261517078,2.66554594,2.571201563,2.540627956,1010.222717,1009.456665,1008.883118,0.740662277,0.762494206,0.794478655,35.41907246666667,0.7329801629353219,35.47086651666667
2023-12-04 04:30:00,2.831991196,1011.289856,0.765809357,32.6672058,0.242772549,Michaung,Phase 2,2,31.667366,4,4,338,0.8660254037844386,0.5000000000000001,34.5875168,36.1992607,35.3131256,0.25033623,0.254788965,0.261887401,2.730791569,2.66554594,2.571201563,1010.968994,1010.222717,1009.456665,0.75646621,0.740662277,0.762494206,35.366634366666666,0.8072031905782616,35.21560923333333
2023-12-04 05:30:00,2.920578718,1011.017517,0.781402409,31.667366,0.237920538,Michaung,Phase 2,2,31.2542267,5,4,338,0.9659258262890684,0.2588190451025207,32.6672058,34.5875168,36.1992607,0.242772549,0.25033623,0.254788965,2.831991196,2.730791569,2.66554594,1011.289856,1010.968994,1010.222717,0.765809357,0.75646621,0.740662277,34.484661100000004,1.7682724409492594,34.733819966666665
2023-12-04 06:30:00,2.922852278,1010.323059,0.790864229,31.2542267,0.241981238,Michaung,Phase 2,2,30.587101,6,4,338,1.0,6.123233995736766e-17,31.667366,32.6672058,34.5875168,0.237920538,0.242772549,0.25033623,2.920578718,2.831991196,2.730791569,1011.017517,1011.289856,1010.968994,0.781402409,0.765809357,0.75646621,32.974029533333336,1.484057201117215,34.196551
2023-12-04 07:30:00,2.872052193,1009.258911,0.727526128,30.587101,0.237423316,Michaung,Phase 2,2,30.2370548,7,4,338,0.9659258262890684,-0.258819045,31.2542267,31.667366,32.6672058,0.241981238,0.237920538,0.242772549,2.922852278,2.920578718,2.831991196,1010.323059,1011.017517,1011.289856,0.790864229,0.781402409,0.765809357,31.862932833333332,0.7265068987865538,33.6147836
2023-12-04 08:30:00,2.75289011,1008.324829,0.787617683,30.2370548,0.23396033,Michaung,Phase 2,2,30.1715736,8,4,338,0.8660254037844387,-0.5,30.587101,31.2542267,31.667366,0.237423316,0.241981238,0.237920538,2.872052193,2.922852278,2.920578718,1009.258911,1010.323059,1011.017517,0.727526128,0.790864229,0.781402409,31.16956456666667,0.5450861172070844,32.82711283333333
2023-12-04 09:30:00,2.669551134,1007.705566,0.817220867,30.1715736,0.231199875,Michaung,Phase 2,2,30.1470261,9,4,338,0.7071067811865476,-0.707106781,30.2370548,30.587101,31.2542267,0.23396033,0.237423316,0.241981238,2.75289011,2.872052193,2.922852278,1008.324829,1009.258911,1010.323059,0.787617683,0.727526128,0.790864229,30.69279416666667,0.5167571505529968,31.83341185
2023-12-04 10:30:00,1.976701021,1007.673218,0.814469635,30.1470261,0.225762993,Michaung,Phase 2,2,30.2539082,10,4,338,0.4999999999999999,-0.866025404,30.1715736,30.2370548,30.587101,0.231199875,0.23396033,0.237423316,2.669551134,2.75289011,2.872052193,1007.705566,1008.324829,1009.258911,0.817220867,0.787617683,0.727526128,30.3319098,0.2234140960339534,31.09742131666667
2023-12-04 11:30:00,2.00807023,1008.06073,0.806237757,30.2539082,0.220809788,Michaung,Phase 2,2,31.7026558,11,4,338,0.258819045,-0.965925826,30.1470261,30.1715736,30.2370548,0.225762993,0.231199875,0.23396033,1.976701021,2.669551134,2.75289011,1007.673218,1007.705566,1008.324829,0.814469635,0.817220867,0.787617683,30.18521816666667,0.046539471,30.677391366666665
2023-12-04 12:30:00,2.122766733,1008.531616,0.803703964,31.7026558,0.218281075,Michaung,Phase 2,2,33.2744064,12,4,338,1.2246467991473532e-16,-1.0,30.2539082,30.1470261,30.1715736,0.220809788,0.225762993,0.231199875,2.00807023,1.976701021,2.669551134,1008.06073,1007.673218,1007.705566,0.806237757,0.814469635,0.817220867,30.19083596666667,0.055984149,30.441815066666667
2023-12-04 13:30:00,2.306802988,1009.232056,0.802577198,33.2744064,0.217759222,Michaung,Phase 2,2,34.750164,13,4,338,-0.258819045,-0.965925826,31.7026558,30.2539082,30.1470261,0.218281075,0.220809788,0.225762993,2.122766733,2.00807023,1.976701021,1008.531616,1008.06073,1007.673218,0.803703964,0.806237757,0.814469635,30.7011967,0.8689339402710311,30.51655325
2023-12-04 14:30:00,2.434746981,1009.76947,0.775667429,34.750164,0.217012942,Michaung,Phase 2,2,35.7024803,14,4,338,-0.5,-0.866025404,33.2744064,31.7026558,30.2539082,0.217759222,0.218281075,0.220809788,2.306802988,2.122766733,2.00807023,1009.232056,1008.531616,1008.06073,0.802577198,0.803703964,0.806237757,31.7436568,1.5106664607224856,30.96443748333333
2023-12-04 15:30:00,2.564803123,1010.291626,0.761217117,35.7024803,0.214727253,Michaung,Phase 2,2,36.239315,15,4,338,-0.707106781,-0.707106781,34.750164,33.2744064,31.7026558,0.217012942,0.217759222,0.218281075,2.434746981,2.306802988,2.122766733,1009.76947,1009.232056,1008.531616,0.775667429,0.802577198,0.803703964,33.242408733333335,1.524006051586136,31.71662235
2023-12-04 16:30:00,2.662812948,1010.349243,0.72415483,36.239315,0.211107016,Michaung,Phase 2,2,36.4382706,16,4,338,-0.866025404,-0.5,35.7024803,34.750164,33.2744064,0.214727253,0.217012942,0.217759222,2.564803123,2.434746981,2.306802988,1010.291626,1009.76947,1009.232056,0.761217117,0.775667429,0.802577198,34.57568356666667,1.2234043821148133,32.638440133333326
2023-12-04 17:30:00,2.693989277,1010.072266,0.715460956,36.4382706,0.206938565,Michaung,Phase 2,2,36.5785446,17,4,338,-0.965925826,-0.258819045,36.239315,35.7024803,34.750164,0.211107016,0.214727253,0.217012942,2.662812948,2.564803123,2.434746981,1010.349243,1010.291626,1009.76947,0.72415483,0.761217117,0.775667429,35.56398643333333,0.7541737787332269,33.65382161666667
2023-12-04 18:30:00,2.692829847,1009.530212,0.720421195,36.5785446,0.205614984,Michaung,Phase 2,2,37.089489,18,4,338,-1.0,-1.84e-16,36.4382706,36.239315,35.7024803,0.206938565,0.211107016,0.214727253,2.693989277,2.662812948,2.564803123,1010.072266,1010.349243,1010.291626,0.715460956,0.72415483,0.761217117,36.12668863333334,0.380605261715105,34.68454868333333
2023-12-04 19:30:00,2.651198626,1008.977722,0.525432408,37.089489,0.203352049,Michaung,Phase 2,2,37.3393402,19,4,338,-0.965925826,0.2588190451025203,36.5785446,36.4382706,36.239315,0.205614984,0.206938565,0.211107016,2.692829847,2.693989277,2.662812948,1009.530212,1010.072266,1010.349243,0.720421195,0.715460956,0.72415483,36.41871006666668,0.1704586202793981,35.497196816666666
2023-12-04 20:30:00,2.555190563,1008.605286,0.534020245,37.3393402,0.2008553,Michaung,Phase 2,2,37.3025055,20,4,338,-0.866025404,0.5000000000000001,37.089489,36.5785446,36.4382706,0.203352049,0.205614984,0.206938565,2.651198626,2.692829847,2.693989277,1008.977722,1009.530212,1010.072266,0.525432408,0.720421195,0.715460956,36.7021014,0.3427405188252834,36.13304391666667
2023-12-04 21:30:00,2.425258875,1008.214478,0.541384161,37.3025055,0.200342089,Michaung,Phase 2,2,37.1297646,21,4,338,-0.707106781,0.7071067811865474,37.3393402,37.089489,36.5785446,0.2008553,0.203352049,0.205614984,2.555190563,2.651198626,2.692829847,1008.605286,1008.977722,1009.530212,0.534020245,0.525432408,0.720421195,37.00245793333334,0.3877928456908438,36.56457328333334
2023-12-04 22:30:00,1.98486793,1007.62085,0.565164208,37.1297646,0.198067024,Michaung,Phase 2,2,36.4846268,22,4,338,-0.5,0.8660254037844384,37.3025055,37.3393402,37.089489,0.200342089,0.2008553,0.203352049,2.425258875,2.555190563,2.651198626,1008.214478,1008.605286,1008.977722,0.541384161,0.534020245,0.525432408,37.24377823333334,0.1348817052949518,36.83124415
2023-12-04 23:30:00,2.002305508,1007.798584,0.599374592,36.4846268,0.195255518,Michaung,Phase 2,2,36.7642479,23,4,338,-0.258819045,0.965925826289068,37.1297646,37.3025055,37.3393402,0.198067024,0.200342089,0.2008553,1.98486793,2.425258875,2.555190563,1007.62085,1008.214478,1008.605286,0.565164208,0.541384161,0.534020245,37.25720343333334,0.1118914248830276,36.97965241666667
2023-12-05 00:30:00,1.998796225,1008.272644,0.575615525,36.7642479,0.194940537,Michaung,Phase 2,2,37.0985527,0,5,339,0.0,1.0,36.4846268,37.1297646,37.3025055,0.195255518,0.198067024,0.200342089,2.002305508,1.98486793,2.425258875,1007.798584,1007.62085,1008.214478,0.599374592,0.565164208,0.541384161,36.97229896666667,0.4310776742531786,36.98737845
2023-12-05 01:30:00,2.003256321,1009.049683,0.548914373,37.0985527,0.19399789,Michaung,Phase 2,2,37.7374611,1,5,339,0.2588190451025207,0.9659258262890684,36.7642479,36.4846268,37.1297646,0.194940537,0.195255518,0.198067024,1.998796225,2.002305508,1.98486793,1008.272644,1007.798584,1007.62085,0.575615525,0.599374592,0.565164208,36.79287976666668,0.3235205296254423,37.018329
2023-12-05 02:30:00,2.032672167,1009.963257,0.506254435,37.7374611,0.189750165,Michaung,Phase 2,2,37.8110542,2,5,339,0.4999999999999999,0.8660254037844387,37.0985527,36.7642479,36.4846268,0.19399789,0.194940537,0.195255518,2.003256321,1.998796225,2.002305508,1009.049683,1008.272644,1007.798584,0.548914373,0.575615525,0.599374592,36.78247580000001,0.307368582,37.019839616666665
2023-12-05 03:30:00,2.030977488,1010.670105,0.476156473,37.8110542,0.189716548,Michaung,Phase 2,2,35.4442673,3,5,339,0.7071067811865475,0.7071067811865476,37.7374611,37.0985527,36.7642479,0.189750165,0.19399789,0.194940537,2.032672167,2.003256321,1.998796225,1009.963257,1009.049683,1008.272644,0.506254435,0.548914373,0.575615525,37.200087233333335,0.494487542065806,37.0861931
2023-12-05 04:30:00,2.003394604,1010.886963,0.422423452,35.4442673,0.185617089,Michaung,Phase 2,2,33.9421349,4,5,339,0.8660254037844386,0.5000000000000001,37.8110542,37.7374611,37.0985527,0.189716548,0.189750165,0.19399789,2.030977488,2.032672167,2.003256321,1010.670105,1009.963257,1009.049683,0.476156473,0.506254435,0.548914373,37.54902266666667,0.3918499448050452,37.170951216666666
2023-12-05 05:30:00,1.952941418,1010.738831,0.385516077,33.9421349,0.183100522,Michaung,Phase 2,2,33.8825226,5,5,339,0.9659258262890684,0.2588190451025207,35.4442673,37.8110542,37.7374611,0.185617089,0.189716548,0.189750165,2.003394604,2.030977488,2.032672167,1010.886963,1010.670105,1009.963257,0.422423452,0.476156473,0.506254435,36.99759420000001,1.3457237197099243,36.890035000000005
2023-12-05 06:30:00,1.907983184,1009.95459,0.370181829,33.8825226,0.217170298,Michaung,Phase 2,2,33.3011017,6,5,339,1.0,6.123233995736766e-17,33.9421349,35.4442673,37.8110542,0.183100522,0.185617089,0.189716548,1.952941418,2.003394604,2.030977488,1010.738831,1010.886963,1010.670105,0.385516077,0.422423452,0.476156473,35.732485466666674,1.950496455053412,36.46628635
2023-12-05 07:30:00,1.899475217,1008.993835,0.389470279,33.3011017,0.215653047,Michaung,Phase 2,2,33.1658058,7,5,339,0.9659258262890684,-0.258819045,33.8825226,33.9421349,35.4442673,0.217170298,0.183100522,0.185617089,1.907983184,1.952941418,2.003394604,1009.95459,1010.738831,1010.886963,0.370181829,0.385516077,0.422423452,34.422974933333336,0.8849672198656717,35.9859988
2023-12-05 08:30:00,1.914896727,1007.970215,0.412854254,33.1658058,0.212335348,Michaung,Phase 2,2,34.5376205,8,5,339,0.8660254037844387,-0.5,33.3011017,33.8825226,33.9421349,0.215653047,0.217170298,0.183100522,1.899475217,1.907983184,1.952941418,1008.993835,1009.95459,1010.738831,0.389470279,0.370181829,0.385516077,33.7085864,0.3541486158784679,35.3530903
2023-12-05 09:30:00,1.891282082,1007.436584,0.406328082,34.5376205,0.227066815,Michaung,Phase 2,2,34.976181,9,5,339,0.7071067811865476,-0.707106781,33.1658058,33.3011017,33.8825226,0.212335348,0.215653047,0.217170298,1.914896727,1.899475217,1.907983184,1007.970215,1008.993835,1009.95459,0.412854254,0.389470279,0.370181829,33.44981003333334,0.3807970183088158,34.59114775
2023-12-05 10:30:00,1.438483834,1007.246094,0.400878519,34.976181,0.224891588,Michaung,Phase 2,2,35.7457695,10,5,339,0.4999999999999999,-0.866025404,34.5376205,33.1658058,33.3011017,0.227066815,0.212335348,0.215653047,1.891282082,1.914896727,1.899475217,1007.436584,1007.970215,1008.993835,0.406328082,0.412854254,0.389470279,33.66817600000001,0.7559937493621464,34.04557546666667
2023-12-05 11:30:00,1.549749732,1007.754639,0.402741313,35.7457695,0.219536573,Michaung,Phase 2,2,37.0168457,11,5,339,0.258819045,-0.965925826,34.976181,34.5376205,33.1658058,0.224891588,0.227066815,0.212335348,1.438483834,1.891282082,1.914896727,1007.246094,1007.436584,1007.970215,0.400878519,0.406328082,0.412854254,34.22653576666667,0.9444283322088606,33.96756108333333
2023-12-05 12:30:00,1.709562659,1008.467896,0.395023286,37.0168457,0.218138561,Michaung,Phase 2,2,38.1758499,12,5,339,1.2246467991473532e-16,-1.0,35.7457695,34.976181,34.5376205,0.219536573,0.224891588,0.227066815,1.549749732,1.438483834,1.891282082,1007.754639,1007.246094,1007.436584,0.402741313,0.400878519,0.406328082,35.08652366666667,0.6115861587837282,34.26816685
2023-12-05 13:30:00,1.867826819,1009.338684,0.387774795,38.1758499,0.215385735,Michaung,Phase 2,2,39.2760506,13,5,339,-0.258819045,-0.965925826,37.0168457,35.7457695,34.976181,0.218138561,0.219536573,0.224891588,1.709562659,1.549749732,1.438483834,1008.467896,1007.754639,1007.246094,0.395023286,0.402741313,0.400878519,35.91293206666667,1.0305511133503866,34.79055403333333
2023-12-05 14:30:00,1.983694911,1010.314819,0.391987115,39.2760506,0.211327657,Michaung,Phase 2,2,39.7362099,14,5,339,-0.5,-0.866025404,38.1758499,37.0168457,35.7457695,0.215385735,0.218138561,0.219536573,1.867826819,1.709562659,1.549749732,1009.338684,1008.467896,1007.754639,0.387774795,0.395023286,0.402741313,36.97948836666667,1.215470841024842,35.60301206666667
2023-12-05 15:30:00,2.030290365,1010.827393,0.372555941,39.7362099,0.211760119,Michaung,Phase 2,2,39.6397667,15,5,339,-0.707106781,-0.707106781,39.2760506,38.1758499,37.0168457,0.211327657,0.215385735,0.218138561,1.983694911,1.867826819,1.709562659,1010.314819,1009.338684,1008.467896,0.391987115,0.387774795,0.395023286,38.156248733333335,1.129729989575959,36.6213862
2023-12-05 16:30:00,2.091756582,1011.113831,0.372959226,39.6397667,0.211226791,Michaung,Phase 2,2,39.1121483,16,5,339,-0.866025404,-0.5,39.7362099,39.2760506,38.1758499,0.211760119,0.211327657,0.215385735,2.030290365,1.983694911,1.867826819,1010.827393,1010.314819,1009.338684,0.372555941,0.391987115,0.387774795,39.06270346666667,0.8017596783802747,37.487817766666666
2023-12-05 17:30:00,2.12577486,1011.055176,0.391181111,39.1121483,0.208464146,Michaung,Phase 2,2,38.485302,17,5,339,-0.965925826,-0.258819045,39.6397667,39.7362099,39.2760506,0.211226791,0.211760119,0.211327657,2.091756582,2.030290365,1.983694911,1011.113831,1010.827393,1010.314819,0.372959226,0.372555941,0.391987115,39.55067573333334,0.2426716827333034,38.26508205
2023-12-05 18:30:00,2.105116844,1010.775879,0.401251882,38.485302,0.208846956,Michaung,Phase 3,3,38.5679665,18,5,339,-1.0,-1.84e-16,39.1121483,39.6397667,39.7362099,0.208464146,0.211226791,0.211760119,2.12577486,2.091756582,2.030290365,1011.055176,1011.113831,1010.827393,0.391181111,0.372959226,0.372555941,39.49604163333334,0.3359403090434082,38.82614518333333
2023-12-05 19:30:00,2.060891628,1010.377136,0.384390324,38.5679665,0.205801249,Michaung,Phase 3,3,38.4480057,19,5,339,-0.965925826,0.2588190451025203,38.485302,39.1121483,39.6397667,0.208846956,0.208464146,0.211226791,2.105116844,2.12577486,2.091756582,1010.775879,1011.055176,1011.113831,0.401251882,0.391181111,0.372959226,39.079072333333336,0.5779426447018825,39.0708879
2023-12-05 20:30:00,1.988760352,1009.936462,0.444832385,38.4480057,0.200114861,Michaung,Phase 3,3,37.9282112,20,5,339,-0.866025404,0.5000000000000001,38.5679665,38.485302,39.1121483,0.205801249,0.208846956,0.208464146,2.060891628,2.105116844,2.12577486,1010.377136,1010.775879,1011.055176,0.384390324,0.401251882,0.391181111,38.7218056,0.3405641238780266,39.136240666666666
2023-12-05 21:30:00,1.87449348,1009.557983,0.461798102,37.9282112,0.200364307,Michaung,Phase 3,3,36.6907883,21,5,339,-0.707106781,0.7071067811865474,38.4480057,38.5679665,38.485302,0.200114861,0.205801249,0.208846956,1.988760352,2.060891628,2.105116844,1009.936462,1010.377136,1010.775879,0.444832385,0.384390324,0.401251882,38.50042473333334,0.061393576,38.99823318333333
2023-12-05 22:30:00,1.224479795,1009.39502,0.486542404,36.6907883,0.197220191,Michaung,Phase 3,3,35.8860855,22,5,339,-0.5,0.8660254037844384,37.9282112,38.4480057,38.5679665,0.200364307,0.200114861,0.205801249,1.87449348,1.988760352,2.060891628,1009.557983,1009.936462,1010.377136,0.461798102,0.444832385,0.384390324,38.31472780000001,0.340064641,38.69690006666666
2023-12-05 23:30:00,1.193159461,1009.51947,0.487940162,35.8860855,0.190667748,Michaung,Phase 3,3,35.5422554,23,5,339,-0.258819045,0.965925826289068,36.6907883,37.9282112,38.4480057,0.197220191,0.200364307,0.200114861,1.224479795,1.87449348,1.988760352,1009.39502,1009.557983,1009.936462,0.486542404,0.461798102,0.444832385,37.689001733333335,0.9027010160751888,38.20540366666667
2023-12-06 00:30:00,1.25753057,1009.832764,0.500177085,35.5422554,0.190467969,Michaung,Phase 3,3,35.2619438,0,6,340,0.0,1.0,35.8860855,36.6907883,37.9282112,0.190667748,0.197220191,0.200364307,1.193159461,1.224479795,1.87449348,1009.51947,1009.39502,1009.557983,0.487940162,0.486542404,0.461798102,36.83502833333333,1.028675475581292,37.66772653333334
2023-12-06 01:30:00,1.302931309,1010.790527,0.471818656,35.2619438,0.187243551,Michaung,Phase 3,3,35.6047211,1,6,340,0.2588190451025207,0.9659258262890684,35.5422554,35.8860855,36.6907883,0.190467969,0.190667748,0.197220191,1.25753057,1.193159461,1.224479795,1009.832764,1009.51947,1009.39502,0.500177085,0.487940162,0.486542404,36.03970973333334,0.5894762585518746,37.17721876666667
2023-12-06 02:30:00,1.341513515,1011.622681,0.435671419,35.6047211,0.179446772,Michaung,Phase 3,3,35.2546768,2,6,340,0.4999999999999999,0.8660254037844387,35.2619438,35.5422554,35.8860855,0.187243551,0.190467969,0.190667748,1.302931309,1.25753057,1.193159461,1010.790527,1009.832764,1009.51947,0.471818656,0.500177085,0.487940162,35.56342823333334,0.3126090722828027,36.62621498333333
2023-12-06 03:30:00,1.384781241,1012.317139,0.42245245,35.2546768,0.182209015,Michaung,Phase 3,3,33.7806206,3,6,340,0.7071067811865475,0.7071067811865476,35.6047211,35.2619438,35.5422554,0.179446772,0.187243551,0.190467969,1.341513515,1.302931309,1.25753057,1011.622681,1010.790527,1009.832764,0.435671419,0.471818656,0.500177085,35.4696401,0.1825617859648097,36.15233421666667
2023-12-06 04:30:00,1.43446672,1012.746155,0.394804597,33.7806206,0.179480359,Michaung,Phase 3,3,31.5692253,4,6,340,0.8660254037844386,0.5000000000000001,35.2546768,35.6047211,35.2619438,0.182209015,0.179446772,0.187243551,1.384781241,1.341513515,1.302931309,1012.317139,1011.622681,1010.790527,0.42245245,0.435671419,0.471818656,35.373780566666674,0.2000333716526651,35.70674515
2023-12-06 05:30:00,1.413527727,1012.350342,0.406552255,31.5692253,0.175046474,Michaung,Phase 3,3,30.0410366,5,6,340,0.9659258262890684,0.2588190451025207,33.7806206,35.2546768,35.6047211,0.179480359,0.182209015,0.179446772,1.43446672,1.384781241,1.341513515,1012.746155,1012.317139,1011.622681,0.394804597,0.42245245,0.435671419,34.88000616666667,0.9680491832221771,35.2217172
2023-12-06 06:30:00,1.344370484,1011.628296,0.389997989,30.0410366,0.174416363,Michaung,Phase 3,3,29.0906982,6,6,340,1.0,6.123233995736766e-17,31.5692253,33.7806206,35.2546768,0.175046474,0.179480359,0.182209015,1.413527727,1.43446672,1.384781241,1012.350342,1012.746155,1012.317139,0.406552255,0.394804597,0.42245245,33.534840900000006,1.8549781495781512,34.5022405
2023-12-06 07:30:00,1.297270656,1010.583252,0.333182305,29.0906982,0.174225226,Michaung,Phase 3,3,28.5650978,7,6,340,0.9659258262890684,-0.258819045,30.0410366,31.5692253,33.7806206,0.174416363,0.175046474,0.179480359,1.344370484,1.413527727,1.43446672,1011.628296,1012.350342,1012.746155,0.389997989,0.406552255,0.394804597,31.79696083333334,1.8801648140844465,33.5853707
2023-12-06 08:30:00,1.243963361,1009.521118,0.352254778,28.5650978,0.172020361,Michaung,Phase 3,3,30.315567,8,6,340,0.8660254037844387,-0.5,29.0906982,30.0410366,31.5692253,0.174225226,0.174416363,0.175046474,1.297270656,1.344370484,1.413527727,1010.583252,1011.628296,1012.350342,0.333182305,0.389997989,0.406552255,30.233653366666672,1.250439946762606,32.55682976666667
2023-12-06 09:30:00,1.21198523,1008.907288,0.340772122,30.315567,0.201949075,Michaung,Phase 3,3,30.2245255,9,6,340,0.7071067811865476,-0.707106781,28.5650978,29.0906982,30.0410366,0.172020361,0.174225226,0.174416363,1.243963361,1.297270656,1.344370484,1009.521118,1010.583252,1011.628296,0.352254778,0.333182305,0.389997989,29.232277533333345,0.7480858012667455,31.38355921666667
2023-12-06 10:30:00,0.558955371,1008.645386,0.356104672,30.2245255,0.203420088,Michaung,Phase 3,3,30.2968807,10,6,340,0.4999999999999999,-0.866025404,30.315567,28.5650978,29.0906982,0.201949075,0.172020361,0.174225226,1.21198523,1.243963361,1.297270656,1008.907288,1009.521118,1010.583252,0.340772122,0.352254778,0.333182305,29.323787666666675,0.8982113502069484,30.56037425
2023-12-06 11:30:00,0.520501494,1009.202576,0.333824068,30.2968807,0.202025011,Michaung,Phase 3,3,30.8000584,11,6,340,0.258819045,-0.965925826,30.2245255,30.315567,28.5650978,0.203420088,0.201949075,0.172020361,0.558955371,1.21198523,1.243963361,1008.645386,1008.907288,1009.521118,0.356104672,0.340772122,0.352254778,29.7017301,0.985404423,29.967691733333336
2023-12-06 12:30:00,0.702949524,1009.816345,0.298934191,30.8000584,0.205067232,Michaung,Phase 3,3,32.1205406,12,6,340,1.2246467991473532e-16,-1.0,30.2968807,30.2245255,30.315567,0.202025011,0.203420088,0.201949075,0.520501494,0.558955371,1.21198523,1009.202576,1008.645386,1008.907288,0.333824068,0.356104672,0.340772122,30.278991066666677,0.0480850071892496,29.7556343
2023-12-06 13:30:00,1.001998782,1010.728882,0.289144278,32.1205406,0.204864219,Michaung,Phase 3,3,32.998867,13,6,340,-0.258819045,-0.965925826,30.8000584,30.2968807,30.2245255,0.205067232,0.202025011,0.203420088,0.702949524,0.520501494,0.558955371,1009.816345,1009.202576,1008.645386,0.298934191,0.333824068,0.356104672,30.440488200000004,0.3134914118249796,29.882137933333336
2023-12-06 14:30:00,1.306313753,1011.655029,0.275515258,32.998867,0.200637519,Michaung,Phase 3,3,33.6779785,14,6,340,-0.5,-0.866025404,32.1205406,30.8000584,30.2968807,0.204864219,0.205067232,0.202025011,1.001998782,0.702949524,0.520501494,1010.728882,1009.816345,1009.202576,0.289144278,0.298934191,0.333824068,31.072493233333336,0.9418595497882132,30.38711166666667
2023-12-06 15:30:00,1.474125981,1012.314453,0.256341398,33.6779785,0.20108071,Michaung,Phase 3,3,33.9935379,15,6,340,-0.707106781,-0.707106781,32.998867,32.1205406,30.8000584,0.200637519,0.204864219,0.205067232,1.306313753,1.001998782,0.702949524,1011.655029,1010.728882,1009.816345,0.275515258,0.289144278,0.298934191,31.97315533333333,1.1067888811699966,31.1260732
2023-12-06 16:30:00,1.658269167,1012.684143,0.231942609,33.9935379,0.199513197,Michaung,Phase 3,3,33.8625031,16,6,340,-0.866025404,-0.5,33.6779785,32.998867,32.1205406,0.20108071,0.200637519,0.204864219,1.474125981,1.306313753,1.001998782,1012.314453,1011.655029,1010.728882,0.256341398,0.275515258,0.289144278,32.93246203333334,0.7808395595689673,31.686475116666667
2023-12-06 17:30:00,1.688483596,1012.549438,0.240580648,33.8625031,0.194860101,Michaung,Phase 3,3,33.3607826,17,6,340,-0.965925826,-0.258819045,33.9935379,33.6779785,32.998867,0.199513197,0.20108071,0.200637519,1.658269167,1.474125981,1.306313753,1012.684143,1012.314453,1011.655029,0.231942609,0.256341398,0.275515258,33.55679446666667,0.5082880357417104,32.31464385
2023-12-06 18:30:00,1.65120542,1012.087585,0.235481933,33.3607826,0.196157783,Michaung,Phase 3,3,33.0071106,18,6,340,-1.0,-1.84e-16,33.8625031,33.9935379,33.6779785,0.194860101,0.199513197,0.20108071,1.688483596,1.658269167,1.474125981,1012.549438,1012.684143,1012.314453,0.240580648,0.231942609,0.256341398,33.844673166666674,0.1585334779293046,32.90891425
2023-12-06 19:30:00,1.593259573,1011.606934,0.243253186,33.0071106,0.194124594,Michaung,Phase 3,3,32.4459801,19,6,340,-0.965925826,0.2588190451025203,33.3607826,33.8625031,33.9935379,0.196157783,0.194860101,0.199513197,1.65120542,1.688483596,1.658269167,1012.087585,1012.549438,1012.684143,0.235481933,0.240580648,0.231942609,33.738941200000006,0.3339842432937453,33.33570161666666
2023-12-06 20:30:00,1.493400335,1011.006409,0.282804579,32.4459801,0.187806875,Michaung,Phase 3,3,31.880003,20,6,340,-0.866025404,0.5000000000000001,33.0071106,33.3607826,33.8625031,0.194124594,0.196157783,0.194860101,1.593259573,1.65120542,1.688483596,1011.606934,1012.087585,1012.549438,0.243253186,0.235481933,0.240580648,33.410132100000006,0.4298262580706409,33.48346328333333
2023-12-06 21:30:00,1.344077945,1010.63678,0.285366476,31.880003,0.188377053,Michaung,Phase 3,3,31.2596378,21,6,340,-0.707106781,0.7071067811865474,32.4459801,33.0071106,33.3607826,0.187806875,0.194124594,0.196157783,1.493400335,1.593259573,1.65120542,1011.006409,1011.606934,1012.087585,0.282804579,0.243253186,0.235481933,32.93795776666667,0.4613052018678412,33.39131546666667
2023-12-06 22:30:00,0.833165765,1010.460327,0.259845704,31.2596378,0.185898781,Michaung,Phase 3,3,30.909935,22,6,340,-0.5,0.8660254037844384,31.880003,32.4459801,33.0071106,0.188377053,0.187806875,0.194124594,1.344077945,1.493400335,1.593259573,1010.63678,1011.006409,1011.606934,0.285366476,0.282804579,0.243253186,32.44436456666667,0.5635555367092322,33.09165288333333
